t,Tv,Ti,absdT
0,1.33333333333333,1,0.333333333333334
0.00359999999999796,1.33293381333333,1.00039952,0.332534293333332
0.00719999999999592,1.33253525103072,1.00079808230262,0.331737168728096
0.0107999999999939,1.33213764412976,1.00119568920357,0.330941954926193
0.0143999999999918,1.33174099034027,1.00159234299307,0.330148647347199
0.0179999999999898,1.3313452873775,1.00198804595583,0.329357241421669
0.0215999999999878,1.33095053296222,1.00238280037111,0.328567732591111
0.0251999999999857,1.33055672482065,1.00277660851269,0.327780116307961
0.0287999999999837,1.33016386068445,1.00316947264889,0.326994388035556
0.0323999999999817,1.32977193829072,1.00356139504261,0.326210543248107
0.0359999999999796,1.32938095538201,1.00395237795133,0.325428577430675
0.0395999999999776,1.32899090970624,1.0043424236271,0.324648486079143
0.0431999999999755,1.32860179901676,1.00473153431657,0.323870264700191
0.0467999999999735,1.3282136210723,1.00511971226103,0.323093908811272
0.0503999999999715,1.32782637363696,1.00550695969638,0.322319413940581
0.0539999999999694,1.32744005448019,1.00589327885315,0.321546775627035
0.0575999999999674,1.32705466137679,1.00627867195655,0.320775989420242
0.0611999999999654,1.32667019210691,1.00666314122643,0.320007050880482
0.0647999999999633,1.326286644456,1.00704668887733,0.319239955578674
0.0683999999999613,1.32590401621485,1.00742931711849,0.318474699096356
0.0719999999999592,1.3255223051795,1.00781102815384,0.317711277025657
0.0755999999999572,1.3251415091513,1.00819182418203,0.316949684969272
0.0791999999999552,1.32476162593689,1.00857170739645,0.316189918540438
0.0827999999999531,1.32438265334812,1.00895067998522,0.315431973362905
0.0863999999999511,1.32400458920213,1.00932874413121,0.314675845070916
0.0899999999999491,1.32362743132126,1.00970590201208,0.313921529309178
0.093599999999947,1.32325117753309,1.01008215580025,0.313169021732839
0.097199999999945,1.3228758256704,1.01045750766294,0.312418318007462
0.100799999999943,1.32250137357117,1.01083195976217,0.311669413808998
0.104399999999941,1.32212781907855,1.01120551425478,0.310922304823767
0.107999999999939,1.32175516004088,1.01157817329245,0.310176986748427
0.111599999999937,1.32138339431164,1.01194993902169,0.309433455289951
0.115199999999935,1.32101251974947,1.01232081358387,0.308691706165605
0.118799999999933,1.32064253421813,1.01269079911521,0.30795173510292
0.122399999999931,1.3202734355865,1.01305989774683,0.307213537839669
0.125999999999929,1.31990522172859,1.01342811160475,0.306477110123842
0.129599999999927,1.31953789052348,1.01379544280986,0.305742447713621
0.133199999999925,1.31917143985535,1.01416189347799,0.305009546377356
0.136799999999923,1.31880586761344,1.0145274657199,0.304278401893543
0.140399999999921,1.31844117169206,1.01489216164127,0.303549010050794
0.143999999999918,1.31807734999058,1.01525598334276,0.30282136664782
0.147599999999916,1.31771440041337,1.01561893291997,0.3020954674934
0.151199999999914,1.31735232086985,1.01598101246349,0.301371308406361
0.154799999999912,1.31699110927444,1.01634222405889,0.300648885215553
0.15839999999991,1.31663076354658,1.01670256978676,0.299928193759824
0.161999999999908,1.31627128161067,1.01706205172267,0.299209229887997
0.165599999999906,1.31591266139609,1.01742067193724,0.298491989458847
0.169199999999904,1.3155549008372,1.01777843249613,0.297776468341074
0.172799999999902,1.31519799787331,1.01813533546003,0.297062662413283
0.1763999999999,1.31484195044865,1.01849138288469,0.296350567563957
0.179999999999898,1.31448675651239,1.01884657682095,0.295640179691437
0.183599999999896,1.31413241401861,1.01920091931472,0.294931494703894
0.187199999999894,1.31377892092632,1.01955441240701,0.294224508519308
0.190799999999892,1.31342627519939,1.01990705813395,0.293519217065445
0.19439999999989,1.31307447480658,1.02025885852675,0.292815616279832
0.197999999999888,1.31272351772153,1.0206098156118,0.292113702109734
0.201599999999886,1.31237340192273,1.0209599314106,0.291413470512132
0.205199999999884,1.31202412539352,1.02130920793982,0.290714917453696
0.208799999999882,1.31167568612205,1.02165764721128,0.290018038910769
0.21239999999988,1.31132808210133,1.022005251232,0.289322830869334
0.215999999999878,1.31098131132917,1.02235202200417,0.288629289324999
0.219599999999876,1.31063537180815,1.02269796152518,0.287937410282971
0.223199999999874,1.31029026154568,1.02304307178765,0.287247189758032
0.226799999999872,1.30994597855393,1.02338735477941,0.286558623774518
0.23039999999987,1.30960252084981,1.02373081248352,0.285871708366295
0.233999999999868,1.30925988645503,1.0240734468783,0.285186439576735
0.237599999999866,1.30891807339602,1.02441525993732,0.284502813458695
0.241199999999863,1.30857707970392,1.02475625362942,0.283820826074495
0.244799999999861,1.30823690341461,1.02509642991872,0.283140473495894
0.248399999999859,1.3078975425687,1.02543579076463,0.282461751804067
0.251999999999857,1.30755899521146,1.02577433812188,0.281784657089581
0.255599999999855,1.30722125939286,1.02611207394048,0.281109185452378
0.259199999999853,1.30688433316754,1.0264490001658,0.280435333001745
0.262799999999851,1.30654821459482,1.02678511873852,0.279763095856298
0.266399999999849,1.30621290173865,1.02712043159469,0.279092470143958
0.269999999999847,1.30587839266763,1.0274549406657,0.278423452001925
0.273599999999845,1.305544685455,1.02778864787834,0.277756037576661
0.277199999999843,1.3052117781786,1.02812155515474,0.277090223023864
0.280799999999841,1.30487966892089,1.02845366441244,0.276426004508448
0.284399999999839,1.30454835576893,1.02878497756441,0.27576337820452
0.287999999999837,1.30421783681435,1.02911549651899,0.275102340295357
0.291599999999835,1.30388811015336,1.02944522317997,0.274442886973387
0.295199999999833,1.30355917388675,1.02977415944659,0.273785014440164
0.298799999999831,1.30323102611984,1.03010230721349,0.273128718906348
0.302399999999829,1.30290366496251,1.03042966837083,0.272473996591682
0.305999999999827,1.30257708852915,1.03075624480418,0.271820843724971
0.309599999999825,1.3022512949387,1.03108203839464,0.27116925654406
0.313199999999823,1.30192628231457,1.03140705101876,0.270519231295812
0.316799999999821,1.30160204878471,1.03173128454862,0.269870764236087
0.320399999999819,1.30127859248153,1.03205474085181,0.26922385162972
0.323999999999817,1.30095591154192,1.03237742179142,0.2685784897505
0.327599999999815,1.30063400410724,1.03269932922609,0.267934674881148
0.331199999999813,1.30031286832332,1.03302046501002,0.267292403313296
0.33479999999981,1.2999925023404,1.03334083099294,0.266651671347464
0.338399999999808,1.29967290431319,1.03366042902015,0.266012475293042
0.341999999999806,1.2993540724008,1.03397926093253,0.265374811468267
0.345599999999804,1.29903600476677,1.03429732856657,0.264738676200199
0.349199999999802,1.29871869957902,1.03461463375432,0.264104065824704
0.3527999999998,1.29840215500988,1.03493117832345,0.263470976686434
0.356399999999798,1.29808636923607,1.03524696409727,0.262839405138798
0.359999999999796,1.29777134043864,1.03556199289469,0.26220934754395
0.363599999999794,1.29745706680305,1.03587626653029,0.261580800272765
0.367199999999792,1.29714354651907,1.03618978681426,0.260953759704813
0.37079999999979,1.29683077778084,1.03650255555249,0.260328222228349
0.374399999999788,1.29651875878681,1.03681457454653,0.259704184240279
0.377999999999786,1.29620748773974,1.03712584559359,0.259081642146152
0.381599999999784,1.29589696284673,1.0374363704866,0.25846059236013
0.385199999999782,1.29558718231915,1.03774615101418,0.25784103130497
0.38879999999978,1.29527814437267,1.03805518896066,0.257222955412007
0.392399999999778,1.29496984722723,1.0383634861061,0.256606361121129
0.395999999999776,1.29466228910705,1.03867104422629,0.255991244880757
0.399599999999774,1.29435546824058,1.03897786509275,0.255377603147827
0.403199999999772,1.29404938286055,1.03928395047278,0.254765432387768
0.40679999999977,1.29374403120391,1.03958930212943,0.254154729074482
0.410399999999768,1.29343941151183,1.03989392182151,0.253545489690322
0.413999999999766,1.2931355220297,1.04019781130363,0.252937710726074
0.417599999999764,1.29283236100714,1.0405009723262,0.252331388680937
0.421199999999762,1.29252992669792,1.04080340663542,0.251726520062501
0.42479999999976,1.29222821736003,1.0411051159733,0.251123101386727
0.428399999999757,1.29192723125563,1.0414061020777,0.25052112917793
0.431999999999755,1.29162696665104,1.04170636668229,0.249920599968754
0.435599999999753,1.29132742181675,1.04200591151659,0.249321510300156
0.439199999999751,1.29102859502736,1.04230473830598,0.248723856721384
0.442799999999749,1.29073048456165,1.04260284877169,0.248127635789958
0.446399999999747,1.29043308870249,1.04290024463084,0.247532844071653
0.449999999999745,1.2901364057369,1.04319692759643,0.24693947814047
0.453599999999743,1.28984043395598,1.04349289937735,0.246347534578629
0.457199999999741,1.28954517165494,1.0437881616784,0.245757009976539
0.460799999999739,1.28925061713306,1.04408271620028,0.245167900932783
0.464399999999737,1.28895676869372,1.04437656463962,0.244580204054098
0.467999999999735,1.28866362464434,1.04466970868899,0.243993915955354
0.471599999999733,1.28837118329644,1.0449621500369,0.243409033259538
0.475199999999731,1.28807944296553,1.0452538903678,0.24282555259773
0.478799999999729,1.28778840197121,1.04554493136212,0.242243470609086
0.482399999999727,1.28749805863708,1.04583527469626,0.241662783940818
0.485999999999725,1.28720841129076,1.04612492204258,0.241083489248176
0.489599999999723,1.28691945826388,1.04641387506945,0.240505583194429
0.493199999999721,1.28663119789209,1.04670213544125,0.239929062450841
0.496799999999719,1.286343628515,1.04698970481834,0.239353923696657
0.500399999999717,1.28605674847621,1.04727658485713,0.238780163619084
0.503999999999715,1.2857705561233,1.04756277721003,0.238207778913269
0.507599999999713,1.28548504980781,1.04784828352553,0.237636766282279
0.511199999999711,1.28520022788521,1.04813310544812,0.237067122437087
0.514799999999709,1.28491608871494,1.04841724461839,0.236498844096549
0.518399999999707,1.28463263066036,1.04870070267297,0.235931927987388
0.521999999999704,1.28434985208875,1.04898348124458,0.235366370844169
0.525599999999702,1.28406775137131,1.04926558196202,0.23480216940929
0.5291999999997,1.28378632688314,1.04954700645019,0.234239320432954
0.532799999999698,1.28350557700325,1.04982775633009,0.233677820673157
0.536399999999696,1.2832255001145,1.05010783321884,0.233117666895664
0.539999999999694,1.28294609460366,1.05038723872967,0.232558855873993
0.543599999999692,1.28266735886137,1.05066597447197,0.2320013843894
0.54719999999969,1.28238929128209,1.05094404205124,0.231445249230851
0.550799999999688,1.28211189026417,1.05122144306916,0.230890447195014
0.554399999999686,1.28183515420978,1.05149817912355,0.230336975086232
0.557999999999684,1.28155908152492,1.05177425180841,0.229784829716512
0.561599999999682,1.28128367061942,1.05204966271392,0.229234007905501
0.56519999999968,1.2810089199069,1.05232441342643,0.22868450648047
0.568799999999678,1.28073482780481,1.05259850552852,0.228136322276294
0.572399999999676,1.28046139273439,1.05287194059895,0.227589452135438
0.575999999999674,1.28018861312063,1.0531447202127,0.227043892907934
0.579599999999672,1.27991648739235,1.05341684594098,0.226499641451365
0.58319999999967,1.27964501398209,1.05368831935124,0.225956694630848
0.586799999999668,1.27937419132617,1.05395914200716,0.225415049319013
0.590399999999666,1.27910401786466,1.05422931546867,0.224874702395989
0.593999999999664,1.27883449204136,1.05449884129198,0.22433565074938
0.597599999999662,1.27856561230379,1.05476772102954,0.223797891274254
0.60119999999966,1.27829737710323,1.05503595623011,0.223261420873122
0.604799999999658,1.27802978489463,1.05530354843871,0.222726236455917
0.608399999999656,1.27776283413666,1.05557049919668,0.222192334939983
0.611999999999654,1.27749652329169,1.05583681004164,0.221659713250051
0.615599999999652,1.27723085082578,1.05610248250756,0.221128368318223
0.619199999999649,1.27696581520865,1.05636751812469,0.220598297083959
0.622799999999647,1.27670141491369,1.05663191841964,0.220069496494052
0.626399999999645,1.27643764841797,1.05689568491536,0.219541963502615
0.629999999999643,1.2761745142022,1.05715881913114,0.219015695071063
0.633599999999641,1.27591201075071,1.05742132258262,0.218490688168093
0.637199999999639,1.2756501365515,1.05768319678183,0.21796693976967
0.640799999999637,1.27538889009617,1.05794444323716,0.217444446859008
0.644399999999635,1.27512826987994,1.05820506345339,0.216923206426552
0.647999999999633,1.27486827440165,1.05846505893169,0.216403215469962
0.651599999999631,1.27460890216371,1.05872443116962,0.215884470994094
0.655199999999629,1.27435015167216,1.05898318166118,0.215366970010983
0.658799999999627,1.27409202143658,1.05924131189675,0.214850709539829
0.662399999999625,1.27383450997016,1.05949882336318,0.214335686606976
0.665999999999623,1.27357761578962,1.05975571754372,0.213821898245895
0.669599999999621,1.27332133741525,1.06001199591808,0.213309341497171
0.673199999999619,1.27306567337091,1.06026765996243,0.21279801340848
0.676799999999617,1.27281062218396,1.06052271114938,0.212287911034577
0.680399999999615,1.27255618238531,1.06077715094803,0.211779031437277
0.683999999999613,1.27230235250939,1.06103098082395,0.211271371685437
0.687599999999611,1.27204913109414,1.0612842022392,0.210764928854941
0.691199999999609,1.27179651668101,1.06153681665233,0.210259700028683
0.694799999999607,1.27154450781494,1.06178882551839,0.209755682296549
0.698399999999605,1.27129310304437,1.06204023028897,0.209252872755401
0.701999999999603,1.2710423009212,1.06229103241214,0.208751268509061
0.705599999999601,1.27079210000081,1.06254123333252,0.208250866668291
0.709199999999598,1.27054249884206,1.06279083449128,0.207751664350782
0.712799999999597,1.27029349600723,1.0630398373261,0.207253658681132
0.716399999999594,1.27004509006208,1.06328824327125,0.206756846790833
0.719999999999592,1.26979727957579,1.06353605375754,0.206261225818253
0.72359999999959,1.26955006312098,1.06378327021236,0.205766792908618
0.727199999999588,1.26930343927367,1.06402989405967,0.205273545214
0.730799999999586,1.26905740661332,1.06427592672002,0.204781479893296
0.734399999999584,1.26881196372277,1.06452136961056,0.204290594112213
0.737999999999582,1.26856710918829,1.06476622414504,0.203800885043253
0.74159999999958,1.26832284159952,1.06501049173382,0.203312349865697
0.745199999999578,1.26807915954946,1.06525417378387,0.202824985765586
0.748799999999576,1.26783606163452,1.06549727169881,0.202338789935707
0.752399999999574,1.26759354645445,1.06573978687888,0.201853759575575
0.755999999999572,1.26735161261238,1.06598172072096,0.20136989189142
0.75959999999957,1.26711025871475,1.06622307461858,0.200887184096168
0.763199999999568,1.26686948337138,1.06646384996195,0.200405633409426
0.766799999999566,1.2666292851954,1.06670404813793,0.199925237057466
0.770399999999564,1.26638966280327,1.06694367053006,0.19944599227321
0.773999999999562,1.26615061481477,1.06718271851856,0.198967896296211
0.77759999999956,1.26591213985299,1.06742119348035,0.19849094637264
0.781199999999558,1.2656742365443,1.06765909678903,0.19801513975527
0.784799999999556,1.2654369035184,1.06789642981494,0.197540473703459
0.788399999999554,1.26520013940823,1.0681331939251,0.197066945483134
0.791999999999552,1.26496394285006,1.06836939048328,0.196594552366776
0.79559999999955,1.26472831248337,1.06860502084996,0.196123291633405
0.799199999999548,1.26449324695095,1.06884008638239,0.195653160568564
0.802799999999546,1.26425874489882,1.06907458843452,0.195184156464301
0.806399999999543,1.26402480497625,1.06930852835709,0.194716276619156
0.809999999999541,1.26379142583574,1.06954190749759,0.194249518338146
0.813599999999539,1.26355860613304,1.06977472720029,0.193783878932746
0.817199999999537,1.26332634452711,1.07000698880623,0.193319355720877
0.820799999999535,1.26309463968011,1.07023869365322,0.192855946026891
0.824399999999533,1.26286349025744,1.07046984307589,0.19239364718155
0.827999999999531,1.26263289492768,1.07070043840566,0.191932456522017
0.831599999999529,1.26240285236259,1.07093048097075,0.191472371391837
0.835199999999527,1.26217336123713,1.0711599720962,0.191013389140926
0.838799999999525,1.26194442022944,1.07138891310389,0.190555507125547
0.842399999999523,1.26171602802082,1.07161730531251,0.190098722708305
0.845999999999521,1.26148818329573,1.0718451500376,0.189643033258125
0.849599999999519,1.26126088474179,1.07207244859155,0.18918843615024
0.853199999999517,1.26103413104975,1.07229920228358,0.188734928766175
0.856799999999515,1.26080792091353,1.0725254124198,0.18828250849373
0.860399999999513,1.26058225303015,1.07275108030318,0.187831172726968
0.863999999999511,1.26035712609977,1.07297620723357,0.1873809188662
0.867599999999509,1.26013253882565,1.07320079450768,0.186931744317966
0.871199999999507,1.25990848991418,1.07342484341915,0.186483646495025
0.874799999999505,1.25968497807484,1.0736483552585,0.186036622816338
0.878399999999503,1.25946200202019,1.07387133131314,0.185590670707051
0.881999999999501,1.25923956046591,1.07409377286742,0.185145787598485
0.885599999999499,1.25901765213072,1.07431568120261,0.184701970928115
0.889199999999497,1.25879627573645,1.07453705759689,0.184259218139563
0.892799999999495,1.25857543000795,1.07475790332538,0.183817526682575
0.896399999999492,1.25835511367317,1.07497821966016,0.183376894013013
0.899999999999491,1.25813532546308,1.07519800787025,0.182937317592835
0.903599999999488,1.25791606411171,1.07541726922162,0.182498794890086
0.907199999999486,1.25769732835611,1.07563600497723,0.182061323378878
0.910799999999484,1.25747911693636,1.07585421639698,0.181624900539379
0.914399999999482,1.25726142859557,1.07607190473777,0.181189523857797
0.91799999999948,1.25704426207985,1.07628907125348,0.180755190826366
0.921599999999478,1.25682761613833,1.076505717195,0.180321898943331
0.925199999999476,1.25661148952313,1.0767218438102,0.179889645712935
0.928799999999474,1.25639588098937,1.07693745234397,0.179458428645402
0.932399999999472,1.25618078929513,1.0771525440382,0.179028245256927
0.93599999999947,1.25596621320149,1.07736712013184,0.178599093069655
0.939599999999468,1.2557521514725,1.07758118186083,0.178170969611675
0.943199999999466,1.25553860287517,1.07779473045817,0.177743872416998
0.946799999999464,1.25532556617944,1.07800776715389,0.177317799025549
0.950399999999462,1.25511304015824,1.07822029317509,0.176892746983148
0.95399999999946,1.25490102358742,1.07843230974592,0.176468713841498
0.957599999999458,1.25468951524575,1.07864381808758,0.176045697158173
0.961199999999456,1.25447851391497,1.07885481941837,0.1756236944966
0.964799999999454,1.25426801837969,1.07906531495364,0.175202703426047
0.968399999999452,1.25405802742747,1.07927530590586,0.17478272152161
0.97199999999945,1.25384853984876,1.07948479348457,0.174363746364195
0.975599999999448,1.25363955443692,1.07969377889641,0.173945775540509
0.979199999999446,1.25343106998819,1.07990226334514,0.173528806643044
0.982799999999444,1.2532230853017,1.08011024803164,0.173112837270063
0.986399999999442,1.25301559917946,1.08031773415387,0.172697865025585
0.98999999999944,1.25280861042635,1.08052472290698,0.172283887519374
0.993599999999437,1.25260211785013,1.08073121548321,0.171870902366922
0.997199999999436,1.25239612026139,1.08093721307195,0.171458907189439
1.00079999999943,1.25219061647359,1.08114271685975,0.171047899613836
1.00439999999943,1.25198560530302,1.08134772803031,0.170637877272713
1.00799999999943,1.25178108556884,1.0815522477645,0.170228837804344
1.01159999999943,1.251577056093,1.08175627724033,0.169820778852665
1.01519999999943,1.2513735157003,1.08195981763304,0.169413698067261
1.01879999999942,1.25117046321834,1.08216287011499,0.169007593103349
1.02239999999942,1.25096789747755,1.08236543585578,0.168602461621768
1.02599999999942,1.25076581731115,1.08256751602219,0.168198301288964
1.02959999999942,1.25056422155516,1.08276911177818,0.167795109776977
1.03319999999942,1.25036310904838,1.08297022428495,0.167392884763427
1.03679999999941,1.25016247863242,1.08317085470092,0.166991623931502
1.04039999999941,1.24996232915164,1.0833710041817,0.166591324969942
1.04399999999941,1.24976265945318,1.08357067388015,0.166191985573029
1.04759999999941,1.24956346838695,1.08376986494638,0.165793603440571
1.0511999999994,1.24936475480561,1.08396857852772,0.16539617627789
1.0547999999994,1.24916651756457,1.08416681576876,0.16499970179581
1.0583999999994,1.24896875552199,1.08436457781135,0.16460417771064
1.0619999999994,1.24877146753875,1.08456186579458,0.164209601744165
1.0655999999994,1.24857465247848,1.08475868085485,0.163815971623631
1.06919999999939,1.24837830920753,1.0849550241258,0.163423285081732
1.07279999999939,1.24818243659496,1.08515089673837,0.163031539856595
1.07639999999939,1.24798703351255,1.08534629982078,0.162640733691773
1.07999999999939,1.24779209883478,1.08554123449855,0.162250864336225
1.08359999999939,1.24759763143882,1.08573570189451,0.161861929544306
1.08719999999938,1.24740363020455,1.08592970312879,0.161473927075756
1.09079999999938,1.24721009401451,1.08612323931883,0.161086854695683
1.09439999999938,1.24701702175394,1.08631631157939,0.160700710174554
1.09799999999938,1.24682441231076,1.08650892102258,0.160315491288179
1.10159999999938,1.24663226457552,1.08670106875782,0.159931195817701
1.10519999999937,1.24644057744146,1.08689275589188,0.159547821549581
1.10879999999937,1.24624934980446,1.08708398352887,0.159165366275587
1.11239999999937,1.24605858056306,1.08727475277028,0.15878382779278
1.11599999999937,1.24586826861842,1.08746506471492,0.1584032039035
1.11959999999937,1.24567841287435,1.08765492045899,0.158023492415358
1.12319999999936,1.24548901223728,1.08784432109606,0.157644691141218
1.12679999999936,1.24530006561626,1.08803326771707,0.157266797899188
1.13039999999936,1.24511157192297,1.08822176141036,0.156889810512607
1.13399999999936,1.24492353007168,1.08840980326165,0.15651372681003
1.13759999999936,1.24473593897928,1.08859739435406,0.156138544625218
1.14119999999935,1.24454879756523,1.0887845357681,0.155764261797125
1.14479999999935,1.24436210475161,1.08897122858172,0.155390876169885
1.14839999999935,1.24417585946307,1.08915747387027,0.155018385592799
1.15199999999935,1.24399006062683,1.0893432727065,0.154646787920326
1.15559999999935,1.2438047071727,1.08952862616063,0.154276081012065
1.15919999999934,1.24361979803304,1.08971353530029,0.153906262732748
1.16279999999934,1.24343533214278,1.08989800119055,0.153537330952225
1.16639999999934,1.24325130843939,1.09008202489394,0.153169283545452
1.16999999999934,1.24306772586291,1.09026560747043,0.152802118392479
1.17359999999934,1.24288458335589,1.09044874997745,0.152435833378436
1.17719999999933,1.24270187986343,1.0906314534699,0.152070426393527
1.18079999999933,1.24251961433317,1.09081371900016,0.15170589533301
1.18439999999933,1.24233778571526,1.09099554761807,0.151342238097188
1.18799999999933,1.24215639296237,1.09117694037097,0.150979452591399
1.19159999999933,1.24197543502967,1.09135789830367,0.150617536726002
1.19519999999932,1.24179491087485,1.09153842245848,0.150256488416364
1.19879999999932,1.24161481945809,1.09171851387524,0.149896305582851
1.20239999999932,1.24143515974207,1.09189817359126,0.149536986150811
1.20599999999932,1.24125593069195,1.09207740264138,0.149178528050568
1.20959999999932,1.24107713127537,1.09225620205796,0.148820929217406
1.21319999999931,1.24089876046245,1.09243457287089,0.148464187591559
1.21679999999931,1.24072081722577,1.09261251610757,0.148108301118199
1.22039999999931,1.24054330054038,1.09279003279296,0.147753267747421
1.22399999999931,1.24036620938379,1.09296712394955,0.147399085434238
1.22759999999931,1.24018954273595,1.09314379059739,0.14704575213856
1.2311999999993,1.24001329957926,1.09332003375407,0.146693265825193
1.2347999999993,1.23983747889858,1.09349585443476,0.146341624463817
1.2383999999993,1.23966207968116,1.09367125365218,0.145990826028981
1.2419999999993,1.23948710091671,1.09384623241662,0.145640868500089
1.24559999999929,1.23931254159736,1.09402079173597,0.145291749861389
1.24919999999929,1.23913840071765,1.09419493261569,0.144943468101961
1.25279999999929,1.23896467727452,1.09436865605882,0.144596021215703
1.25639999999929,1.23879137026733,1.094541963066,0.144249407201325
1.25999999999929,1.23861847869783,1.0947148546355,0.143903624062334
1.26359999999928,1.23844600157018,1.09488733176316,0.14355866980702
1.26719999999928,1.23827393789089,1.09505939544244,0.143214542448451
1.27079999999928,1.2381022866689,1.09523104666444,0.142871240004456
1.27439999999928,1.23793104691547,1.09540228641786,0.142528760497616
1.27799999999928,1.23776021764429,1.09557311568904,0.142187101955251
1.28159999999927,1.23758979787137,1.09574353546196,0.14184626240941
1.28519999999927,1.2374197866151,1.09591354671824,0.141506239896863
1.28879999999927,1.23725018289621,1.09608315043713,0.14116703245908
1.29239999999927,1.23708098573778,1.09625234759555,0.14082863814223
1.29599999999927,1.23691219416525,1.09642113916808,0.140491054997165
1.29959999999926,1.23674380720637,1.09658952612696,0.14015428107941
1.30319999999926,1.23657582389124,1.09675750944209,0.139818314449148
1.30679999999926,1.23640824325227,1.09692509008106,0.139483153171214
1.31039999999926,1.23624106432421,1.09709226900913,0.139148795315083
1.31399999999926,1.2360742861441,1.09725904718924,0.138815238954856
1.31759999999925,1.23590790775129,1.09742542558204,0.138482482169252
1.32119999999925,1.23574192818746,1.09759140514587,0.138150523041593
1.32479999999925,1.23557634649657,1.09775698683677,0.137819359659799
1.32839999999925,1.23541116172485,1.09792217160848,0.13748899011637
1.33199999999925,1.23524637292086,1.09808696041248,0.137159412508381
1.33559999999924,1.2350819791354,1.09825135419793,0.136830624937468
1.33919999999924,1.23491797942158,1.09841535391176,0.136502625509817
1.34279999999924,1.23475437283474,1.09857896049859,0.136175412336153
1.34639999999924,1.23459115843253,1.0987421749008,0.135848983531733
1.34999999999924,1.23442833527483,1.0989049980585,0.135523337216328
1.35359999999923,1.23426590242378,1.09906743090956,0.135198471514219
1.35719999999923,1.23410385894376,1.09922947438958,0.134874384554182
1.36079999999923,1.23394220390141,1.09939112943193,0.134551074469478
1.36439999999923,1.23378093636559,1.09955239696774,0.134228539397845
1.36799999999923,1.23362005540741,1.09971327792593,0.133906777481483
1.37159999999922,1.23345956010019,1.09987377323314,0.133585786867045
1.37519999999922,1.23329944951948,1.10003388381385,0.133265565705629
1.37879999999922,1.23313972274305,1.10019361059028,0.132946112152764
1.38239999999922,1.23298037885087,1.10035295448247,0.132627424368399
1.38599999999922,1.23282141692512,1.10051191640822,0.132309500516896
1.38959999999921,1.23266283605018,1.10067049728316,0.131992338767016
1.39319999999921,1.23250463531262,1.10082869802071,0.13167593729191
1.39679999999921,1.23234681380122,1.10098651953211,0.131360294269107
1.40039999999921,1.23218937060692,1.10114396272641,0.131045407880508
1.40399999999921,1.23203230482285,1.10130102851048,0.130731276312368
1.4075999999992,1.23187561554431,1.10145771778902,0.130417897755293
1.4111999999992,1.23171930186878,1.10161403146455,0.130105270404225
1.4147999999992,1.23156336289588,1.10176997043745,0.129793392458433
1.4183999999992,1.23140779772742,1.10192553560592,0.129482262121501
1.4219999999992,1.23125260546733,1.102080727866,0.129171877601324
1.42559999999919,1.23109778522171,1.10223554811162,0.128862237110087
1.42919999999919,1.2309433360988,1.10238999723453,0.128553338864264
1.43279999999919,1.23078925720897,1.10254407612436,0.128245181084605
1.43639999999919,1.23063554766473,1.10269778566861,0.127937761996122
1.43999999999918,1.23048220658071,1.10285112675262,0.127631079828085
1.44359999999918,1.23032923307367,1.10300410025966,0.127325132814006
1.44719999999918,1.23017662626248,1.10315670707085,0.127019919191634
1.45079999999918,1.23002438526814,1.1033089480652,0.126715437202941
1.45439999999918,1.22987250921372,1.10346082411961,0.126411685094112
1.45799999999917,1.22972099722444,1.1036123361089,0.126108661115538
1.46159999999917,1.22956984842757,1.10376348490577,0.125806363521803
1.46519999999917,1.22941906195251,1.10391427138083,0.125504790571677
1.46879999999917,1.22926863693072,1.10406469640262,0.125203940528101
1.47239999999917,1.22911857249576,1.10421476083758,0.124903811658181
1.47599999999916,1.22896886778326,1.10436446555008,0.124604402233178
1.47959999999916,1.22881952193091,1.10451381140242,0.124305710528495
1.48319999999916,1.2286705340785,1.10466279925483,0.124007734823672
1.48679999999916,1.22852190336785,1.10481142996548,0.123710473402371
1.49039999999916,1.22837362894285,1.10495970439048,0.123413924552367
1.49399999999915,1.22822570994944,1.1051076233839,0.123118086565543
1.49759999999915,1.2280781455356,1.10525518779773,0.122822957737874
1.50119999999915,1.22793093485138,1.10540239848196,0.12252853636942
1.50479999999915,1.22778407704883,1.10554925628451,0.122234820764318
1.50839999999915,1.22763757128205,1.10569576205128,0.121941809230766
1.51199999999914,1.22749141670718,1.10584191662616,0.121649500081021
1.51559999999914,1.22734561248236,1.10598772085097,0.121357891631386
1.51919999999914,1.22720015776777,1.10613317556557,0.121066982202198
1.52279999999914,1.22705505172558,1.10627828160776,0.12077677011782
1.52639999999914,1.22691029351998,1.10642303981335,0.120487253706634
1.52999999999913,1.22676588231718,1.10656745101615,0.120198431301028
1.53359999999913,1.22662181728536,1.10671151604797,0.119910301237386
1.53719999999913,1.22647809759471,1.10685523573863,0.119622861856083
1.54079999999913,1.2263347224174,1.10699861091593,0.119336111501469
1.54439999999913,1.2261916909276,1.10714164240573,0.119050048521866
1.54799999999912,1.22604900230144,1.10728433103189,0.118764671269552
1.55159999999912,1.22590665571705,1.10742667761629,0.118479978100757
1.55519999999912,1.22576465035449,1.10756868297884,0.118195967375652
1.55879999999912,1.22562298539583,1.1077103479375,0.117912637458335
1.56239999999912,1.22548166002508,1.10785167330825,0.11762998671683
1.56599999999911,1.2253406734282,1.10799265990513,0.11734801352307
1.56959999999911,1.22520002479311,1.10813330854022,0.117066716252892
1.57319999999911,1.22505971330968,1.10827362002365,0.116786093286027
1.57679999999911,1.22491973816971,1.10841359516362,0.116506143006089
1.58039999999911,1.22478009856695,1.10855323476638,0.116226863800565
1.5839999999991,1.22464079369707,1.10869253963626,0.11594825406081
1.5875999999991,1.22450182275768,1.10883151057565,0.115670312182035
1.5911999999991,1.22436318494831,1.10897014838502,0.115393036563296
1.5947999999991,1.22422487947041,1.10910845386292,0.115116425607488
1.5983999999991,1.22408690552733,1.109246427806,0.114840477721335
1.60199999999909,1.22394926232436,1.10938407100898,0.114565191315378
1.60559999999909,1.22381194906865,1.10952138426468,0.114290564803971
1.60919999999909,1.2236749649693,1.10965836836403,0.114016596605267
1.61279999999909,1.22353830923727,1.10979502409606,0.113743285141212
1.61639999999909,1.22340198108543,1.1099313522479,0.113470628837533
1.61999999999908,1.22326597972853,1.1100673536048,0.113198626123733
1.62359999999908,1.22313030438321,1.11020302895013,0.112927275433078
1.62719999999908,1.22299495426796,1.11033837906537,0.112656575202591
1.63079999999908,1.22285992860319,1.11047340473015,0.11238652387304
1.63439999999907,1.22272522661113,1.1106081067222,0.112117119888933
1.63799999999907,1.22259084751592,1.11074248581742,0.111848361698503
1.64159999999907,1.22245679054352,1.11087654278981,0.111580247753707
1.64519999999907,1.22232305492177,1.11101027841156,0.111312776510211
1.64879999999907,1.22218963988036,1.11114369345298,0.111045946427382
1.65239999999906,1.22205654465081,1.11127678868253,0.110779755968281
1.65599999999906,1.22192376846649,1.11140956486684,0.110514203599653
1.65959999999906,1.22179131056263,1.11154202277071,0.110249287791919
1.66319999999906,1.22165917017625,1.11167416315708,0.109985007019166
1.66679999999906,1.22152734654624,1.1118059867871,0.109721359759139
1.67039999999905,1.22139583891328,1.11193749442005,0.109458344493232
1.67399999999905,1.22126464651991,1.11206868681343,0.10919595970648
1.67759999999905,1.22113376861044,1.11219956472289,0.108934203887547
1.68119999999905,1.22100320443103,1.11233012890231,0.108673075528723
1.68479999999905,1.22087295322962,1.11246038010371,0.108412573125911
1.68839999999904,1.22074301425598,1.11259031907736,0.108152695178618
1.69199999999904,1.22061338676164,1.11271994657169,0.10789344018995
1.69559999999904,1.22048406999997,1.11284926333337,0.107634806666601
1.69919999999904,1.22035506322609,1.11297827010725,0.107376793118843
1.70279999999904,1.22022636569693,1.11310696763641,0.107119398060521
1.70639999999903,1.22009797667119,1.11323535666215,0.106862620009041
1.70999999999903,1.21996989540935,1.11336343792398,0.106606457485364
1.71359999999903,1.21984212117366,1.11349121215967,0.106350909013996
1.71719999999903,1.21971465322816,1.11361868010518,0.106095973122979
1.72079999999903,1.21958749083861,1.11374584249472,0.105841648343886
1.72439999999902,1.21946063327257,1.11387270006076,0.105587933211806
1.72799999999902,1.21933407979934,1.11399925353399,0.105334826265345
1.73159999999902,1.21920782968997,1.11412550364336,0.105082326046606
1.73519999999902,1.21908188221726,1.11425145111607,0.104830431101192
1.73879999999902,1.21895623665576,1.11437709667757,0.10457913997819
1.74239999999901,1.21883089228175,1.11450244105158,0.104328451230164
1.74599999999901,1.21870584837324,1.11462748496009,0.10407836341315
1.74959999999901,1.21858110420999,1.11475222912334,0.103828875086644
1.75319999999901,1.21845665907346,1.11487667425987,0.103579984813596
1.75679999999901,1.21833251224687,1.11500082108647,0.103331691160398
1.760399999999,1.21820866301511,1.11512467031823,0.103083992696883
1.763999999999,1.21808511066482,1.11524822266851,0.102836887996308
1.767599999999,1.21796185448434,1.11537147884899,0.102590375635353
1.771199999999,1.21783889376372,1.11549443956961,0.102344454194109
1.774799999999,1.2177162277947,1.11561710553863,0.10209912225607
1.77839999999899,1.21759385587073,1.1157394774626,0.101854378408127
1.78199999999899,1.21747177728695,1.11586155604639,0.101610221240556
1.78559999999899,1.21734999134017,1.11598334199316,0.101366649347015
1.78919999999899,1.21722849732893,1.1161048360044,0.101123661324531
1.79279999999898,1.21710729455341,1.11622603877992,0.100881255773496
1.79639999999898,1.21698638231549,1.11634695101784,0.100639431297655
1.79999999999898,1.21686575991872,1.11646757341462,0.100398186504101
1.80359999999898,1.2167454266683,1.11658790666503,0.100157520003268
1.80719999999898,1.21662538187113,1.11670795146221,0.0999174304089165
1.81079999999898,1.21650562483573,1.1168277084976,0.0996779163381336
1.81439999999897,1.21638615487233,1.11694717846101,0.0994389764113199
1.81799999999897,1.21626697129276,1.11706636204057,0.0992006092521838
1.82159999999897,1.21614807341053,1.1171852599228,0.0989628134877321
1.82519999999897,1.2160294605408,1.11730387279254,0.0987255877482633
1.82879999999896,1.21591113200035,1.11742220133299,0.0984889306673591
1.83239999999896,1.21579308710761,1.11754024622573,0.0982528408818768
1.83599999999896,1.21567532518264,1.1176580081507,0.0980173170319409
1.83959999999896,1.21555784554713,1.1177754877862,0.0977823577609362
1.84319999999896,1.21544064752442,1.11789268580892,0.0975479617154991
1.84679999999895,1.21532373043942,1.11800960289391,0.0973141275455107
1.85039999999895,1.21520709361871,1.11812623971462,0.0970808539040877
1.85399999999895,1.21509073639046,1.11824259694288,0.0968481394475762
1.85759999999895,1.21497465808444,1.1183586752489,0.0966159828355424
1.86119999999895,1.21485885803205,1.11847447530128,0.0963843827307667
1.86479999999894,1.21474333556628,1.11858999776705,0.0961533377992341
1.86839999999894,1.21462809002173,1.1187052433116,0.0959228467101276
1.87199999999894,1.21451312073458,1.11882021259876,0.0956929081358207
1.87559999999894,1.2143984270426,1.11893490629073,0.095463520751869
1.87919999999894,1.21428400828517,1.11904932504817,0.0952346832370035
1.88279999999893,1.21416986380323,1.11916346953011,0.0950063942731212
1.88639999999893,1.21405599293931,1.11927734039403,0.0947786525452801
1.88999999999893,1.21394239503751,1.11939093829582,0.0945514567416899
1.89359999999893,1.21382906944352,1.11950426388981,0.094324805553704
1.89719999999893,1.21371601550457,1.11961731782876,0.094098697675814
1.90079999999892,1.21360323256949,1.11973010076385,0.0938731318056403
1.90439999999892,1.21349071998863,1.1198426133447,0.0936481066439254
1.90799999999892,1.21337847711393,1.1199548562194,0.0934236208945258
1.91159999999892,1.21326650329887,1.12006683003446,0.0931996732644063
1.91519999999892,1.21315479789848,1.12017853543485,0.0929762624636297
1.91879999999891,1.21304336026934,1.12028997306399,0.0927533872053516
1.92239999999891,1.21293218976957,1.12040114356376,0.0925310462058129
1.92599999999891,1.21282128575883,1.1205120475745,0.0923092381843311
1.92959999999891,1.21271064759831,1.12062268573502,0.0920879618632935
1.93319999999891,1.21260027465074,1.12073305868259,0.0918672159681506
1.9367999999989,1.21249016628037,1.12084316705296,0.0916469992274083
1.9403999999989,1.21238032185298,1.12095301148036,0.0914273103726189
1.9439999999989,1.21227074073586,1.12106259259748,0.0912081481383777
1.9475999999989,1.21216142229782,1.12117191103551,0.0909895112623111
1.9511999999989,1.2120523659092,1.12128096742413,0.0907713984850729
1.95479999999889,1.21194357094183,1.1213897623915,0.0905538085503352
1.95839999999889,1.21183503676906,1.12149829656428,0.0903367402047819
1.96199999999889,1.21172676276572,1.12160657056762,0.0901201921981014
1.96559999999889,1.21161874830816,1.12171458502518,0.0899041632829782
1.96919999999889,1.21151099277421,1.12182234055912,0.0896886522150881
1.97279999999888,1.21140349554321,1.12192983779012,0.0894736577530895
1.97639999999888,1.21129625599597,1.12203707733736,0.0892591786586152
1.97999999999888,1.2111892735148,1.12214405981853,0.0890452136962681
1.98359999999888,1.21108254748347,1.12225078584986,0.0888317616336114
1.98719999999887,1.21097607728725,1.12235725604609,0.0886188212411632
1.99079999999887,1.21086986231286,1.12246347102047,0.0884063912923885
1.99439999999887,1.21076390194851,1.12256943138482,0.0881944705636926
1.99799999999887,1.21065819558387,1.12267513774946,0.0879830578344141
2.00159999999887,1.21055274261008,1.12278059072326,0.0877721518868169
2.00519999999886,1.21044754241971,1.12288579091362,0.0875617515060849
2.00879999999886,1.21034259440682,1.12299073892651,0.0873518554803134
2.01239999999886,1.21023789796692,1.12309543536642,0.0871424626005035
2.01599999999886,1.21013345249694,1.12319988083639,0.0869335716605535
2.01959999999886,1.21002925739529,1.12330407593804,0.0867251814572534
2.02319999999885,1.20992531206181,1.12340802127153,0.0865172907902778
2.02679999999885,1.20982161589776,1.12351171743558,0.0863098984621775
2.03039999999885,1.20971816830585,1.12361516502748,0.0861030032783745
2.03399999999885,1.20961496869024,1.12371836464309,0.0858966040471549
2.03759999999885,1.2095120164565,1.12382131687684,0.0856906995796605
2.04119999999884,1.20940931101161,1.12392402232173,0.0854852886898829
2.04479999999884,1.209306851764,1.12402648156934,0.0852803701946576
2.04839999999884,1.20920463812349,1.12412869520984,0.0850759429136554
2.05199999999884,1.20910266950136,1.12423066383198,0.0848720056693772
2.05559999999884,1.20900094531024,1.12433238802309,0.084668557287146
2.05919999999883,1.20889946496422,1.12443386836912,0.0844655965951007
2.06279999999883,1.20879822787876,1.12453510545457,0.0842631224241897
2.06639999999883,1.20869723347075,1.12463609986259,0.0840611336081629
2.06999999999883,1.20859648115845,1.12473685217488,0.0838596289835674
2.07359999999883,1.20849597036154,1.1248373629718,0.083658607389737
2.07719999999882,1.20839570050106,1.12493763283227,0.0834580676687899
2.08079999999882,1.20829567099948,1.12503766233386,0.0832580086656187
2.08439999999882,1.20819588128061,1.12513745205272,0.0830584292278851
2.08799999999882,1.20809633076967,1.12523700256366,0.0828593282060135
2.09159999999882,1.20799701889326,1.12533631444008,0.0826607044531831
2.09519999999881,1.20789794507933,1.12543538825401,0.0824625568253232
2.09879999999881,1.20779910875722,1.12553422457611,0.0822648841811051
2.10239999999881,1.20770050935763,1.1256328239757,0.0820676853819355
2.10599999999881,1.20760214631264,1.12573118702069,0.081870959291952
2.10959999999881,1.20750401905567,1.12582931427766,0.0816747047780131
2.1131999999988,1.20740612702151,1.12592720631182,0.0814789207096944
2.1167999999988,1.20730846964631,1.12602486368703,0.0812836059592819
2.1203999999988,1.20721104636755,1.12612228696578,0.0810887594017637
2.1239999999988,1.20711385662408,1.12621947670925,0.0808943799148256
2.1275999999988,1.20701689985609,1.12631643347725,0.0807004663788431
2.13119999999879,1.2069201755051,1.12641315782823,0.0805070176768758
2.13479999999879,1.206823683014,1.12650965031934,0.0803140326946612
2.13839999999879,1.20672742182697,1.12660591150636,0.0801215103206072
2.14199999999879,1.20663139138956,1.12670194194377,0.0799294494457863
2.14559999999879,1.20653559114863,1.1267977421847,0.07973784896393
2.14919999999878,1.20644002055238,1.12689331278096,0.0795467077714205
2.15279999999878,1.20634467905031,1.12698865428302,0.0793560247672864
2.15639999999878,1.20624956609326,1.12708376724007,0.0791657988531951
2.15999999999878,1.20615468113339,1.12717865219994,0.0789760289334469
2.16359999999878,1.20606002362415,1.12727330970918,0.0787867139149689
2.16719999999877,1.20596559302032,1.12736774031301,0.0785978527073081
2.17079999999877,1.20587138877798,1.12746194455535,0.0784094442226255
2.17439999999877,1.20577741035451,1.12755592297882,0.0782214873756895
2.17799999999877,1.2056836572086,1.12764967612473,0.0780339810838704
2.18159999999876,1.20559012880023,1.1277432045331,0.0778469242671334
2.18519999999876,1.20549682459068,1.12783650874265,0.0776603158480331
2.18879999999876,1.20540374404252,1.12792958929081,0.0774741547517068
2.19239999999876,1.2053108866196,1.12802244671373,0.0772884399058673
2.19599999999876,1.20521825178707,1.12811508154627,0.0771031702407987
2.19959999999875,1.20512583901134,1.12820749432199,0.0769183446893502
2.20319999999875,1.20503364776013,1.1282996855732,0.0767339621869274
2.20679999999875,1.20494167750241,1.12839165583092,0.0765500216714887
2.21039999999875,1.20484992770844,1.1284834056249,0.0763665220835386
2.21399999999875,1.20475839784973,1.12857493548361,0.0761834623661208
2.21759999999874,1.20466708739907,1.12866624593426,0.0760008414648128
2.22119999999874,1.20457599583053,1.12875733750281,0.0758186583277194
2.22479999999874,1.2044851226194,1.12884821071393,0.0756369119054678
2.22839999999874,1.20439446724227,1.12893886609107,0.0754556011512
2.23199999999874,1.20430402917695,1.12902930415638,0.0752747250205674
2.23559999999873,1.20421380790253,1.1291195254308,0.0750942824717251
2.23919999999873,1.20412380289933,1.129209530434,0.0749142724653253
2.24279999999873,1.20403401364892,1.12929931968441,0.0747346939645122
2.24639999999873,1.20394443963412,1.12938889369921,0.074555545934915
2.24999999999873,1.20385508033899,1.12947825299435,0.0743768273446423
2.25359999999872,1.20376593524881,1.12956739808453,0.0741985371642768
2.25719999999872,1.2036770038501,1.12965632948323,0.0740206743668688
2.26079999999872,1.20358828563063,1.1297450477027,0.0738432379279292
2.26439999999872,1.20349978007938,1.12983355325395,0.0736662268254265
2.26799999999872,1.20341148668656,1.12992184664678,0.0734896400397778
2.27159999999871,1.20332340494359,1.13000992838974,0.0733134765538443
2.27519999999871,1.20323553434313,1.1300977989902,0.0731377353529268
2.27879999999871,1.20314787437904,1.13018545895429,0.0729624154247563
2.28239999999871,1.20306042454641,1.13027290878692,0.0727875157594922
2.28599999999871,1.20297318434152,1.13036014899181,0.0726130353497139
2.2895999999987,1.20288615326187,1.13044718007146,0.0724389731904154
2.2931999999987,1.20279933080617,1.13053400252717,0.072265328279
2.2967999999987,1.2027127164743,1.13062061685903,0.0720920996152747
2.3003999999987,1.20262630976739,1.13070702356594,0.0719192862014442
2.3039999999987,1.20254011018772,1.13079322314561,0.0717468870421039
2.30759999999869,1.20245411723879,1.13087921609455,0.0715749011442364
2.31119999999869,1.20236833042527,1.13096500290806,0.0714033275172046
2.31479999999869,1.20228274925304,1.13105058408029,0.0712321651727452
2.31839999999869,1.20219737322915,1.13113596010418,0.0710614131249654
2.32199999999869,1.20211220186183,1.1312211314715,0.0708910703903343
2.32559999999868,1.20202723466051,1.13130609867283,0.0707211359876789
2.32919999999868,1.20194247113576,1.13139086219758,0.0705516089381792
2.33279999999868,1.20185791079935,1.13147542253399,0.0703824882653603
2.33639999999868,1.20177355316421,1.13155978016912,0.0702137729950887
2.33999999999868,1.20168939774445,1.13164393558888,0.0700454621555657
2.34359999999867,1.20160544405533,1.13172788927801,0.0698775547773223
2.34719999999867,1.20152169161327,1.13181164172006,0.0697100498932135
2.35079999999867,1.20143813993587,1.13189519339746,0.0695429465384123
2.35439999999867,1.20135478854187,1.13197854479146,0.0693762437504051
2.35799999999867,1.20127163695116,1.13206169638217,0.0692099405689852
2.36159999999866,1.20118868468479,1.13214464864854,0.0690440360362474
2.36519999999866,1.20110593126496,1.13222740206838,0.0688785291965832
2.36879999999866,1.201023376215,1.13230995711833,0.0687134190966743
2.37239999999866,1.20094101905941,1.13239231427392,0.0685487047854882
2.37599999999865,1.2008588593238,1.13247447400953,0.0683843853142718
2.37959999999865,1.20077689653494,1.13255643679839,0.0682204597365461
2.38319999999865,1.20069513022072,1.13263820311262,0.0680569271081015
2.38679999999865,1.20061355991016,1.13271977342317,0.0678937864869911
2.39039999999865,1.20053218513343,1.1328011481999,0.0677310369335264
2.39399999999864,1.2004510054218,1.13288232791153,0.0675686775102713
2.39759999999864,1.20037002030769,1.13296331302565,0.0674067072820366
2.40119999999864,1.2002892293246,1.13304410400873,0.0672451253158757
2.40479999999864,1.20020863200721,1.13312470132613,0.0670839306810775
2.40839999999864,1.20012822789125,1.13320510544209,0.0669231224491622
2.41199999999863,1.2000480165136,1.13328531681973,0.0667626996938759
2.41559999999863,1.19996799741226,1.13336533592107,0.0666026614911848
2.41919999999863,1.1998881701263,1.13344516320703,0.0664430069192699
2.42279999999863,1.19980853419593,1.13352479913741,0.0662837350585226
2.42639999999863,1.19972908916244,1.1336042441709,0.0661248449915381
2.42999999999862,1.19964983456822,1.13368349876511,0.0659663358031108
2.43359999999862,1.19957076995678,1.13376256337655,0.0658082065802295
2.43719999999862,1.1994918948727,1.13384143846063,0.0656504564120708
2.44079999999862,1.19941320886166,1.13392012447167,0.0654930843899955
2.44439999999862,1.19933471147044,1.1339986218629,0.0653360896075412
2.44799999999861,1.19925640224688,1.13407693108646,0.0651794711604201
2.45159999999861,1.19917828073992,1.13415505259341,0.0650232281465113
2.45519999999861,1.19910034649959,1.13423298683374,0.0648673596658556
2.45879999999861,1.19902259907699,1.13431073425634,0.0647118648206524
2.46239999999861,1.19894503802429,1.13438829530904,0.0645567427152525
2.4659999999986,1.19886766289474,1.13446567043859,0.0644019924561539
2.4695999999986,1.19879047324266,1.13454286009067,0.0642476131519962
2.4731999999986,1.19871346862344,1.13461986470989,0.0640936039135562
2.4767999999986,1.19863664859354,1.1346966847398,0.0639399638537421
2.4803999999986,1.19856001271046,1.13477332062287,0.0637866920875878
2.48399999999859,1.19848356053279,1.13484977280054,0.0636337877322497
2.48759999999859,1.19840729162017,1.13492604171317,0.0634812499070001
2.49119999999859,1.19833120553328,1.13500212780006,0.0633290777332221
2.49479999999859,1.19825530183387,1.13507803149946,0.0631772703344051
2.49839999999859,1.19817958008474,1.1351537532486,0.0630258268361397
2.50199999999858,1.19810403984972,1.13522929348361,0.0628747463661135
2.50559999999858,1.19802868069372,1.13530465263962,0.0627240280541033
2.50919999999858,1.19795350218265,1.13537983115068,0.0625736710319733
2.51279999999858,1.1978785038835,1.13545482944983,0.0624236744336679
2.51639999999858,1.19780368536427,1.13552964796906,0.0622740373952084
2.51999999999857,1.19772904619401,1.13560428713932,0.0621247590546865
2.52359999999857,1.1976545859428,1.13567874739054,0.0619758385522604
2.52719999999857,1.19758030418174,1.13575302915159,0.061827275030149
2.53079999999857,1.19750620048298,1.13582713285035,0.0616790676326278
2.53439999999857,1.19743227441968,1.13590105891366,0.0615312155060233
2.53799999999856,1.19735852556602,1.13597480776731,0.0613837177987082
2.54159999999856,1.19728495349722,1.13604837983612,0.0612365736610974
2.54519999999856,1.19721155778949,1.13612177554385,0.061089782245642
2.54879999999856,1.19713833802008,1.13619499531325,0.0609433427068244
2.55239999999855,1.19706529376724,1.13626803956609,0.0607972542011539
2.55599999999855,1.19699242461025,1.13634090872309,0.0606515158871623
2.55959999999855,1.19691973012937,1.13641360320397,0.0605061269253975
2.56319999999855,1.19684720990588,1.13648612342746,0.0603610864784212
2.56679999999855,1.19677486352207,1.13655846981127,0.0602163937108011
2.57039999999854,1.19670269056122,1.13663064277211,0.0600720477891079
2.57399999999854,1.19663069060762,1.13670264272571,0.0599280478819106
2.57759999999854,1.19655886324655,1.13677447008678,0.059784393159771
2.58119999999854,1.19648720806429,1.13684612526905,0.0596410827952387
2.58479999999854,1.19641572464809,1.13691760868524,0.0594981159628478
2.58839999999853,1.19634441258622,1.13698892074711,0.0593554918391097
2.59199999999853,1.19627327146792,1.13706006186541,0.0592132096025111
2.59559999999853,1.19620230088342,1.13713103244991,0.0590712684335077
2.59919999999853,1.19613150042393,1.13720183290941,0.0589296675145194
2.60279999999853,1.19606086968163,1.1372724636517,0.058788406029926
2.60639999999852,1.1959904082497,1.13734292508364,0.0586474831660624
2.60999999999852,1.19592011572227,1.13741321761106,0.0585068981112142
2.61359999999852,1.19584999169447,1.13748334163886,0.0583666500556133
2.61719999999852,1.19578003576238,1.13755329757095,0.0582267381914308
2.62079999999852,1.19571024752305,1.13762308581028,0.0580871617127761
2.62439999999851,1.19564062657451,1.13769270675882,0.0579479198156903
2.62799999999851,1.19557117251574,1.1377621608176,0.0578090116981409
2.63159999999851,1.19550188494668,1.13783144838666,0.0576704365600178
2.63519999999851,1.19543276346823,1.1379005698651,0.0575321936031301
2.63879999999851,1.19536380768227,1.13796952565107,0.057394282031199
2.6423999999985,1.19529501719159,1.13803831614174,0.0572567010498553
2.6459999999985,1.19522639159998,1.13810694173335,0.0571194498666339
2.6495999999985,1.19515793051215,1.13817540282118,0.0569825276909683
2.6531999999985,1.19508963353376,1.13824369979957,0.0568459337341887
2.6567999999985,1.19502150027142,1.13831183306191,0.0567096672095149
2.66039999999849,1.19495353033269,1.13837980300064,0.0565737273320526
2.66399999999849,1.19488572332606,1.13844761000727,0.056438113318789
2.66759999999849,1.19481807886096,1.13851525447237,0.0563028243885895
2.67119999999849,1.19475059654776,1.13858273678557,0.0561678597621902
2.67479999999849,1.19468327599776,1.13865005733557,0.0560332186621961
2.67839999999848,1.1946161168232,1.13871721651013,0.0558989003130752
2.68199999999848,1.19454911863724,1.13878421469609,0.0557649039411556
2.68559999999848,1.19448228105398,1.13885105227936,0.0556312287746195
2.68919999999848,1.19441560368842,1.13891772964492,0.0554978740434979
2.69279999999848,1.1943490861565,1.13898424717683,0.0553648389796697
2.69639999999847,1.19428272807509,1.13905060525824,0.0552321228168537
2.69999999999847,1.19421652906197,1.13911680427136,0.0550997247906064
2.70359999999847,1.19415048873582,1.13918284459751,0.0549676441383151
2.70719999999847,1.19408460671627,1.13924872661707,0.0548358800991973
2.71079999999847,1.19401888262381,1.13931445070952,0.0547044319142929
2.71439999999846,1.1939533160799,1.13938001725344,0.0545732988264613
2.71799999999846,1.19388790670686,1.13944542662648,0.0544424800803773
2.72159999999846,1.19382265412793,1.1395106792054,0.054311974922526
2.72519999999846,1.19375755796727,1.13957577536607,0.0541817826011988
2.72879999999846,1.19369261784991,1.13964071548342,0.0540519023664885
2.73239999999845,1.19362783340181,1.13970549993152,0.053922333470287
2.73599999999845,1.19356320424981,1.13977012908353,0.0537930751662774
2.73959999999845,1.19349873002163,1.1398346033117,0.053664126709934
2.74319999999845,1.19343441034592,1.13989892298741,0.0535354873585141
2.74679999999845,1.19337024485219,1.13996308848114,0.0534071563710561
2.75039999999844,1.19330623317085,1.14002710016248,0.0532791330083748
2.75399999999844,1.1932423749332,1.14009095840014,0.0531514165330567
2.75759999999844,1.19317866977139,1.14015466356194,0.0530240062094562
2.76119999999844,1.19311511731851,1.14021821601482,0.0528969013036904
2.76479999999843,1.19305171720848,1.14028161612485,0.0527701010836363
2.76839999999843,1.19298846907613,1.1403448642572,0.0526436048189254
2.77199999999843,1.19292537255714,1.1404079607762,0.0525174117809408
2.77559999999843,1.19286242728807,1.14047090604526,0.0523915212428117
2.77919999999843,1.19279963290637,1.14053370042696,0.052265932479409
2.78279999999842,1.19273698905034,1.140596344283,0.0521406447673431
2.78639999999842,1.19267449535915,1.14065883797419,0.0520156573849571
2.78999999999842,1.19261215147283,1.1407211818605,0.0518909696123258
2.79359999999842,1.19254995703229,1.14078337630104,0.0517665807312475
2.79719999999842,1.19248791167929,1.14084542165404,0.0516424900252437
2.80079999999841,1.19242601505644,1.14090731827689,0.0515186967795536
2.80439999999841,1.19236426680723,1.1409690665261,0.0513952002811284
2.80799999999841,1.19230266657598,1.14103066675735,0.0512719998186295
2.81159999999841,1.19224121400788,1.14109211932546,0.0511490946824231
2.81519999999841,1.19217990874896,1.14115342458438,0.0510264841645771
2.8187999999984,1.19211875044609,1.14121458288724,0.0509041675588553
2.8223999999984,1.19205773874702,1.14127559458631,0.0507821441607157
2.8259999999984,1.19199687330032,1.14133646003301,0.0506604132673041
2.8295999999984,1.19193615375539,1.14139717957794,0.0505389741774518
2.8331999999984,1.1918755797625,1.14145775357083,0.0504178261916703
2.83679999999839,1.19181515097274,1.14151818236059,0.0502969686121491
2.84039999999839,1.19175486703804,1.14157846629529,0.0501764007427483
2.84399999999839,1.19169472761117,1.14163860572217,0.0500561218889988
2.84759999999839,1.19163473234571,1.14169860098762,0.0499361313580953
2.85119999999839,1.19157488089611,1.14175845243722,0.0498164284588931
2.85479999999838,1.19151517291762,1.14181816041571,0.0496970125019045
2.85839999999838,1.19145560806631,1.14187772526702,0.0495778827992952
2.86199999999838,1.19139618599911,1.14193714733423,0.0494590386648781
2.86559999999838,1.19133690637372,1.14199642695961,0.0493404794141128
2.86919999999838,1.19127776884872,1.14205556448462,0.0492222043640984
2.87279999999837,1.19121877308345,1.14211456024988,0.0491042128335721
2.87639999999837,1.19115991873812,1.14217341459521,0.0489865041429036
2.87999999999837,1.19110120547371,1.14223212785962,0.0488690776140916
2.88359999999837,1.19104263295205,1.14229070038129,0.0487519325707604
2.88719999999837,1.19098420083574,1.14234913249759,0.0486350683381551
2.89079999999836,1.19092590878824,1.1424074245451,0.0485184842431394
2.89439999999836,1.19086775647376,1.14246557685957,0.0484021796141896
2.89799999999836,1.19080974355736,1.14252358977597,0.0482861537813917
2.90159999999836,1.19075186970489,1.14258146362845,0.0481704060764381
2.90519999999836,1.19069413458298,1.14263919875036,0.0480549358326232
2.90879999999835,1.19063653785909,1.14269679547425,0.0479397423848391
2.91239999999835,1.19057907920145,1.14275425413188,0.0478248250695725
2.91599999999835,1.19052175827912,1.14281157505422,0.0477101832249005
2.91959999999835,1.19046457476191,1.14286875857142,0.0475958161904875
2.92319999999835,1.19040752832046,1.14292580501288,0.0474817233075799
2.92679999999834,1.19035061862617,1.14298271470716,0.047367903919004
2.93039999999834,1.19029384535125,1.14303948798209,0.0472543573691606
2.93399999999834,1.19023720816868,1.14309612516466,0.0471410830040226
2.93759999999834,1.19018070675223,1.1431526265811,0.0470280801711311
2.94119999999833,1.19012434077646,1.14320899255687,0.0469153482195903
2.94479999999833,1.1900681099167,1.14326522341663,0.0468028865000649
2.94839999999833,1.19001201384906,1.14332131948428,0.0466906943647771
2.95199999999833,1.18995605225042,1.14337728108292,0.0465787711675003
2.95559999999833,1.18990022479845,1.14343310853489,0.0464671162635582
2.95919999999832,1.18984453117158,1.14348880216176,0.0463557290098195
2.96279999999832,1.18978897104901,1.14354436228432,0.0462446087646944
2.96639999999832,1.18973354411073,1.1435997892226,0.0461337548881313
2.96999999999832,1.18967825003747,1.14365508329586,0.0460231667416131
2.97359999999832,1.18962308851074,1.14371024482259,0.0459128436881524
2.97719999999831,1.18956805921281,1.14376527412052,0.0458027850922895
2.98079999999831,1.18951316182671,1.14382017150662,0.045692990320088
2.98439999999831,1.18945839603623,1.1438749372971,0.0455834587391308
2.98799999999831,1.18940376152593,1.14392957180741,0.0454741897185171
2.99159999999831,1.1893492579811,1.14398407535224,0.0453651826288581
2.9951999999983,1.1892948850878,1.14403844824553,0.0452564368422737
2.9987999999983,1.18924064253286,1.14409269080047,0.0451479517323896
3.0023999999983,1.18918653000383,1.1441468033295,0.0450397266743316
3.0059999999983,1.18913254718903,1.1442007861443,0.0449317610447251
3.0095999999983,1.18907869377751,1.14425463955582,0.0448240542216887
3.01319999999829,1.18902496945908,1.14430836387425,0.0447166055848316
3.01679999999829,1.18897137392429,1.14436195940904,0.0446094145152511
3.02039999999829,1.18891790686443,1.1444154264689,0.0445024803955274
3.02399999999829,1.18886456797153,1.14446876536181,0.0443958026097206
3.02759999999829,1.18881135693835,1.14452197639498,0.0442893805433675
3.03119999999828,1.18875827345841,1.14457505987493,0.0441832135834783
3.03479999999828,1.18870531722593,1.1446280161074,0.0440773011185325
3.03839999999828,1.1886524879359,1.14468084539743,0.043971642538474
3.04199999999828,1.18859978528402,1.14473354804931,0.0438662372347112
3.04559999999828,1.18854720896672,1.14478612436661,0.04376108460011
3.04919999999827,1.18849475868116,1.14483857465217,0.0436561840289924
3.05279999999827,1.18844243412523,1.1448908992081,0.0435515349171318
3.05639999999827,1.18839023499754,1.14494309833579,0.0434471366617502
3.05999999999827,1.18833816099742,1.14499517233591,0.0433429886615144
3.06359999999827,1.18828621182493,1.1450471215084,0.0432390903165334
3.06719999999826,1.18823438718084,1.14509894615249,0.0431354410283529
3.07079999999826,1.18818268676664,1.14515064656669,0.0430320401999538
3.07439999999826,1.18813111028454,1.14520222304879,0.0429288872357487
3.07799999999826,1.18807965743746,1.14525367589588,0.042825981541577
3.08159999999826,1.18802832792902,1.14530500540432,0.0427233225247032
3.08519999999825,1.18797712146357,1.14535621186976,0.0426209095938117
3.08879999999825,1.18792603774617,1.14540729558716,0.042518742159005
3.09239999999825,1.18787507648257,1.14545825685077,0.0424168196318
3.09599999999825,1.18782423737923,1.14550909595411,0.042315141425123
3.09959999999825,1.18777352014332,1.14555981319001,0.0422137069533091
3.10319999999824,1.18772292448271,1.14561040885062,0.0421125156320961
3.10679999999824,1.18767245010598,1.14566088322736,0.042011566878623
3.11039999999824,1.18762209672238,1.14571123661095,0.041910860111426
3.11399999999824,1.18757186404188,1.14576146929145,0.0418103947504347
3.11759999999824,1.18752175177515,1.14581158155818,0.0417101702169695
3.12119999999823,1.18747175963354,1.1458615736998,0.0416101859337381
3.12479999999823,1.18742188732908,1.14591144600425,0.0415104413248315
3.12839999999823,1.18737213457453,1.14596119875881,0.0414109358157217
3.13199999999823,1.1873225010833,1.14601083225004,0.0413116688332582
3.13559999999823,1.1872729865695,1.14606034676383,0.0412126398056636
3.13919999999822,1.18722359074793,1.1461097425854,0.0411138481625315
3.14279999999822,1.18717431333408,1.14615901999926,0.0410152933348231
3.14639999999822,1.1871251540441,1.14620817928923,0.0409169747548634
3.14999999999822,1.18707611259484,1.1462572207385,0.0408188918563379
3.15359999999821,1.18702718870381,1.14630614462952,0.0407210440742904
3.15719999999821,1.18697838208923,1.14635495124411,0.0406234308451179
3.16079999999821,1.18692969246995,1.14640364086338,0.0405260516065695
3.16439999999821,1.18688111956554,1.1464522137678,0.0404289057977412
3.16799999999821,1.1868326630962,1.14650067023713,0.0403319928590742
3.1715999999982,1.18678432278284,1.14654901055049,0.0402353122323511
3.1751999999982,1.18673609834701,1.14659723498632,0.0401388633606914
3.1787999999982,1.18668798951094,1.14664534382239,0.0400426456885512
3.1823999999982,1.18663999599753,1.14669333733581,0.0399466586617174
3.1859999999982,1.18659211753032,1.14674121580301,0.039850901727305
3.18959999999819,1.18654435383354,1.14678897949979,0.0397553743337555
3.19319999999819,1.18649670463208,1.14683662870125,0.0396600759308317
3.19679999999819,1.18644916965147,1.14688416368186,0.0395650059696153
3.20039999999819,1.18640174861792,1.14693158471541,0.0394701639025044
3.20399999999819,1.18635444125827,1.14697889207506,0.0393755491832095
3.20759999999818,1.18630724730004,1.14702608603329,0.0392811612667503
3.21119999999818,1.18626016647139,1.14707316686194,0.0391869996094536
3.21479999999818,1.18621319850114,1.14712013483219,0.0390930636689486
3.21839999999818,1.18616634311875,1.14716699021458,0.0389993529041657
3.22199999999818,1.18611960005433,1.147213733279,0.038905866775331
3.22559999999817,1.18607296903865,1.14726036429468,0.0388126047439654
3.22919999999817,1.18602644980311,1.14730688353023,0.0387195662728805
3.23279999999817,1.18598004207975,1.14735329125358,0.0386267508261755
3.23639999999817,1.18593374560128,1.14739958773205,0.0385341578692342
3.23999999999817,1.18588756010103,1.14744577323231,0.0384417868687217
3.24359999999816,1.18584148531296,1.14749184802038,0.0383496372925818
3.24719999999816,1.18579552097168,1.14753781236165,0.0382577086100337
3.25079999999816,1.18574966681245,1.14758366652088,0.0381660002915698
3.25439999999816,1.18570392257114,1.14762941076219,0.0380745118089496
3.25799999999816,1.18565828798427,1.14767504534907,0.0379832426352014
3.26159999999815,1.18561276278897,1.14772057054436,0.0378921922446145
3.26519999999815,1.18556734672304,1.1477659866103,0.0378013601127403
3.26879999999815,1.18552203952486,1.14781129380847,0.0377107457163854
3.27239999999815,1.18547684093347,1.14785649239986,0.0376203485336131
3.27599999999815,1.18543175068853,1.1479015826448,0.037530168043735
3.27959999999814,1.18538676853032,1.14794656480301,0.0374402037273132
3.28319999999814,1.18534189419974,1.14799143913359,0.037350455066153
3.28679999999814,1.18529712743832,1.14803620589501,0.037260921543304
3.29039999999814,1.18525246798819,1.14808086534514,0.0371716026430533
3.29399999999814,1.18520791559213,1.1481254177412,0.0370824978509241
3.29759999999813,1.1851634699935,1.14816986333983,0.0369936066536749
3.30119999999813,1.18511913093631,1.14821420239702,0.0369049285392922
3.30479999999813,1.18507489816516,1.14825843516817,0.0368164629969912
3.30839999999813,1.18503077142527,1.14830256190806,0.0367282095172108
3.31199999999812,1.18498675046247,1.14834658287086,0.0366401675916119
3.31559999999812,1.1849428350232,1.14839049831013,0.0365523367130738
3.31919999999812,1.18489902485451,1.14843430847882,0.036464716375691
3.32279999999812,1.18485531970405,1.14847801362928,0.0363773060747714
3.32639999999812,1.18481171932008,1.14852161401325,0.0362901053068325
3.32999999999811,1.18476822345147,1.14856510988187,0.0362031135695984
3.33359999999811,1.18472483184767,1.14860850148567,0.0361163303619974
3.33719999999811,1.18468154425875,1.14865178907459,0.0360297551841591
3.34079999999811,1.18463836043537,1.14869497289796,0.0359433875374109
3.34439999999811,1.1845952801288,1.14873805320453,0.0358572269242761
3.3479999999981,1.1845523030909,1.14878103024243,0.0357712728484705
3.3515999999981,1.18450942907412,1.14882390425922,0.0356855248148991
3.3551999999981,1.18446665783149,1.14886667550184,0.0355999823296536
3.3587999999981,1.18442398911667,1.14890934421666,0.0355146449000106
3.3623999999981,1.18438142268388,1.14895191064945,0.0354295120344268
3.36599999999809,1.18433895828794,1.1489943750454,0.0353445832425379
3.36959999999809,1.18429659568424,1.14903673764909,0.0352598580351546
3.37319999999809,1.1842543346288,1.14907899870454,0.0351753359242604
3.37679999999809,1.18421217487817,1.14912115845516,0.0350910164230083
3.38039999999809,1.18417011618953,1.14916321714381,0.0350068990457195
3.38399999999808,1.18412815832061,1.14920517501273,0.0349229833078779
3.38759999999808,1.18408630102973,1.1492470323036,0.0348392687261299
3.39119999999808,1.18404454407581,1.14928878925753,0.0347557548182802
3.39479999999808,1.18400288721831,1.14933044611502,0.0346724411032893
3.39839999999808,1.1839613302173,1.14937200311603,0.0345893271012707
3.40199999999807,1.18391987283341,1.14941346049992,0.0345064123334886
3.40559999999807,1.18387851482784,1.14945481850549,0.0344236963223548
3.40919999999807,1.18383725596238,1.14949607737095,0.0343411785914256
3.41279999999807,1.18379609599937,1.14953723733397,0.0342588586653993
3.41639999999807,1.18375503470172,1.14957829863161,0.0341767360701144
3.41999999999806,1.18371407183294,1.14961926150039,0.0340948103325449
3.42359999999806,1.18367320715707,1.14966012617627,0.0340130809807995
3.42719999999806,1.18363244043873,1.14970089289461,0.0339315475441178
3.43079999999806,1.1835917714431,1.14974156189023,0.0338502095528679
3.43439999999806,1.18355119993594,1.14978213339739,0.0337690665385437
3.43799999999805,1.18351072568355,1.14982260764979,0.0336881180337614
3.44159999999805,1.1834703484528,1.14986298488054,0.0336073635722596
3.44519999999805,1.18343006801111,1.14990326532222,0.0335268026888922
3.44879999999805,1.18338988412648,1.14994344920685,0.0334464349196295
3.45239999999805,1.18334979656744,1.14998353676589,0.0333662598015538
3.45599999999804,1.1833098051031,1.15002352823024,0.0332862768728575
3.45959999999804,1.18326990950309,1.15006342383025,0.0332064856728389
3.46319999999804,1.18323010953762,1.15010322379572,0.0331268857419018
3.46679999999804,1.18319040497744,1.15014292835589,0.0330474766215512
3.47039999999804,1.18315079559386,1.15018253773947,0.0329682578543913
3.47399999999803,1.18311128115873,1.15022205217461,0.0328892289841223
3.47759999999803,1.18307186144444,1.1502614718889,0.0328103895555387
3.48119999999803,1.18303253622393,1.1503007971094,0.0327317391145263
3.48479999999803,1.1829933052707,1.15034002806264,0.0326532772080592
3.48839999999803,1.18295416835877,1.15037916497457,0.0325750033841972
3.49199999999802,1.18291512526271,1.15041820807062,0.0324969171920839
3.49559999999802,1.18287617575764,1.15045715757569,0.0324190181819433
3.49919999999802,1.18283731961921,1.15049601371413,0.0323413059050779
3.50279999999802,1.1827985566236,1.15053477670973,0.0322637799138656
3.50639999999802,1.18275988654755,1.15057344678579,0.0321864397617577
3.50999999999801,1.1827213091683,1.15061202416503,0.0321092850032749
3.51359999999801,1.18268282426367,1.15065050906966,0.032032315194007
3.51719999999801,1.18264443161197,1.15068890172136,0.031955529890608
3.52079999999801,1.18260613099206,1.15072720234127,0.0318789286507954
3.524399999998,1.18256792218334,1.15076541114999,0.0318025110333471
3.527999999998,1.18252980496572,1.15080352836762,0.0317262765980979
3.531599999998,1.18249177911964,1.1508415542137,0.0316502249059381
3.535199999998,1.18245384442607,1.15087948890726,0.0315743555188106
3.538799999998,1.18241600066652,1.15091733266681,0.0314986679997082
3.54239999999799,1.182378247623,1.15095508571033,0.0314231619126719
3.54599999999799,1.18234058507806,1.15099274825527,0.0313478368227866
3.54959999999799,1.18230301281476,1.15103032051858,0.031272692296181
3.55319999999799,1.18226553061668,1.15106780271666,0.0311977279000228
3.55679999999799,1.18222813826793,1.15110519506541,0.0311229432025184
3.56039999999798,1.18219083555312,1.15114249778021,0.0310483377729076
3.56399999999798,1.1821536222574,1.15117971107593,0.0309739111814646
3.56759999999798,1.18211649816641,1.15121683516692,0.0308996629994922
3.57119999999798,1.18207946306633,1.15125387026701,0.0308255927993217
3.57479999999798,1.18204251674382,1.15129081658951,0.0307517001543096
3.57839999999797,1.18200565898608,1.15132767434725,0.0306779846388348
3.58199999999797,1.18196888958081,1.15136444375252,0.0306044458282961
3.58559999999797,1.18193220831622,1.15140112501711,0.0305310832991115
3.58919999999797,1.18189561498102,1.15143771835231,0.0304578966287123
3.59279999999797,1.18185910936444,1.15147422396889,0.0303848853955448
3.59639999999796,1.1818226912562,1.15151064207713,0.0303120491790643
3.59999999999796,1.18178636044653,1.1515469728868,0.0302393875597353
3.60359999999796,1.18175011672618,1.15158321660715,0.030166900119027
3.60719999999796,1.18171395988637,1.15161937344696,0.0300945864394127
3.61079999999796,1.18167788971885,1.15165544361448,0.0300224461043659
3.61439999999795,1.18164190601585,1.15169142731749,0.0299504786983593
3.61799999999795,1.1816060085701,1.15172732476324,0.0298786838068608
3.62159999999795,1.18157019717483,1.1517631361585,0.0298070610163328
3.62519999999795,1.18153447162378,1.15179886170955,0.0297356099142283
3.62879999999795,1.18149883171116,1.15183450162217,0.0296643300889896
3.63239999999794,1.18146327723169,1.15187005610164,0.0295932211300458
3.63599999999794,1.18142780798057,1.15190552535276,0.0295222826278094
3.63959999999794,1.1813924237535,1.15194090957983,0.0294515141736758
3.64319999999794,1.18135712434668,1.15197620898666,0.0293809153600186
3.64679999999794,1.18132190955676,1.15201142377657,0.0293104857801898
3.65039999999793,1.18128677918092,1.15204655415241,0.0292402250285153
3.65399999999793,1.18125173301681,1.15208160031652,0.029170132700294
3.65759999999793,1.18121677086256,1.15211656247077,0.0291002083917944
3.66119999999793,1.18118189251679,1.15215144081654,0.0290304517002535
3.66479999999793,1.1811470977786,1.15218623555473,0.0289608622238726
3.66839999999792,1.18111238644758,1.15222094688576,0.0288914395618176
3.67199999999792,1.18107775832377,1.15225557500956,0.0288221833142142
3.67559999999792,1.18104321320774,1.15229012012559,0.0287530930821469
3.67919999999792,1.18100875090049,1.15232458243284,0.0286841684676566
3.68279999999792,1.18097437120354,1.1523589621298,0.0286154090737387
3.68639999999791,1.18094007391884,1.1523932594145,0.0285468145043388
3.68999999999791,1.18090585884884,1.15242747448449,0.0284783843643532
3.69359999999791,1.18087172579648,1.15246160753685,0.0284101182596246
3.69719999999791,1.18083767456514,1.1524956587682,0.0283420157969412
3.7007999999979,1.18080370495868,1.15252962837465,0.028274076584033
3.7043999999979,1.18076981678145,1.15256351655188,0.0282063002295707
3.7079999999979,1.18073600983825,1.15259732349508,0.0281386863431634
3.7115999999979,1.18070228393434,1.15263104939899,0.0280712345353555
3.7151999999979,1.18066863887548,1.15266469445785,0.0280039444176252
3.71879999999789,1.18063507446786,1.15269825886548,0.0279368156023818
3.72239999999789,1.18060159051815,1.15273174281518,0.027869847702964
3.72599999999789,1.18056818683349,1.15276514649985,0.0278030403336373
3.72959999999789,1.18053486322146,1.15279847011187,0.0277363931095918
3.73319999999789,1.18050161949014,1.1528317138432,0.0276699056469398
3.73679999999788,1.18046845544802,1.15286487788531,0.0276035775627144
3.74039999999788,1.1804353709041,1.15289796242923,0.0275374084748663
3.74399999999788,1.1804023656678,1.15293096766554,0.0274713980022618
3.74759999999788,1.18036943954901,1.15296389378433,0.0274055457646818
3.75119999999788,1.18033659235808,1.15299674097526,0.0273398513828174
3.75479999999787,1.1803038239058,1.15302950942753,0.0272743144782697
3.75839999999787,1.18027113400344,1.15306219932989,0.0272089346735462
3.76199999999787,1.1802385224627,1.15309481087064,0.0271437115920607
3.76559999999787,1.18020598909573,1.1531273442376,0.0270786448581282
3.76919999999787,1.18017353371515,1.15315979961818,0.0270137340969649
3.77279999999786,1.18014115613401,1.15319217719932,0.0269489789346853
3.77639999999786,1.18010885616582,1.15322447716752,0.0268843789983004
3.77999999999786,1.18007663362452,1.15325669970881,0.0268199339157149
3.78359999999786,1.18004448832453,1.1532888450088,0.0267556433157259
3.78719999999786,1.18001242008068,1.15332091325266,0.0266915068280198
3.79079999999785,1.17998042870825,1.15335290462508,0.0266275240831713
3.79439999999785,1.17994851402299,1.15338481931035,0.02656369471264
3.79799999999785,1.17991667584105,1.15341665749228,0.0265000183487694
3.80159999999785,1.17988491397906,1.15344841935427,0.0264364946247844
3.80519999999785,1.17985322825406,1.15348010507927,0.0263731231747883
3.80879999999784,1.17982161848355,1.15351171484979,0.0263099036337624
3.81239999999784,1.17979008448545,1.15354324884789,0.0262468356375629
3.81599999999784,1.17975862607813,1.15357470725521,0.0261839188229185
3.81959999999784,1.17972724308038,1.15360609025295,0.0261211528274286
3.82319999999784,1.17969593531145,1.15363739802189,0.0260585372895619
3.82679999999783,1.17966470259099,1.15366863074234,0.0259960718486532
3.83039999999783,1.17963354473912,1.15369978859422,0.0259337561449025
3.83399999999783,1.17960246157635,1.15373087175698,0.0258715898193713
3.83759999999783,1.17957145292366,1.15376188040968,0.0258095725139824
3.84119999999783,1.17954051860243,1.15379281473091,0.0257477038715168
3.84479999999782,1.17950965843447,1.15382367489886,0.0256859835356114
3.84839999999782,1.17947887224205,1.15385446109129,0.0256244111507573
3.85199999999782,1.17944815984782,1.15388517348552,0.0255629863622986
3.85559999999782,1.17941752107488,1.15391581225845,0.0255017088164289
3.85919999999782,1.17938695574676,1.15394637758657,0.0254405781601899
3.86279999999781,1.1793564636874,1.15397686964593,0.0253795940414694
3.86639999999781,1.17932604472117,1.15400728861217,0.0253187561089998
3.86999999999781,1.17929569867284,1.15403763466049,0.0252580640123548
3.87359999999781,1.17926542536764,1.15406790796569,0.0251975174019485
3.87719999999781,1.17923522463118,1.15409810870215,0.0251371159290328
3.8807999999978,1.17920509628951,1.15412823704382,0.025076859245696
3.8843999999978,1.1791750401691,1.15415829316424,0.0250167470048599
3.8879999999978,1.17914505609681,1.15418827723653,0.0249567788602787
3.8915999999978,1.17911514389993,1.1542181894334,0.0248969544665363
3.8951999999978,1.17908530340619,1.15424802992714,0.0248372734790443
3.89879999999779,1.17905553444369,1.15427779888965,0.0247777355540413
3.90239999999779,1.17902583684096,1.15430749649237,0.0247183403485889
3.90599999999779,1.17899621042695,1.15433712290638,0.0246590875205714
3.90959999999779,1.17896665503101,1.15436667830232,0.0245999767286931
3.91319999999778,1.1789371704829,1.15439616285043,0.0245410076324764
3.91679999999778,1.1789077566128,1.15442557672054,0.0244821798922594
3.92039999999778,1.17887841325126,1.15445492008207,0.0244234931691949
3.92399999999778,1.17884914022929,1.15448419310404,0.0243649471252481
3.92759999999778,1.17881993737826,1.15451339595507,0.0243065414231942
3.93119999999777,1.17879080452998,1.15454252880336,0.0242482757266169
3.93479999999777,1.17876174151662,1.15457159181671,0.0241901496999062
3.93839999999777,1.17873274817079,1.15460058516254,0.0241321630082563
3.94199999999777,1.1787038243255,1.15462950900783,0.0240743153176652
3.94559999999777,1.17867496981413,1.1546583635192,0.0240166062949299
3.94919999999776,1.17864618447049,1.15468714886284,0.0239590356076469
3.95279999999776,1.17861746812877,1.15471586520456,0.0239016029242103
3.95639999999776,1.17858882062357,1.15474451270976,0.0238443079138075
3.95999999999776,1.17856024178988,1.15477309154346,0.0237871502464202
3.96359999999776,1.17853173146308,1.15480160187026,0.0237301295928205
3.96719999999775,1.17850328947895,1.15483004385438,0.0236732456245698
3.97079999999775,1.17847491567368,1.15485841765966,0.0236164980140174
3.97439999999775,1.17844660988382,1.15488672344952,0.023559886434297
3.97799999999775,1.17841837194633,1.154914961387,0.0235034105593266
3.98159999999775,1.17839020169857,1.15494313163476,0.0234470700638056
3.98519999999774,1.17836209897827,1.15497123435506,0.0233908646232133
3.98879999999774,1.17833406362357,1.15499926970976,0.0233347939138067
3.99239999999774,1.17830609547298,1.15502723786036,0.0232788576126191
3.99599999999774,1.1782781943654,1.15505513896794,0.0232230553974577
3.99959999999774,1.17825036014012,1.15508297319322,0.0231673869469022
4.00319999999773,1.17822259263682,1.15511074069652,0.0231118519403031
4.00679999999773,1.17819489169556,1.15513844163778,0.0230564500577788
4.01039999999773,1.17816725715677,1.15516607617656,0.0230011809802153
4.01399999999773,1.1781396888613,1.15519364447203,0.0229460443892633
4.01759999999773,1.17811218665033,1.155221146683,0.0228910399673359
4.02119999999772,1.17808475036547,1.15524858296786,0.0228361673976083
4.02479999999772,1.17805737984867,1.15527595348466,0.0227814263640151
4.02839999999772,1.17803007494229,1.15530325839104,0.0227268165512484
4.03199999999772,1.17800283548904,1.15533049784429,0.022672337644756
4.03559999999772,1.17797566133204,1.1553576720013,0.0226179893307401
4.03919999999771,1.17794855231474,1.15538478101859,0.0225637712961546
4.04279999999771,1.17792150828102,1.15541182505231,0.0225096832287039
4.04639999999771,1.17789452907509,1.15543880425825,0.0224557248168418
4.04999999999771,1.17786761454155,1.15546571879178,0.0224018957497678
4.05359999999771,1.17784076452538,1.15549256880795,0.0223481957174274
4.0571999999977,1.17781397887192,1.15551935446141,0.0222946244105082
4.0607999999977,1.17778725742689,1.15554607590645,0.0222411815204402
4.0643999999977,1.17776060003636,1.15557273329697,0.0221878667393927
4.0679999999977,1.1777340065468,1.15559932678653,0.0221346797602735
4.0715999999977,1.17770747680503,1.1556258565283,0.0220816202767256
4.07519999999769,1.17768101065823,1.1556523226751,0.0220286879831266
4.07879999999769,1.17765460795396,1.15567872537937,0.0219758825745877
4.08239999999769,1.17762826854014,1.15570506479319,0.0219232037469494
4.08599999999769,1.17760199226506,1.15573134106828,0.0218706511967826
4.08959999999769,1.17757577897736,1.15575755435597,0.0218182246213847
4.09319999999768,1.17754962852606,1.15578370480728,0.0217659237187793
4.09679999999768,1.17752354076052,1.15580979257281,0.0217137481877134
4.10039999999768,1.17749751553049,1.15583581780284,0.0216616977276567
4.10399999999768,1.17747155268607,1.15586178064727,0.0216097720387989
4.10759999999767,1.17744565207769,1.15588768125564,0.0215579708220481
4.11119999999767,1.17741981355618,1.15591351977715,0.0215062937790302
4.11479999999767,1.17739403697271,1.15593929636062,0.0214547406120855
4.11839999999767,1.1773683221788,1.15596501115453,0.0214033110242686
4.12199999999767,1.17734266902634,1.15599066430699,0.021352004719345
4.12559999999766,1.17731707736756,1.15601625596577,0.0213008214017913
4.12919999999766,1.17729154705506,1.15604178627827,0.0212497607767916
4.13279999999766,1.17726607794179,1.15606725539155,0.0211988225502373
4.13639999999766,1.17724066988103,1.1560926634523,0.0211480064287246
4.13999999999766,1.17721532272644,1.15611801060689,0.0210973121195532
4.14359999999765,1.17719003633203,1.1561432970013,0.0210467393307241
4.14719999999765,1.17716481055214,1.1561685227812,0.0209962877709386
4.15079999999765,1.17713964524146,1.15619368809187,0.0209459571495962
4.15439999999765,1.17711454025506,1.15621879307827,0.0208957471767928
4.15799999999765,1.17708949544833,1.15624383788501,0.0208456575633194
4.16159999999764,1.177064510677,1.15626882265634,0.0207956880206601
4.16519999999764,1.17703958579716,1.15629374753617,0.0207458382609911
4.16879999999764,1.17701472066526,1.15631861266808,0.0206961079971779
4.17239999999764,1.17698991513805,1.15634341819528,0.0206464969427747
4.17599999999764,1.17696516907268,1.15636816426066,0.0205970048120221
4.17959999999763,1.17694048232659,1.15639285100674,0.0205476313198463
4.18319999999763,1.17691585475759,1.15641747857574,0.0204983761818558
4.18679999999763,1.17689128622384,1.1564420471095,0.0204492391143416
4.19039999999763,1.1768667765838,1.15646655674953,0.020400219834275
4.19399999999763,1.17684232569632,1.15649100763701,0.0203513180593047
4.19759999999762,1.17681793342055,1.15651539991279,0.0203025335077573
4.20119999999762,1.17679359961598,1.15653973371735,0.0202538658986342
4.20479999999762,1.17676932414247,1.15656400919086,0.0202053149516104
4.20839999999762,1.17674510686018,1.15658822647315,0.0201568803870324
4.21199999999762,1.17672094762963,1.15661238570371,0.0201085619259183
4.21559999999761,1.17669684631164,1.15663648702169,0.0200603592899533
4.21919999999761,1.17667280276741,1.15666053056592,0.0200122722014913
4.22279999999761,1.17664881685844,1.15668451647489,0.0199643003835506
4.22639999999761,1.17662488844657,1.15670844488676,0.0199164435598143
4.22999999999761,1.17660101739398,1.15673231593935,0.019868701454627
4.2335999999976,1.17657720356316,1.15675612977017,0.0198210737929949
4.2371999999976,1.17655344681696,1.15677988651637,0.0197735603005833
4.2407999999976,1.17652974701852,1.15680358631481,0.0197261607037145
4.2443999999976,1.17650610403135,1.15682722930198,0.0196788747293675
4.2479999999976,1.17648251771925,1.15685081561408,0.0196317021051751
4.25159999999759,1.17645898794638,1.15687434538695,0.0195846425594239
4.25519999999759,1.17643551457719,1.15689781875614,0.0195376958210509
4.25879999999759,1.17641209747649,1.15692123585685,0.0194908616196432
4.26239999999759,1.17638873650939,1.15694459682395,0.0194441396854366
4.26599999999759,1.17636543154132,1.15696790179201,0.019397529749313
4.26959999999758,1.17634218243807,1.15699115089527,0.0193510315427992
4.27319999999758,1.1763189890657,1.15701434426763,0.0193046447980663
4.27679999999758,1.17629585129063,1.1570374820427,0.0192583692479269
4.28039999999758,1.17627276897958,1.15706056435375,0.0192122046258343
4.28399999999758,1.17624974199961,1.15708359133373,0.0191661506658807
4.28759999999757,1.17622677021806,1.15710656311527,0.0191202071027956
4.29119999999757,1.17620385350264,1.15712947983069,0.0190743736719443
4.29479999999757,1.17618099172133,1.157152341612,0.0190286501093266
4.29839999999757,1.17615818474245,1.15717514859088,0.0189830361515757
4.30199999999756,1.17613543243464,1.15719790089869,0.0189375315359548
4.30559999999756,1.17611273466685,1.15722059866649,0.0188921360003584
4.30919999999756,1.17609009130832,1.15724324202501,0.0188468492833083
4.31279999999756,1.17606750222864,1.15726583110469,0.0188016711239534
4.31639999999756,1.1760449672977,1.15728836603563,0.0187566012620677
4.31999999999755,1.17602248638569,1.15731084694764,0.0187116394380493
4.32359999999755,1.17600005936313,1.15733327397021,0.0186667853929186
4.32719999999755,1.17597768610082,1.15735564723251,0.0186220388683165
4.33079999999755,1.17595536646992,1.15737796686341,0.0185773996065035
4.33439999999755,1.17593310034185,1.15740023299149,0.0185328673503578
4.33799999999754,1.17591088758835,1.15742244574498,0.0184884418433737
4.34159999999754,1.1758887280815,1.15744460525184,0.0184441228296612
4.34519999999754,1.17586662169364,1.1574667116397,0.0183999100539427
4.34879999999754,1.17584456829744,1.15748876503589,0.0183558032615532
4.35239999999754,1.17582256776589,1.15751076556745,0.0183118021984379
4.35599999999753,1.17580061997224,1.15753271336109,0.0182679066111511
4.35959999999753,1.17577872479009,1.15755460854324,0.0182241162468542
4.36319999999753,1.17575688209332,1.15757645124001,0.0181804308533156
4.36679999999753,1.17573509175612,1.15759824157721,0.0181368501789074
4.37039999999753,1.17571335365297,1.15761997968036,0.0180933739726055
4.37399999999752,1.17569166765866,1.15764166567467,0.0180500019839873
4.37759999999752,1.17567003364828,1.15766329968505,0.0180067339632306
4.38119999999752,1.17564845149722,1.15768488183611,0.0179635696611116
4.38479999999752,1.17562692108117,1.15770641225216,0.0179205088290046
4.38839999999752,1.17560544227611,1.15772789105723,0.0178775512188794
4.39199999999751,1.17558401495832,1.15774931837502,0.0178346965833005
4.39559999999751,1.17556263900438,1.15777069432895,0.0177919446754256
4.39919999999751,1.17554131429117,1.15779201904216,0.0177492952490044
4.40279999999751,1.17552004069585,1.15781329263748,0.0177067480583761
4.40639999999751,1.1754988180959,1.15783451523743,0.0176643028584693
4.4099999999975,1.17547764636907,1.15785568696427,0.0176219594048004
4.4135999999975,1.1754565253934,1.15787680793993,0.0175797174534709
4.4171999999975,1.17543545504725,1.15789787828608,0.0175375767611679
4.4207999999975,1.17541443520925,1.15791889812409,0.0174955370851611
4.4243999999975,1.17539346575832,1.15793986757502,0.0174535981833024
4.42799999999749,1.17537254657368,1.15796078675965,0.0174117598140244
4.43159999999749,1.17535167753484,1.1579816557985,0.0173700217363379
4.43519999999749,1.17533085852158,1.15800247481175,0.0173283837098321
4.43879999999749,1.175310089414,1.15802324391933,0.0172868454946726
4.44239999999748,1.17528937009247,1.15804396324087,0.0172454068515997
4.44599999999748,1.17526870043763,1.1580646328957,0.0172040675419265
4.44959999999748,1.17524808033044,1.1580852530029,0.0171628273275393
4.45319999999748,1.17522750965211,1.15810582368122,0.0171216859708949
4.45679999999748,1.17520698828418,1.15812634504916,0.0170806432350195
4.46039999999747,1.17518651610842,1.15814681722491,0.0170396988835069
4.46399999999747,1.17516609300693,1.15816724032641,0.016998852680518
4.46759999999747,1.17514571886206,1.15818761447128,0.0169581043907796
4.47119999999747,1.17512539355646,1.15820793977688,0.0169174537795815
4.47479999999747,1.17510511697305,1.15822821636028,0.016876900612776
4.47839999999746,1.17508488899506,1.15824844433828,0.0168364446567784
4.48199999999746,1.17506470950595,1.15826862382739,0.0167960856785616
4.48559999999746,1.1750445783895,1.15828875494384,0.0167558234456588
4.48919999999746,1.17502449552975,1.15830883780359,0.0167156577261598
4.49279999999746,1.17500446081102,1.15832887252231,0.0166755882887102
4.49639999999745,1.17498447411792,1.15834885921541,0.0166356149025106
4.49999999999745,1.17496453533532,1.15836879799801,0.0165957373373147
4.50359999999745,1.17494464434838,1.15838868898495,0.0165559553634274
4.50719999999745,1.17492480104252,1.15840853229081,0.0165162687517058
4.51079999999745,1.17490500530344,1.15842832802989,0.0164766772735547
4.51439999999744,1.17488525701713,1.1584480763162,0.0164371807009276
4.51799999999744,1.17486555606983,1.1584677772635,0.016397778806325
4.52159999999744,1.17484590234806,1.15848743098527,0.0163584713627916
4.52519999999744,1.17482629573863,1.15850703759471,0.0163192581439175
4.52879999999744,1.17480673612858,1.15852659720475,0.0162801389238345
4.53239999999743,1.17478722340527,1.15854610992806,0.0162411134772165
4.53599999999743,1.17476775745631,1.15856557587703,0.016202181579277
4.53959999999743,1.17474833816955,1.15858499516378,0.0161633430057686
4.54319999999743,1.17472896543316,1.15860436790018,0.0161245975329816
4.54679999999743,1.17470963913554,1.1586236941978,0.0160859449377422
4.55039999999742,1.17469035916537,1.15864297416796,0.0160473849974123
4.55399999999742,1.17467112541161,1.15866220792172,0.0160089174898863
4.55759999999742,1.17465193776346,1.15868139556987,0.0159705421935918
4.56119999999742,1.17463279611041,1.15870053722292,0.0159322588874875
4.56479999999742,1.1746137003422,1.15871963299114,0.0158940673510624
4.56839999999741,1.17459465034883,1.1587386829845,0.0158559673643326
4.57199999999741,1.17457564602059,1.15875768731274,0.0158179587078433
4.57559999999741,1.174556687248,1.15877664608533,0.0157800411626645
4.57919999999741,1.17453777392186,1.15879555941147,0.0157422145103918
4.58279999999741,1.17451890593324,1.15881442740009,0.0157044785331435
4.5863999999974,1.17450008317345,1.15883325015989,0.0156668330135612
4.5899999999974,1.17448130553407,1.15885202779926,0.0156292777348068
4.5935999999974,1.17446257290695,1.15887076042639,0.0155918124805621
4.5971999999974,1.17444388518418,1.15888944814915,0.0155544370350278
4.6007999999974,1.17442524225813,1.15890809107521,0.0155171511829211
4.60439999999739,1.1744066440214,1.15892668931193,0.0154799547094766
4.60799999999739,1.17438809036689,1.15894524296645,0.0154428474004422
4.61159999999739,1.17436958118771,1.15896375214563,0.0154058290420809
4.61519999999739,1.17435111637725,1.15898221695608,0.0153688994211667
4.61879999999739,1.17433269582916,1.15900063750417,0.0153320583249852
4.62239999999738,1.17431431943733,1.159019013896,0.0152953055413321
4.62599999999738,1.17429598709592,1.15903734623741,0.0152586408585118
4.62959999999738,1.17427769869933,1.159055634634,0.015222064065336
4.63319999999738,1.17425945414223,1.15907387919111,0.0151855749511227
4.63679999999738,1.17424125331951,1.15909208001382,0.015149173305695
4.64039999999737,1.17422309612636,1.15911023720698,0.0151128589193792
4.64399999999737,1.17420498245817,1.15912835087516,0.0150766315830055
4.64759999999737,1.17418691221062,1.15914642112271,0.0150404910879043
4.65119999999737,1.17416888527962,1.15916444805371,0.0150044372259066
4.65479999999736,1.17415090156134,1.159182431772,0.0149684697893426
4.65839999999736,1.17413296095219,1.15920037238115,0.0149325885710401
4.66199999999736,1.17411506334883,1.1592182699845,0.0148967933643236
4.66559999999736,1.17409720864817,1.15923612468516,0.0148610839630134
4.66919999999736,1.17407939674738,1.15925393658596,0.0148254601614231
4.67279999999735,1.17406162754385,1.15927170578949,0.0147899217543597
4.67639999999735,1.17404390093523,1.15928943239811,0.014754468537123
4.67999999999735,1.17402621681942,1.15930711651392,0.0147191003055023
4.68359999999735,1.17400857509456,1.15932475823878,0.0146838168557768
4.68719999999735,1.17399097565902,1.15934235767431,0.0146486179847145
4.69079999999734,1.17397341841145,1.15935991492188,0.01461350348957
4.69439999999734,1.17395590325071,1.15937743008262,0.014578473168084
4.69799999999734,1.17393843007591,1.15939490325743,0.0145435268184824
4.70159999999734,1.1739209987864,1.15941233454693,0.0145086642394743
4.70519999999734,1.17390360928179,1.15942972405154,0.0144738852302515
4.70879999999733,1.17388626146191,1.15944707187142,0.0144391895904874
4.71239999999733,1.17386895522683,1.1594643781065,0.0144045771203352
4.71599999999733,1.17385169047688,1.15948164285645,0.0143700476204276
4.71959999999733,1.1738344671126,1.15949886622073,0.0143356008918747
4.72319999999733,1.1738172850348,1.15951604829853,0.0143012367362636
4.72679999999732,1.1738001441445,1.15953318918884,0.0142669549556576
4.73039999999732,1.17378304434296,1.15955028899037,0.0142327553525932
4.73399999999732,1.17376598553171,1.15956734780163,0.0141986377300813
4.73759999999732,1.17374896761247,1.15958436572086,0.0141646018916048
4.74119999999732,1.17373199048723,1.15960134284611,0.0141306476411176
4.74479999999731,1.17371505405819,1.15961827927515,0.0140967747830429
4.74839999999731,1.1736981582278,1.15963517510553,0.0140629831222741
4.75199999999731,1.17368130289875,1.15965203043458,0.0140292724641708
4.75559999999731,1.17366448797395,1.15966884535939,0.0139956426145607
4.75919999999731,1.17364771335653,1.1596856199768,0.0139620933797355
4.7627999999973,1.17363097894989,1.15970235438344,0.0139286245664521
4.7663999999973,1.17361428465763,1.1597190486757,0.0138952359819302
4.7699999999973,1.17359763038359,1.15973570294974,0.0138619274338523
4.7735999999973,1.17358101603185,1.15975231730149,0.0138286987303611
4.7771999999973,1.1735644415067,1.15976889182664,0.0137955496800595
4.78079999999729,1.17354790671267,1.15978542662066,0.0137624800920093
4.78439999999729,1.17353141155453,1.1598019217788,0.0137294897757303
4.78799999999729,1.17351495593727,1.15981837739607,0.0136965785411982
4.79159999999729,1.17349853976609,1.15983479356724,0.0136637461988445
4.79519999999729,1.17348216294644,1.15985117038689,0.0136309925595552
4.79879999999728,1.173465825384,1.15986750794933,0.0135983174346699
4.80239999999728,1.17344952698466,1.15988380634868,0.0135657206359798
4.80599999999728,1.17343326765453,1.1599000656788,0.0135332019757279
4.80959999999728,1.17341704729997,1.15991628603336,0.0135007612666069
4.81319999999728,1.17340086582755,1.15993246750579,0.0134683983217585
4.81679999999727,1.17338472314405,1.15994861018928,0.0134361129547724
4.82039999999727,1.17336861915651,1.15996471417682,0.0134039049796855
4.82399999999727,1.17335255377216,1.15998077956118,0.0133717742109796
4.82759999999727,1.17333652689846,1.15999680643488,0.0133397204635819
4.83119999999727,1.1733205384431,1.16001279489024,0.0133077435528632
4.83479999999726,1.17330458831398,1.16002874501935,0.0132758432946367
4.83839999999726,1.17328867641925,1.16004465691409,0.0132440195051573
4.84199999999726,1.17327280266723,1.16006053066611,0.0132122720011201
4.84559999999726,1.1732569669665,1.16007636636684,0.0131806005996598
4.84919999999726,1.17324116922584,1.16009216410749,0.0131490051183494
4.85279999999725,1.17322540935427,1.16010792397907,0.0131174853751992
4.85639999999725,1.17320968726099,1.16012364607234,0.0130860411886555
4.85999999999725,1.17319400285547,1.16013933047787,0.0130546723776004
4.86359999999725,1.17317835604734,1.16015497728599,0.0130233787613494
4.86719999999724,1.17316274674649,1.16017058658684,0.0129921601596521
4.87079999999724,1.17314717486301,1.16018615847032,0.0129610163926892
4.87439999999724,1.1731316403072,1.16020169302613,0.0129299472810731
4.87799999999724,1.17311614298959,1.16021719034374,0.0128989526458454
4.88159999999724,1.17310068282091,1.16023265051243,0.0128680323084782
4.88519999999723,1.1730852597121,1.16024807362123,0.0128371860908698
4.88879999999723,1.17306987357434,1.16026345975899,0.0128064138153465
4.89239999999723,1.173054524319,1.16027880901434,0.0127757153046606
4.89599999999723,1.17303921185766,1.16029412147567,0.0127450903819886
4.89959999999723,1.17302393610213,1.1603093972312,0.0127145388709311
4.90319999999722,1.17300869696442,1.16032463636891,0.0126840605955116
4.90679999999722,1.17299349435675,1.16033983897658,0.0126536553801759
4.91039999999722,1.17297832819156,1.16035500514177,0.0126233230497903
4.91399999999722,1.17296319838149,1.16037013495185,0.0125930634296401
4.91759999999722,1.17294810483938,1.16038522849395,0.0125628763454306
4.92119999999721,1.17293304747831,1.16040028585502,0.0125327616232844
4.92479999999721,1.17291802621154,1.1604153071218,0.0125027190897409
4.92839999999721,1.17290304095254,1.16043029238079,0.0124727485717557
4.93199999999721,1.17288809161502,1.16044524171832,0.0124428498966984
4.93559999999721,1.17287317811284,1.16046015522049,0.0124130228923529
4.9391999999972,1.17285830036012,1.16047503297321,0.0123832673869162
4.9427999999972,1.17284345827117,1.16048987506217,0.0123535832089967
4.9463999999972,1.17282865176047,1.16050468157286,0.0123239701876137
4.9499999999972,1.17281388074276,1.16051945259057,0.0122944281521966
4.9535999999972,1.17279914513296,1.16053418820037,0.0122649569325834
4.95719999999719,1.17278444484618,1.16054888848716,0.0122355563590202
4.96079999999719,1.17276977979775,1.16056355353559,0.0122062262621598
4.96439999999719,1.1727551499032,1.16057818343014,0.0121769664730613
4.96799999999719,1.17274055507826,1.16059277825507,0.0121477768231883
4.97159999999719,1.17272599523887,1.16060733809446,0.012118657144409
4.97519999999718,1.17271147030116,1.16062186303217,0.012089607268994
4.97879999999718,1.17269698018147,1.16063635315186,0.0120606270296164
4.98239999999718,1.17268252479634,1.16065080853699,0.0120317162593502
4.98599999999718,1.1726681040625,1.16066522927083,0.0120028747916696
4.98959999999717,1.17265371789689,1.16067961543644,0.0119741024604478
4.99319999999717,1.17263936621664,1.16069396711669,0.011945399099957
4.99679999999717,1.1726250489391,1.16070828439423,0.0119167645448655
5.00039999999717,1.17261076598179,1.16072256735155,0.0118881986302386
5.00399999999717,1.17259651726244,1.1607368160709,0.0118597011915369
5.00759999999716,1.17258230269897,1.16075103063436,0.0118312720646159
5.01119999999716,1.17256812220953,1.1607652111238,0.0118029110857232
5.01479999999716,1.17255397571242,1.16077935762092,0.0117746180915004
5.01839999999716,1.17253986312616,1.16079347020718,0.0117463929189801
5.02199999999716,1.17252578436946,1.16080754896387,0.0117182354055851
5.02559999999716,1.17251173936123,1.1608215939721,0.0116901453891287
5.02919999999715,1.17249772802057,1.16083560531276,0.0116621227078124
5.03279999999715,1.17248375026678,1.16084958306655,0.0116341672002263
5.03639999999715,1.17246980601934,1.16086352731399,0.0116062787053461
5.03999999999715,1.17245589519793,1.1608774381354,0.011578457062535
5.04359999999715,1.17244201772244,1.1608913156109,0.0115507021115402
5.04719999999714,1.17242817351291,1.16090515982042,0.0115230136924935
5.05079999999714,1.17241436248962,1.16091897084371,0.01149539164591
5.05439999999714,1.17240058457301,1.16093274876032,0.0114678358126867
5.05799999999714,1.17238683968372,1.16094649364962,0.0114403460341026
5.06159999999714,1.17237312774257,1.16096020559076,0.0114129221518162
5.06519999999713,1.1723594486706,1.16097388466273,0.0113855640078666
5.06879999999713,1.172345802389,1.16098753094433,0.0113582714446712
5.07239999999713,1.17233218881918,1.16100114451415,0.0113310443050245
5.07599999999713,1.17231860788272,1.16101472545062,0.0113038824320992
5.07959999999712,1.17230505950139,1.16102827383195,0.0112767856694425
5.08319999999712,1.17229154359716,1.16104178973618,0.0112497538609777
5.08679999999712,1.17227806009217,1.16105527324117,0.0112227868510015
5.09039999999712,1.17226460890876,1.16106872442457,0.0111958844841842
5.09399999999712,1.17225118996945,1.16108214336388,0.0111690466055685
5.09759999999711,1.17223780319695,1.16109553013638,0.0111422730605684
5.10119999999711,1.17222444851415,1.16110888481918,0.0111155636949685
5.10479999999711,1.17221112584413,1.16112220748921,0.011088918354923
5.10839999999711,1.17219783511014,1.16113549822319,0.0110623368869549
5.11199999999711,1.17218457623564,1.16114875709769,0.0110358191379556
5.1155999999971,1.17217134914426,1.16116198418908,0.0110093649551826
5.1191999999971,1.1721581537598,1.16117517957354,0.0109829741862602
5.1227999999971,1.17214499000626,1.16118834332708,0.0109566466791777
5.1263999999971,1.17213185780781,1.16120147552552,0.010930382282289
5.1299999999971,1.17211875708882,1.16121457624451,0.0109041808443116
5.13359999999709,1.17210568777383,1.1612276455595,0.0108780422143251
5.13719999999709,1.17209264978755,1.16124068354578,0.0108519662417712
5.14079999999709,1.17207964305489,1.16125369027844,0.0108259527764527
5.14439999999709,1.17206666750093,1.1612666658324,0.0108000016685323
5.14799999999709,1.17205372305093,1.1612796102824,0.0107741127685317
5.15159999999708,1.17204080963033,1.161292523703,0.0107482859273309
5.15519999999708,1.17202792716475,1.16130540616858,0.0107225209961679
5.15879999999708,1.17201507557998,1.16131825775335,0.0106968178266365
5.16239999999708,1.17200225480201,1.16133107853132,0.0106711762706868
5.16599999999708,1.17198946475698,1.16134386857635,0.010645596180624
5.16959999999707,1.17197670537122,1.16135662796211,0.0106200774091065
5.17319999999707,1.17196397657124,1.16136935676209,0.0105946198091467
5.17679999999707,1.17195127828372,1.16138205504961,0.0105692232341086
5.18039999999707,1.17193861043552,1.16139472289781,0.0105438875377086
5.18399999999707,1.17192597295367,1.16140736037966,0.0105186125740133
5.18759999999706,1.17191336576539,1.16141996756795,0.0104933981974389
5.19119999999706,1.17190078879804,1.16143254453529,0.0104682442627508
5.19479999999706,1.1718882419792,1.16144509135414,0.0104431506250626
5.19839999999706,1.17187572523658,1.16145760809675,0.0104181171398354
5.20199999999705,1.1718632384981,1.16147009483523,0.0103931436628761
5.20559999999705,1.17185078169184,1.1614825516415,0.010368230050338
5.20919999999705,1.17183835474603,1.16149497858731,0.0103433761587186
5.21279999999705,1.1718259575891,1.16150737574424,0.0103185818448603
5.21639999999705,1.17181359014964,1.16151974318369,0.0102938469659473
5.21999999999704,1.17180125235642,1.16153208097691,0.0102691713795073
5.22359999999704,1.17178894413837,1.16154438919496,0.0102445549434089
5.22719999999704,1.1717766654246,1.16155666790874,0.0102199975158619
5.23079999999704,1.17176441614437,1.16156891718896,0.0101954989554158
5.23439999999704,1.17175219622715,1.16158113710619,0.0101710591209589
5.23799999999703,1.17174000560253,1.16159332773081,0.0101466778717179
5.24159999999703,1.17172784420029,1.16160548913304,0.0101223550672569
5.24519999999703,1.17171571195041,1.16161762138293,0.010098090567477
5.24879999999703,1.17170360878297,1.16162972455036,0.0100738842326149
5.25239999999703,1.17169153462829,1.16164179870505,0.0100497359232423
5.25599999999702,1.1716794894168,1.16165384391653,0.010025645500265
5.25959999999702,1.17166747307913,1.16166586025421,0.0100016128249225
5.26319999999702,1.17165548554606,1.16167784778727,0.00997763775878657
5.26679999999702,1.17164352674855,1.16168980658479,0.00995372016376117
5.27039999999702,1.17163159661771,1.16170173671563,0.00992985990208117
5.27399999999701,1.17161969508482,1.16171363824851,0.00990605683631185
5.27759999999701,1.17160782208134,1.16172551125199,0.0098823108293471
5.28119999999701,1.17159597753887,1.16173735579446,0.00985862174441099
5.28479999999701,1.17158416138919,1.16174917194414,0.00983498944505401
5.28839999999701,1.17157237356424,1.16176095976909,0.00981141379515438
5.291999999997,1.17156061399612,1.16177271933721,0.00978789465891672
5.295599999997,1.1715488826171,1.16178445071623,0.00976443190087095
5.299199999997,1.1715371793596,1.16179615397373,0.00974102538587185
5.302799999997,1.17152550415622,1.16180782917712,0.00971767497909792
5.306399999997,1.17151385693969,1.16181947639364,0.00969438054605098
5.30999999999699,1.17150223764294,1.16183109569039,0.00967114195255547
5.31359999999699,1.17149064619905,1.16184268713429,0.00964795906475713
5.31719999999699,1.17147908254123,1.16185425079211,0.00962483174912276
5.32079999999699,1.17146754660289,1.16186578673045,0.00960175987243939
5.32439999999699,1.17145603831757,1.16187729501576,0.00957874330181285
5.32799999999698,1.171444557619,1.16188877571433,0.00955578190466833
5.33159999999698,1.17143310444104,1.16190022889229,0.00953287554874782
5.33519999999698,1.17142167871772,1.16191165461561,0.00951002410211155
5.33879999999698,1.17141028038323,1.1619230529501,0.00948722743313501
5.34239999999698,1.17139890937192,1.16193442396141,0.00946448541050926
5.34599999999697,1.17138756561829,1.16194576771505,0.00944179790324129
5.34959999999697,1.17137624905699,1.16195708427634,0.0094191647806503
5.35319999999697,1.17136495962285,1.16196837371048,0.00939658591237036
5.35679999999697,1.17135369725084,1.16197963608249,0.00937406116834727
5.36039999999697,1.17134246187609,1.16199087145725,0.00935159041883837
5.36399999999696,1.17133125343387,1.16200207989946,0.00932917353441232
5.36759999999696,1.17132007185964,1.16201326147369,0.00930681038594861
5.37119999999696,1.17130891708898,1.16202441624435,0.00928450084463539
5.37479999999696,1.17129778905765,1.16203554427568,0.00926224478196969
5.37839999999696,1.17128668770155,1.16204664563179,0.00924004206975693
5.38199999999695,1.17127561295672,1.16205772037661,0.00921789258010963
5.38559999999695,1.17126456475939,1.16206876857394,0.00919579618544697
5.38919999999695,1.17125354304591,1.16207979028742,0.00917375275849386
5.39279999999695,1.17124254775281,1.16209078558053,0.00915176217228053
5.39639999999695,1.17123157881674,1.1621017545166,0.0091298243001412
5.39999999999694,1.17122063617452,1.16211269715881,0.00910793901571383
5.40359999999694,1.17120971976314,1.1621236135702,0.00908610619293926
5.40719999999694,1.1711988295197,1.16213450381364,0.00906432570606119
5.41079999999694,1.17118796538148,1.16214536795185,0.00904259742962354
5.41439999999693,1.1711771272859,1.16215620604743,0.0090209212384722
5.41799999999693,1.17116631517054,1.16216701816279,0.00899929700775193
5.42159999999693,1.17115552897312,1.16217780436021,0.00897772461290769
5.42519999999693,1.17114476863151,1.16218856470183,0.00895620392968266
5.42879999999693,1.17113403408373,1.16219929924961,0.00893473483411777
5.43239999999692,1.17112332526794,1.16221000806539,0.00891331720255129
5.43599999999692,1.17111264212248,1.16222069121086,0.00889195091161765
5.43959999999692,1.17110198458579,1.16223134874754,0.00887063583824732
5.44319999999692,1.1710913525965,1.16224198073683,0.00884937185966583
5.44679999999692,1.17108074609336,1.16225258723997,0.0088281588533925
5.45039999999691,1.17107016501529,1.16226316831805,0.00880699669724083
5.45399999999691,1.17105960930133,1.16227372403201,0.00878588526931701
5.45759999999691,1.17104907889068,1.16228425444266,0.00876482444801918
5.46119999999691,1.17103857372269,1.16229475961065,0.00874381411203751
5.46479999999691,1.17102809373684,1.16230523959649,0.00872285414035234
5.4683999999969,1.17101763887278,1.16231569446055,0.00870194441223426
5.4719999999969,1.17100720907029,1.16232612426304,0.00868108480724383
5.4755999999969,1.17099680426928,1.16233652906405,0.00866027520522961
5.4791999999969,1.17098642440983,1.1623469089235,0.00863951548632858
5.4827999999969,1.17097606943215,1.16235726390118,0.00861880553096528
5.48639999999689,1.17096573927659,1.16236759405674,0.00859814521984981
5.48999999999689,1.17095543388366,1.16237789944968,0.00857753443397935
5.49359999999689,1.17094515319398,1.16238818013935,0.00855697305463599
5.49719999999689,1.17093489714836,1.16239843618497,0.00853646096338623
5.50079999999689,1.17092466568771,1.16240866764563,0.00851599804208059
5.50439999999688,1.17091445875309,1.16241887458024,0.00849558417285312
5.50799999999688,1.17090427628573,1.16242905704761,0.00847521923811967
5.51159999999688,1.17089411822696,1.16243921510638,0.00845490312057851
5.51519999999688,1.17088398451827,1.16244934881506,0.00843463570320924
5.51879999999688,1.1708738751013,1.16245945823203,0.00841441686927125
5.52239999999687,1.17086378991782,1.16246954341551,0.00839424650230458
5.52599999999687,1.17085372890973,1.1624796044236,0.00837412448612818
5.52959999999687,1.17084369201909,1.16248964131425,0.00835405070483897
5.53319999999687,1.17083367918807,1.16249965414526,0.00833402504281233
5.53679999999687,1.17082369035902,1.16250964297432,0.00831404738470054
5.54039999999686,1.17081372547438,1.16251960785895,0.00829411761543275
5.54399999999686,1.17080378447677,1.16252954885656,0.00827423562021368
5.54759999999686,1.17079386730893,1.16253946602441,0.00825440128452248
5.55119999999686,1.17078397391372,1.16254935941961,0.00823461449411456
5.55479999999686,1.17077410423418,1.16255922909916,0.00821487513501729
5.55839999999685,1.17076425821343,1.1625690751199,0.00819518309353273
5.56199999999685,1.17075443579478,1.16257889753855,0.00817553825623452
5.56559999999685,1.17074463692165,1.16258869641168,0.00815594050996871
5.56919999999685,1.17073486153759,1.16259847179574,0.00813638974185249
5.57279999999685,1.1707251095863,1.16260822374703,0.0081168858392735
5.57639999999684,1.17071538101161,1.16261795232172,0.00809742868988961
5.57999999999684,1.17070567575748,1.16262765757585,0.00807801818162734
5.58359999999684,1.17069599376801,1.16263733956533,0.00805865420268281
5.58719999999684,1.17068633498743,1.16264699834591,0.00803933664151946
5.59079999999684,1.1706766993601,1.16265663397323,0.00802006538686828
5.59439999999683,1.17066708683053,1.1626662465028,0.00800084032772719
5.59799999999683,1.17065749734335,1.16267583598999,0.00798166135335987
5.60159999999683,1.17064793084331,1.16268540249002,0.00796252835329558
5.60519999999683,1.17063838727533,1.162694946058,0.00794344121732826
5.60879999999683,1.17062886658442,1.16270446674891,0.00792439983551629
5.61239999999682,1.17061936871576,1.16271396461758,0.00790540409818186
5.61599999999682,1.17060989361462,1.16272343971871,0.00788645389590892
5.61959999999682,1.17060044122644,1.16273289210689,0.00786754911954479
5.62319999999682,1.17059101149677,1.16274232183657,0.00784868966019858
5.62679999999681,1.17058160437129,1.16275172896205,0.00782987540923918
5.63039999999681,1.17057221979582,1.16276111353752,0.00781110625829728
5.63399999999681,1.1705628577163,1.16277047561704,0.00779238209926225
5.63759999999681,1.17055351807881,1.16277981525452,0.00777370282428369
5.64119999999681,1.17054420082955,1.16278913250378,0.00775506832576833
5.6447999999968,1.17053490591486,1.16279842741848,0.00773647849638226
5.6483999999968,1.17052563328119,1.16280770005214,0.00771793322904801
5.6519999999968,1.17051638287514,1.16281695045819,0.00769943241694504
5.6555999999968,1.17050715464342,1.16282617868991,0.00768097595350858
5.6591999999968,1.17049794853288,1.16283538480045,0.00766256373243013
5.66279999999679,1.17048876449049,1.16284456884284,0.00764419564765495
5.66639999999679,1.17047960246336,1.16285373086998,0.00762587159338279
5.66999999999679,1.1704704623987,1.16286287093463,0.00760759146406786
5.67359999999679,1.17046134424387,1.16287198908946,0.00758935515441661
5.67719999999679,1.17045224794636,1.16288108538697,0.00757116255938795
5.68079999999678,1.17044317345376,1.16289015987957,0.00755301357419258
5.68439999999678,1.17043412071381,1.16289921261952,0.00753490809429258
5.68799999999678,1.17042508967437,1.16290824365897,0.00751684601540048
5.69159999999678,1.17041608028341,1.16291725304993,0.00749882723347928
5.69519999999678,1.17040709248904,1.1629262408443,0.00748085164474022
5.69879999999677,1.17039812623949,1.16293520709384,0.00746291914564456
5.70239999999677,1.17038918148312,1.16294415185022,0.00744502963290139
5.70599999999677,1.1703802581684,1.16295307516493,0.00742718300346668
5.70959999999677,1.17037135624394,1.16296197708939,0.00740937915454443
5.71319999999677,1.17036247565846,1.16297085767487,0.00739161798358445
5.71679999999676,1.17035361636081,1.16297971697253,0.00737389938828259
5.72039999999676,1.17034477829996,1.16298855503338,0.00735622326657981
5.72399999999676,1.170335961425,1.16299737190834,0.00733858951666222
5.72759999999676,1.17032716568515,1.16300616764819,0.00732099803695907
5.73119999999676,1.17031839102974,1.16301494230359,0.00730344872614364
5.73479999999675,1.17030963740823,1.1630236959251,0.00728594148313233
5.73839999999675,1.17030090477021,1.16303242856313,0.00726847620708315
5.74199999999675,1.17029219306536,1.16304114026797,0.00725105279739657
5.74559999999675,1.17028350224352,1.16304983108981,0.00723367115371398
5.74919999999675,1.17027483225463,1.16305850107871,0.00721633117591702
5.75279999999674,1.17026618304873,1.1630671502846,0.00719903276412759
5.75639999999674,1.17025755457602,1.16307577875731,0.00718177581870694
5.75999999999674,1.17024894678679,1.16308438654654,0.00716456024025569
5.76359999999674,1.17024035963147,1.16309297370186,0.00714738592961139
5.76719999999673,1.17023179306059,1.16310154027274,0.00713025278785073
5.77079999999673,1.17022324702481,1.16311008630852,0.00711316071628709
5.77439999999673,1.1702147214749,1.16311861185843,0.00709610961646989
5.77799999999673,1.17020621636176,1.16312711697157,0.00707909939018481
5.78159999999673,1.17019773163639,1.16313560169694,0.00706212993945377
5.78519999999672,1.17018926724993,1.1631440660834,0.00704520116653251
5.78879999999672,1.17018082315362,1.16315251017971,0.00702831297391104
5.79239999999672,1.17017239929882,1.16316093403451,0.00701146526431407
5.79599999999672,1.17016399563702,1.16316933769632,0.00699465794069876
5.79959999999672,1.17015561211979,1.16317772121354,0.006977890906255
5.80319999999671,1.17014724869887,1.16318608463446,0.00696116406440472
5.80679999999671,1.17013890532607,1.16319442800727,0.00694447731880166
5.81039999999671,1.17013058195333,1.16320275138,0.00692783057333002
5.81399999999671,1.17012227853272,1.16321105480061,0.00691122373210518
5.81759999999671,1.1701139950164,1.16321933831693,0.00689465669947142
5.82119999999671,1.17010573135667,1.16322760197666,0.0068781293800031
5.8247999999967,1.17009748750592,1.16323584582742,0.00686164167850256
5.8283999999967,1.17008926341667,1.16324406991667,0.00684519350000135
5.8319999999967,1.17008105904155,1.16325227429179,0.00682878474975768
5.8355999999967,1.1700728743333,1.16326045900004,0.00681241533325716
5.83919999999669,1.17006470924477,1.16326862408856,0.00679608515621277
5.84279999999669,1.17005656372895,1.16327676960439,0.00677979412456198
5.84639999999669,1.1700484377389,1.16328489559443,0.00676354214446895
5.84999999999669,1.17004033122783,1.16329300210551,0.00674732912232279
5.85359999999669,1.17003224414903,1.1633010891843,0.00673115496473597
5.85719999999668,1.17002417645594,1.16330915687739,0.00671501957854614
5.86079999999668,1.17001612810207,1.16331720523126,0.00669892287081297
5.86439999999668,1.17000809904108,1.16332523429226,0.00668286474881996
5.86799999999668,1.1700000892267,1.16333324410663,0.00666684512007221
5.87159999999668,1.16999209861282,1.16334123472052,0.00665086389229708
5.87519999999667,1.16998412715339,1.16334920617995,0.00663492097344243
5.87879999999667,1.16997617480251,1.16335715853083,0.00661901627167749
5.88239999999667,1.16996824151436,1.16336509181897,0.00660314969539155
5.88599999999667,1.16996032724326,1.16337300609007,0.00658732115319283
5.88959999999667,1.16995243194362,1.16338090138971,0.00657153055390891
5.89319999999666,1.16994455556996,1.16338877776337,0.00655577780658656
5.89679999999666,1.16993669807691,1.16339663525642,0.00654006282048991
5.90039999999666,1.16992885941922,1.16340447391412,0.0065243855051007
5.90399999999666,1.16992103955173,1.16341229378161,0.0065087457701174
5.90759999999666,1.16991323842939,1.16342009490394,0.00649314352545605
5.91119999999665,1.16990545600729,1.16342787732604,0.00647757868124743
5.91479999999665,1.16989769224059,1.16343564109275,0.00646205114783815
5.91839999999665,1.16988994708456,1.16344338624877,0.00644656083578954
5.92199999999665,1.16988222049461,1.16345111283873,0.00643110765587762
5.92559999999665,1.16987451242621,1.16345882090712,0.00641569151909271
5.92919999999664,1.16986682283499,1.16346651049835,0.0064003123366374
5.93279999999664,1.16985915167663,1.1634741816567,0.0063849700199281
5.93639999999664,1.16985149890696,1.16348183442637,0.00636966448059306
5.93999999999664,1.1698438644819,1.16348946885143,0.00635439563047213
5.94359999999664,1.16983624835748,1.16349708497586,0.00633916338161744
5.94719999999663,1.16982865048981,1.16350468284352,0.00632396764629117
5.95079999999663,1.16982107083515,1.16351226249818,0.00630880833696579
5.95439999999663,1.16981350934983,1.1635198239835,0.00629368536632424
5.95799999999663,1.1698059659903,1.16352736734304,0.00627859864725777
5.96159999999662,1.1697984407131,1.16353489262023,0.00626354809286744
5.96519999999662,1.1697909334749,1.16354239985844,0.00624853361646216
5.96879999999662,1.16978344423245,1.16354988910089,0.00623355513155865
5.97239999999662,1.16977597294261,1.16355736039073,0.00621861255188061
5.97599999999662,1.16976851956235,1.16356481377099,0.00620370579135932
5.97959999999661,1.16976108404873,1.1635722492846,0.00618883476413168
5.98319999999661,1.16975366635894,1.1635796669744,0.00617399938454066
5.98679999999661,1.16974626645023,1.1635870668831,0.00615919956713507
5.99039999999661,1.16973888428,1.16359444905333,0.00614443522666774
5.99399999999661,1.16973151980571,1.16360181352762,0.00612970627809628
5.9975999999966,1.16972417298496,1.16360916034838,0.00611501263658187
6.0011999999966,1.16971684377541,1.16361648955792,0.00610035421748956
6.0047999999966,1.16970953213486,1.16362380119847,0.00608573093638665
6.0083999999966,1.16970223802119,1.16363109531214,0.00607114270904363
6.0119999999966,1.16969496139238,1.16363837194095,0.00605658945143173
6.01559999999659,1.16968770220653,1.1636456311268,0.00604207107972488
6.01919999999659,1.16968046042182,1.16365287291152,0.00602758751029731
6.02279999999659,1.16967323599653,1.1636600973368,0.00601313865972353
6.02639999999659,1.16966602888906,1.16366730444428,0.00599872444477856
6.02999999999659,1.16965883905788,1.16367449427545,0.00598434478243659
6.03359999999658,1.1696516664616,1.16368166687173,0.00596999958987054
6.03719999999658,1.16964451105889,1.16368882227444,0.00595568878445296
6.04079999999658,1.16963737280854,1.16369596052479,0.00594141228375267
6.04439999999658,1.16963025166944,1.1637030816639,0.00592717000553811
6.04799999999658,1.16962314760055,1.16371018573278,0.00591296186777357
6.05159999999657,1.16961606056098,1.16371727277236,0.00589878778862007
6.05519999999657,1.16960899050988,1.16372434282345,0.00588464768643537
6.05879999999657,1.16960193740655,1.16373139592678,0.00587054147977217
6.06239999999657,1.16959490121036,1.16373843212298,0.00585646908737902
6.06599999999657,1.16958788188077,1.16374545145257,0.00584243042819943
6.06959999999656,1.16958087937735,1.16375245395598,0.00582842542137052
6.07319999999656,1.16957389365978,1.16375943967355,0.00581445398622327
6.07679999999656,1.16956692468781,1.16376640864553,0.00580051604228293
6.08039999999656,1.1695599724213,1.16377336091203,0.00578661150926663
6.08399999999656,1.16955303682021,1.16378029651312,0.00577274030708463
6.08759999999655,1.16954611784459,1.16378721548875,0.00575890235583865
6.09119999999655,1.16953921545458,1.16379411787876,0.00574509757582242
6.09479999999655,1.16953232961043,1.16380100372291,0.00573132588752046
6.09839999999655,1.16952546027247,1.16380787306086,0.00571758721160776
6.10199999999655,1.16951860740114,1.16381472593219,0.00570388146895029
6.10559999999654,1.16951177095697,1.16382156237637,0.00569020858060254
6.10919999999654,1.16950495090057,1.16382838243276,0.00567656846780862
6.11279999999654,1.16949814719267,1.16383518614067,0.00566296105200204
6.11639999999654,1.16949135979407,1.16384197353926,0.00564938625480416
6.11999999999654,1.16948458866568,1.16384874466765,0.00563584399802397
6.12359999999653,1.1694778337685,1.16385549956484,0.00562233420365854
6.12719999999653,1.16947109506361,1.16386223826972,0.00560885679389123
6.13079999999653,1.16946437251221,1.16386896082112,0.00559541169109257
6.13439999999653,1.16945766607558,1.16387566725776,0.00558199881781851
6.13799999999653,1.16945097571507,1.16388235761826,0.00556861809681153
6.14159999999652,1.16944430139217,1.16388903194117,0.00555526945099816
6.14519999999652,1.16943764306841,1.16389569026492,0.00554195280349079
6.14879999999652,1.16943100070546,1.16390233262787,0.00552866807758545
6.15239999999652,1.16942437426505,1.16390895906829,0.00551541519676246
6.15599999999652,1.16941776370901,1.16391556962432,0.00550219408468489
6.15959999999651,1.16941116899927,1.16392216433407,0.00548900466519964
6.16319999999651,1.16940459009783,1.1639287432355,0.00547584686233571
6.16679999999651,1.16939802696682,1.16393530636651,0.00546272060030395
6.17039999999651,1.16939147956842,1.16394185376492,0.00544962580349773
6.1739999999965,1.16938494786491,1.16394838546842,0.00543656239649049
6.1775999999965,1.16937843181869,1.16395490151465,0.00542353030403775
6.1811999999965,1.1693719313922,1.16396140194113,0.00541052945107401
6.1847999999965,1.16936544654802,1.16396788678531,0.00539755976271539
6.1883999999965,1.16935897724879,1.16397435608454,0.00538462116425609
6.19199999999649,1.16935252345725,1.16398080987608,0.00537171358116995
6.19559999999649,1.16934608513622,1.16398724819711,0.0053588369391091
6.19919999999649,1.16933966224862,1.16399367108471,0.00534599116390466
6.20279999999649,1.16933325475745,1.16400007857588,0.00533317618156492
6.20639999999649,1.1693268626258,1.16400647070753,0.0053203919182756
6.20999999999648,1.16932048581687,1.16401284751647,0.0053076383003996
6.21359999999648,1.1693141242939,1.16401920903943,0.00529491525447567
6.21719999999648,1.16930777802028,1.16402555531306,0.00528222270721979
6.22079999999648,1.16930144695943,1.16403188637391,0.00526956058552286
6.22439999999648,1.16929513107489,1.16403820225844,0.00525692881645123
6.22799999999647,1.16928883033029,1.16404450300304,0.00524432732724578
6.23159999999647,1.16928254468933,1.16405078864401,0.00523175604532211
6.23519999999647,1.1692762741158,1.16405705921753,0.00521921489826971
6.23879999999647,1.16927001857359,1.16406331475974,0.00520670381385169
6.24239999999647,1.16926377802667,1.16406955530666,0.00519422272000436
6.24599999999646,1.16925755243908,1.16407578089425,0.00518177154483679
6.24959999999646,1.16925134177498,1.16408199155835,0.00516935021663034
6.25319999999646,1.16924514599859,1.16408818733475,0.00515695866383803
6.25679999999646,1.16923896507421,1.16409436825912,0.00514459681508472
6.26039999999646,1.16923279896625,1.16410053436708,0.00513226459916649
6.26399999999645,1.16922664763919,1.16410668569414,0.00511996194504949
6.26759999999645,1.1692205110576,1.16411282227573,0.00510768878187084
6.27119999999645,1.16921438918614,1.1641189441472,0.00509544503893689
6.27479999999645,1.16920828198953,1.1641250513438,0.00508323064572425
6.27839999999645,1.16920218943261,1.16413114390073,0.00507104553187765
6.28199999999644,1.16919611148027,1.16413722185306,0.00505888962721146
6.28559999999644,1.16919004809752,1.16414328523581,0.00504676286170724
6.28919999999644,1.16918399924942,1.16414933408391,0.00503466516551532
6.29279999999644,1.16917796490114,1.16415536843219,0.00502259646895253
6.29639999999644,1.16917194501792,1.16416138831541,0.00501055670250405
6.29999999999643,1.16916593956508,1.16416739376826,0.00499854579682024
6.30359999999643,1.16915994850803,1.16417338482531,0.0049865636827191
6.30719999999643,1.16915397181226,1.16417936152108,0.00497461029118296
6.31079999999643,1.16914800944335,1.16418532388999,0.00496268555336044
6.31439999999643,1.16914206136695,1.16419127196638,0.00495078940056604
6.31799999999642,1.16913612754881,1.16419720578453,0.00493892176427702
6.32159999999642,1.16913020795473,1.1642031253786,0.00492708257613672
6.32519999999642,1.16912430255064,1.16420903078269,0.00491527176795059
6.32879999999642,1.16911841130251,1.16421492203082,0.00490348927168927
6.33239999999642,1.16911253417641,1.16422079915692,0.00489173501948525
6.33599999999641,1.16910667113848,1.16422666219485,0.0048800089436345
6.33959999999641,1.16910082215496,1.16423251117837,0.00486831097659435
6.34319999999641,1.16909498719216,1.16423834614117,0.00485664105098516
6.34679999999641,1.16908916621646,1.16424416711687,0.00484499909958802
6.35039999999641,1.16908335919434,1.16424997413899,0.00483338505534525
6.3539999999964,1.16907756609235,1.16425576724099,0.00482179885136058
6.3575999999964,1.16907178687711,1.16426154645622,0.00481024042089695
6.3611999999964,1.16906602151536,1.16426731181798,0.00479870969737828
6.3647999999964,1.16906026997386,1.16427306335947,0.00478720661438747
6.3683999999964,1.1690545322195,1.16427880111383,0.00477573110566687
6.37199999999639,1.16904880821923,1.16428452511411,0.00476428310511801
6.37559999999639,1.16904309794007,1.16429023539327,0.0047528625468003
6.37919999999639,1.16903740134913,1.1642959319842,0.00474146936493081
6.38279999999639,1.16903171841361,1.16430161491972,0.00473010349388603
6.38639999999638,1.16902604910077,1.16430728423257,0.00471876486819744
6.38999999999638,1.16902039337794,1.16431293995539,0.00470745342255574
6.39359999999638,1.16901475121257,1.16431858212076,0.00469616909180659
6.39719999999638,1.16900912257214,1.16432421076119,0.00468491181095199
6.40079999999638,1.16900350742424,1.16432982590909,0.00467368151515091
6.40439999999637,1.16899790573652,1.16433542759681,0.00466247813971643
6.40799999999637,1.16899231747673,1.16434101585661,0.00465130162011707
6.41159999999637,1.16898674261265,1.16434659072068,0.00464015189197631
6.41519999999637,1.1689811811122,1.16435215222113,0.00462902889107197
6.41879999999637,1.16897563294333,1.16435770039,0.00461793255333576
6.42239999999636,1.16897009807409,1.16436323525924,0.00460686281485256
6.42599999999636,1.1689645764726,1.16436875686074,0.00459581961186073
6.42959999999636,1.16895906810704,1.16437426522629,0.0045848028807518
6.43319999999636,1.1689535729457,1.16437976038763,0.00457381255806921
6.43679999999636,1.16894809095692,1.16438524237641,0.00456284858050915
6.44039999999635,1.16894262210913,1.16439071122421,0.00455191088491858
6.44399999999635,1.16893716637082,1.16439616696252,0.00454099940829744
6.44759999999635,1.16893172371056,1.16440160962277,0.00453011408779469
6.45119999999635,1.16892629409702,1.16440703923631,0.00451925486071159
6.45479999999635,1.16892087749892,1.16441245583442,0.00450842166449883
6.45839999999634,1.16891547388505,1.16441785944829,0.00449761443675745
6.46199999999634,1.16891008322429,1.16442325010905,0.0044868331152379
6.46559999999634,1.16890470548559,1.16442862784775,0.00447607763783986
6.46919999999634,1.16889934063797,1.16443399269536,0.00446534794261155
6.47279999999634,1.16889398865054,1.16443934468279,0.00445464396775019
6.47639999999633,1.16888864949247,1.16444468384087,0.0044439656516011
6.47999999999633,1.168883323133,1.16445001020034,0.00443331293265747
6.48359999999633,1.16887800954145,1.16445532379189,0.00442268574955929
6.48719999999633,1.16887270868721,1.16446062464612,0.00441208404109439
6.49079999999633,1.16886742053977,1.16446591279357,0.00440150774619696
6.49439999999632,1.16886214506864,1.16447118826469,0.0043909568039473
6.49799999999632,1.16885688224345,1.16447645108988,0.00438043115357223
6.50159999999632,1.16885163203389,1.16448170129944,0.00436993073444447
6.50519999999632,1.16884639440971,1.16448693892363,0.0043594554860813
6.50879999999632,1.16884116934074,1.16449216399259,0.00434900534814564
6.51239999999631,1.16883595679689,1.16449737653644,0.00433858026044431
6.51599999999631,1.16883075674813,1.1645025765852,0.00432818016292957
6.51959999999631,1.16882556916451,1.16450776416882,0.00431780499569623
6.52319999999631,1.16882039401616,1.16451293931717,0.00430745469898386
6.5267999999963,1.16881523127325,1.16451810206008,0.00429712921317504
6.5303999999963,1.16881008090606,1.16452325242727,0.00428682847879469
6.5339999999963,1.16880494288492,1.16452839044841,0.00427655243651048
6.5375999999963,1.16879981718023,1.1645335161531,0.00426630102713288
6.5411999999963,1.16879470376247,1.16453862957086,0.00425607419161378
6.54479999999629,1.16878960260219,1.16454373073114,0.00424587187104652
6.54839999999629,1.16878451367,1.16454881966333,0.0042356940066659
6.55199999999629,1.16877943693659,1.16455389639674,0.00422554053984769
6.55559999999629,1.16877437237272,1.16455896096061,0.00421541141210779
6.55919999999629,1.16876931994922,1.16456401338412,0.00420530656510265
6.56279999999628,1.16876427963698,1.16456905369635,0.00419522594062838
6.56639999999628,1.16875925140698,1.16457408192636,0.00418516948062053
6.56999999999628,1.16875423523024,1.16457909810309,0.00417513712715434
6.57359999999628,1.16874923107789,1.16458410225545,0.00416512882244313
6.57719999999628,1.16874423892109,1.16458909441225,0.00415514450883903
6.58079999999627,1.16873925873108,1.16459407460225,0.00414518412883313
6.58439999999627,1.16873429047919,1.16459904285414,0.00413524762505313
6.58799999999627,1.1687293341368,1.16460399919653,0.00412533494026524
6.59159999999627,1.16872438967535,1.16460894365798,0.00411544601737224
6.59519999999627,1.16871945706637,1.16461387626696,0.00410558079941414
6.59879999999626,1.16871453628145,1.16461879705188,0.0040957392295673
6.60239999999626,1.16870962729224,1.16462370604109,0.00408592125114415
6.60599999999626,1.16870473007046,1.16462860326287,0.00407612680759373
6.60959999999626,1.16869984458792,1.16463348874542,0.00406635584249981
6.61319999999626,1.16869497081646,1.16463836251688,0.00405660829958143
6.61679999999625,1.16869010872801,1.16464322460532,0.00404688412269349
6.62039999999625,1.16868525829458,1.16464807503875,0.00403718325582436
6.62399999999625,1.16868041948822,1.16465291384512,0.00402750564309717
6.62759999999625,1.16867559228105,1.16465774105228,0.00401785122876896
6.63119999999625,1.16867077664528,1.16466255668805,0.00400821995723044
6.63479999999624,1.16866597255317,1.16466736078016,0.00399861177300553
6.63839999999624,1.16866117997704,1.16467215335629,0.00398902662075118
6.64199999999624,1.1686563988893,1.16467693444404,0.0039794644452571
6.64559999999624,1.16865162926239,1.16468170407094,0.00396992519144512
6.64919999999624,1.16864687106885,1.16468646226448,0.00396040880436943
6.65279999999623,1.16864212428127,1.16469120905206,0.0039509152292152
6.65639999999623,1.16863738887232,1.16469594446102,0.00394144441129973
6.65999999999623,1.1686326648147,1.16470066851863,0.00393199629607155
6.66359999999623,1.16862795208122,1.16470538125211,0.0039225708291093
6.66719999999623,1.16862325064473,1.16471008268861,0.0039131679561224
6.67079999999622,1.16861856047814,1.16471477285519,0.00390378762295063
6.67439999999622,1.16861388155445,1.16471945177889,0.00389442977556298
6.67799999999622,1.1686092138467,1.16472411948664,0.00388509436005835
6.68159999999622,1.168604557328,1.16472877600533,0.00387578132266486
6.68519999999622,1.16859991197154,1.1647334213618,0.00386649060973965
6.68879999999621,1.16859527775055,1.16473805558278,0.00385722216776818
6.69239999999621,1.16859065463835,1.16474267869498,0.0038479759433645
6.69599999999621,1.1685860426083,1.16474729072503,0.0038387518832701
6.69959999999621,1.16858144163384,1.16475189169949,0.0038295499343548
6.70319999999621,1.16857685168847,1.16475648164486,0.00382037004361502
6.7067999999962,1.16857227274575,1.16476106058758,0.00381121215817504
6.7103999999962,1.16856770477931,1.16476562855402,0.0038020762252855
6.7139999999962,1.16856314776283,1.1647701855705,0.00379296219232339
6.7175999999962,1.16855860167006,1.16477473166327,0.00378387000679181
6.7211999999962,1.16855406647483,1.16477926685851,0.00377479961632021
6.72479999999619,1.168549542151,1.16478379118234,0.00376575096866305
6.72839999999619,1.16854502867252,1.16478830466082,0.00375672401170002
6.73199999999619,1.16854052601338,1.16479280731995,0.00374771869343626
6.73559999999619,1.16853603414767,1.16479729918567,0.00373873496200061
6.73919999999618,1.16853155304949,1.16480178028384,0.00372977276564757
6.74279999999618,1.16852708269304,1.16480625064029,0.00372083205275464
6.74639999999618,1.16852262305258,1.16481071028076,0.00371191277182326
6.74999999999618,1.16851817410241,1.16481515923093,0.00370301487147873
6.75359999999618,1.1685137358169,1.16481959751643,0.00369413830046894
6.75719999999617,1.1685093081705,1.16482402516283,0.00368528300766502
6.76079999999617,1.1685048911377,1.16482844219564,0.00367644894206109
6.76439999999617,1.16850048469305,1.16483284864028,0.00366763605277187
6.76799999999617,1.16849608881118,1.16483724452215,0.00365884428903618
6.77159999999617,1.16849170346677,1.16484162986656,0.00365007360021297
6.77519999999616,1.16848732863456,1.16484600469877,0.00364132393578354
6.77879999999616,1.16848296428934,1.16485036904399,0.00363259524534931
6.78239999999616,1.16847861040598,1.16485472292735,0.00362388747863407
6.78599999999616,1.16847426695941,1.16485906637393,0.00361520058548015
6.78959999999616,1.16846993392459,1.16486339940874,0.0036065345158518
6.79319999999615,1.16846561127658,1.16486772205675,0.00359788921983206
6.79679999999615,1.16846129899048,1.16487203434285,0.00358926464762432
6.80039999999615,1.16845699704144,1.16487633629189,0.00358066074955121
6.80399999999615,1.16845270540469,1.16488062792864,0.00357207747605437
6.80759999999615,1.16844842405551,1.16488490927782,0.00356351477769379
6.81119999999614,1.16844415296924,1.16488918036409,0.00355497260514914
6.81479999999614,1.16843989212128,1.16489344121206,0.0035464509092169
6.81839999999614,1.16843564148707,1.16489769184626,0.00353794964081233
6.82199999999614,1.16843140104215,1.16490193229118,0.00352946875096838
6.82559999999614,1.16842717076208,1.16490616257125,0.00352100819083501
6.82919999999613,1.16842295062251,1.16491038271083,0.00351256791167964
6.83279999999613,1.16841874059911,1.16491459273422,0.00350414786488629
6.83639999999613,1.16841454066764,1.16491879266569,0.00349574800195529
6.83999999999613,1.16841035080392,1.16492298252941,0.0034873682745038
6.84359999999613,1.1684061709838,1.16492716234953,0.00347900863426465
6.84719999999612,1.16840200118321,1.16493133215012,0.00347066903308635
6.85079999999612,1.16839784137813,1.1649354919552,0.00346234942293266
6.85439999999612,1.16839369154461,1.16493964178872,0.00345404975588304
6.85799999999612,1.16838955165873,1.1649437816746,0.00344576998413126
6.86159999999612,1.16838542169666,1.16494791163667,0.00343751005998572
6.86519999999611,1.1683813016346,1.16495203169873,0.00342926993587001
6.86879999999611,1.16837719144883,1.16495614188451,0.00342104956432032
6.87239999999611,1.16837309111566,1.16496024221767,0.00341284889798765
6.87599999999611,1.16836900061148,1.16496433272185,0.00340466788963623
6.87959999999611,1.16836491991274,1.16496841342059,0.00339650649214374
6.8831999999961,1.16836084899592,1.16497248433742,0.00338836465850045
6.8867999999961,1.16835678783757,1.16497654549576,0.00338024234180923
6.8903999999961,1.16835273641431,1.16498059691902,0.0033721394952857
6.8939999999961,1.1683486947028,1.16498463863054,0.00336405607225787
6.8975999999961,1.16834466267975,1.16498867065358,0.00335599202616477
6.90119999999609,1.16834064032195,1.16499269301139,0.00334794731055799
6.90479999999609,1.16833662760622,1.16499670572712,0.00333992187910015
6.90839999999609,1.16833262450945,1.16500070882388,0.00333191568556424
6.91199999999609,1.16832863100858,1.16500470232475,0.00332392868383491
6.91559999999609,1.16832464708062,1.16500868625271,0.00331596082790742
6.91919999999608,1.16832067270261,1.16501266063072,0.00330801207188669
6.92279999999608,1.16831670785166,1.16501662548167,0.00330008236998802
6.92639999999608,1.16831275250493,1.1650205808284,0.00329217167653595
6.92999999999608,1.16830880663965,1.16502452669368,0.00328427994596603
6.93359999999607,1.16830487023308,1.16502846310026,0.00327640713282085
6.93719999999607,1.16830094326254,1.16503239007079,0.00326855319175356
6.94079999999607,1.16829702570543,1.1650363076279,0.0032607180775257
6.94439999999607,1.16829311753917,1.16504021579416,0.00325290174500648
6.94799999999607,1.16828921874125,1.16504411459208,0.00324510414917456
6.95159999999606,1.16828532928922,1.16504800404411,0.00323732524511544
6.95519999999606,1.16828144916068,1.16505188417266,0.00322956498802296
6.95879999999606,1.16827757833327,1.16505575500007,0.00322182333319776
6.96239999999606,1.16827371678469,1.16505961654864,0.00321410023604818
6.96599999999606,1.16826986449271,1.16506346884062,0.00320639565208958
6.96959999999605,1.16826602143514,1.1650673118982,0.00319870953694301
6.97319999999605,1.16826218758983,1.1650711457435,0.00319104184633678
6.97679999999605,1.16825836293472,1.16507497039861,0.00318339253610511
6.98039999999605,1.16825454744776,1.16507878588557,0.00317576156218791
6.98399999999605,1.16825074110698,1.16508259222635,0.00316814888063122
6.98759999999604,1.16824694389046,1.16508638944287,0.00316055444758545
6.99119999999604,1.16824315577632,1.16509017755701,0.00315297821930693
6.99479999999604,1.16823937674275,1.16509395659059,0.00314542015215702
6.99839999999604,1.16823560676797,1.16509772656537,0.00313788020260075
7.00199999999604,1.16823184583027,1.16510148750306,0.00313035832720865
7.00559999999603,1.16822809390799,1.16510523942534,0.00312285448265426
7.00919999999603,1.16822435097952,1.16510898235381,0.00311536862571549
7.01279999999603,1.1682206170233,1.16511271631003,0.00310790071327482
7.01639999999603,1.16821689201782,1.16511644131551,0.00310045070231579
7.01999999999603,1.16821317594163,1.1651201573917,0.00309301854992716
7.02359999999602,1.16820946877332,1.16512386456002,0.00308560421329984
7.02719999999602,1.16820577049153,1.1651275628418,0.00307820764972733
7.03079999999602,1.16820208107497,1.16513125225836,0.00307082881660481
7.03439999999602,1.16819840050238,1.16513493283095,0.00306346767143095
7.03799999999602,1.16819472875257,1.16513860458076,0.00305612417180545
7.04159999999601,1.16819106580438,1.16514226752895,0.0030487982754297
7.04519999999601,1.16818741163672,1.16514592169661,0.00304148994010656
7.04879999999601,1.16818376622854,1.1651495671048,0.00303419912374059
7.05239999999601,1.16818012955883,1.1651532037745,0.00302692578433605
7.05599999999601,1.16817650160667,1.16515683172667,0.00301966987999891
7.059599999996,1.16817288235113,1.1651604509822,0.00301243136893503
7.063199999996,1.16816927177139,1.16516406156194,0.0030052102094511
7.066799999996,1.16816566984664,1.16516766348669,0.00299800635995284
7.070399999996,1.16816207655614,1.16517125677719,0.00299081977894611
7.073999999996,1.16815849187918,1.16517484145415,0.00298365042503668
7.07759999999599,1.16815491579513,1.1651784175382,0.00297649825692892
7.08119999999599,1.16815134828338,1.16518198504995,0.00296936323342623
7.08479999999599,1.16814778932338,1.16518554400995,0.00296224531343103
7.08839999999599,1.16814423889464,1.16518909443869,0.00295514445594436
7.09199999999599,1.1681406969767,1.16519263635663,0.00294806062006492
7.09559999999598,1.16813716354916,1.16519616978417,0.00294099376499046
7.09919999999598,1.16813363859167,1.16519969474166,0.00293394385001577
7.10279999999598,1.16813012208393,1.1652032112494,0.00292691083453289
7.10639999999598,1.16812661400568,1.16520671932765,0.00291989467803222
7.10999999999598,1.16812311433672,1.16521021899662,0.00291289534010053
7.11359999999597,1.16811962305688,1.16521371027646,0.00290591278042185
7.11719999999597,1.16811614014605,1.16521719318728,0.00289894695877679
7.12079999999597,1.16811266558419,1.16522066774915,0.0028919978350419
7.12439999999597,1.16810919935126,1.16522413398207,0.00288506536919053
7.12799999999597,1.16810574142731,1.16522759190602,0.00287814952129173
7.13159999999596,1.16810229179242,1.16523104154091,0.00287125025151047
7.13519999999596,1.16809885042672,1.16523448290661,0.00286436752010633
7.13879999999596,1.16809541731038,1.16523791602295,0.00285750128743567
7.14239999999596,1.16809199242364,1.16524134090969,0.00285065151394859
7.14599999999595,1.16808857574676,1.16524475758657,0.00284381816019041
7.14959999999595,1.16808516726007,1.16524816607327,0.0028370011868013
7.15319999999595,1.16808176694392,1.16525156638941,0.00283020055451533
7.15679999999595,1.16807837477875,1.16525495855459,0.00282341622416116
7.16039999999595,1.168074990745,1.16525834258834,0.00281664815666094
7.16399999999594,1.16807161482318,1.16526171851015,0.00280989631303052
7.16759999999594,1.16806824699386,1.16526508633948,0.00280316065437969
7.17119999999594,1.16806488723762,1.16526844609571,0.00279644114191102
7.17479999999594,1.16806153553513,1.16527179779821,0.00278973773691993
7.17839999999594,1.16805819186706,1.16527514146627,0.00278305040079507
7.18199999999593,1.16805485621418,1.16527847711916,0.00277637909501705
7.18559999999593,1.16805152855725,1.16528180477609,0.00276972378115992
7.18919999999593,1.16804820887711,1.16528512445622,0.00276308442088857
7.19279999999593,1.16804489715465,1.16528843617869,0.00275646097596072
7.19639999999593,1.16804159337078,1.16529173996255,0.00274985340822509
7.19999999999592,1.16803829750648,1.16529503582686,0.00274326167962213
7.20359999999592,1.16803500954276,1.16529832379057,0.00273668575218355
7.20719999999592,1.16803172946068,1.16530160387265,0.00273012558803254
7.21079999999592,1.16802845724136,1.16530487609198,0.00272358114938176
7.21439999999592,1.16802519286593,1.1653081404674,0.00271705239853604
7.21799999999591,1.16802193631561,1.16531139701772,0.00271053929788945
7.22159999999591,1.16801868757163,1.1653146457617,0.00270404180992667
7.22519999999591,1.16801544661528,1.16531788671806,0.00269755989722231
7.22879999999591,1.16801221342789,1.16532111990545,0.00269109352244046
7.23239999999591,1.16800898799083,1.1653243453425,0.00268464264833512
7.2359999999959,1.16800577028554,1.16532756304779,0.0026782072377487
7.2395999999959,1.16800256029347,1.16533077303986,0.00267178725361417
7.2431999999959,1.16799935799614,1.16533397533719,0.00266538265895155
7.2467999999959,1.1679961633751,1.16533716995823,0.00265899341687126
7.2503999999959,1.16799297641195,1.16534035692138,0.00265261949057072
7.25399999999589,1.16798979708833,1.165343536245,0.00264626084333641
7.25759999999589,1.16798662538594,1.1653467079474,0.00263991743854275
7.26119999999589,1.16798346128649,1.16534987204684,0.00263358923965162
7.26479999999589,1.16798030477177,1.16535302856156,0.00262727621021241
7.26839999999589,1.1679771558236,1.16535617750974,0.00262097831386243
7.27199999999588,1.16797401442383,1.1653593189095,0.00261469551432558
7.27559999999588,1.16797088055437,1.16536245277896,0.00260842777541326
7.27919999999588,1.16796775419718,1.16536557913615,0.00260217506102345
7.28279999999588,1.16796463533424,1.1653686979991,0.00259593733514007
7.28639999999587,1.16796152394758,1.16537180938575,0.00258971456183432
7.28999999999587,1.1679584200193,1.16537491331404,0.00258350670526286
7.29359999999587,1.1679553235315,1.16537800980183,0.00257731372966874
7.29719999999587,1.16795223446636,1.16538109886698,0.00257113559937983
7.30079999999587,1.16794915280607,1.16538418052726,0.00256497227881103
7.30439999999586,1.1679460785329,1.16538725480044,0.00255882373246097
7.30799999999586,1.16794301162912,1.16539032170421,0.00255268992491442
7.31159999999586,1.16793995207709,1.16539338125625,0.00254657082084053
7.31519999999586,1.16793689985916,1.16539643347417,0.00254046638499372
7.31879999999586,1.16793385495777,1.16539947837556,0.00253437658221189
7.32239999999585,1.16793081735538,1.16540251597796,0.00252830137741822
7.32599999999585,1.16792778703448,1.16540554629886,0.00252224073561935
7.32959999999585,1.16792476397762,1.16540856935571,0.00251619462190589
7.33319999999585,1.16792174816739,1.16541158516594,0.00251016300145301
7.33679999999585,1.16791873958643,1.16541459374691,0.00250414583951786
7.34039999999584,1.16791573821739,1.16541759511595,0.00249814310144214
7.34399999999584,1.16791274404299,1.16542058929034,0.00249215475264974
7.34759999999584,1.16790975704599,1.16542357628734,0.00248618075864804
7.35119999999584,1.16790677720918,1.16542655612415,0.00248022108502699
7.35479999999584,1.1679038045154,1.16542952881794,0.00247427569745851
7.35839999999583,1.16790083894752,1.16543249438582,0.00246834456169776
7.36199999999583,1.16789788048846,1.16543545284488,0.00246242764358096
7.36559999999583,1.16789492912118,1.16543840421215,0.00245652490902715
7.36919999999583,1.16789198482868,1.16544134850465,0.00245063632403619
7.37279999999583,1.16788904759401,1.16544428573932,0.00244476185469011
7.37639999999582,1.16788611740024,1.16544721593309,0.00243890146715198
7.37999999999582,1.1678831942305,1.16545013910283,0.00243305512766612
7.38359999999582,1.16788027806795,1.16545305526539,0.00242722280255725
7.38719999999582,1.16787736889578,1.16545596443755,0.0024214044582318
7.39079999999582,1.16787446669725,1.16545886663608,0.00241560006117614
7.39439999999581,1.16787157145564,1.16546176187769,0.00240980957795633
7.39799999999581,1.16786868315428,1.16546465017906,0.00240403297521996
7.40159999999581,1.16786580177651,1.16546753155682,0.00239827021969363
7.40519999999581,1.16786292730576,1.16547040602757,0.00239252127818324
7.40879999999581,1.16786005972545,1.16547327360788,0.00238678611757615
7.4123999999958,1.16785719901909,1.16547613431425,0.00238106470483701
7.4159999999958,1.16785434517017,1.16547898816316,0.00237535700701064
7.4195999999958,1.16785149816228,1.16548183517106,0.0023696629912211
7.4231999999958,1.167848657979,1.16548467535433,0.00236398262467064
7.4267999999958,1.16784582460399,1.16548750872935,0.00235831587464008
7.43039999999579,1.16784299802091,1.16549033531242,0.00235266270848977
7.43399999999579,1.1678401782135,1.16549315511984,0.00234702309365709
7.43759999999579,1.1678373651655,1.16549596816784,0.00234139699765779
7.44119999999579,1.16783455886071,1.16549877447262,0.00233578438808602
7.44479999999579,1.16783175928297,1.16550157405036,0.00233018523261252
7.44839999999578,1.16782896641616,1.16550436691717,0.00232459949898667
7.45199999999578,1.16782618024418,1.16550715308915,0.00231902715503463
7.45559999999578,1.167823400751,1.16550993258234,0.00231346816865985
7.45919999999578,1.16782062792059,1.16551270541275,0.00230792250784218
7.46279999999578,1.16781786173699,1.16551547159635,0.00230239014063938
7.46639999999577,1.16781510218426,1.16551823114907,0.00229687103518428
7.46999999999577,1.16781234924651,1.16552098408682,0.00229136515968764
7.47359999999577,1.16780960290788,1.16552373042545,0.00228587248243506
7.47719999999577,1.16780686315256,1.16552647018077,0.00228039297178895
7.48079999999577,1.16780412996476,1.16552920336857,0.00227492659618744
7.48439999999576,1.16780140332874,1.16553193000459,0.00226947332414418
7.48799999999576,1.16779868322879,1.16553465010454,0.00226403312424828
7.49159999999576,1.16779596964925,1.16553736368408,0.00225860596516458
7.49519999999576,1.16779326257448,1.16554007075885,0.00225319181563255
7.49879999999575,1.1677905619889,1.16554277134443,0.00224779064446645
7.50239999999575,1.16778786787694,1.16554546545639,0.00224240242055584
7.50599999999575,1.1677851802231,1.16554815311023,0.00223702711286444
7.50959999999575,1.16778249901188,1.16555083432145,0.00223166469043057
7.51319999999575,1.16777982422785,1.16555350910548,0.00222631512236693
7.51679999999574,1.1677771558556,1.16555617747774,0.00222097837785973
7.52039999999574,1.16777449387975,1.16555883945358,0.00221565442616956
7.52399999999574,1.16777183828498,1.16556149504835,0.0022103432366305
7.52759999999574,1.16776918905599,1.16556414427734,0.00220504477865036
7.53119999999574,1.16776654617752,1.16556678715581,0.00219975902170932
7.53479999999573,1.16776390963435,1.16556942369899,0.0021944859353622
7.53839999999573,1.16776127941128,1.16557205392205,0.00218922548923595
7.54199999999573,1.16775865549318,1.16557467784015,0.00218397765303013
7.54559999999573,1.16775603786493,1.16557729546841,0.00217874239651761
7.54919999999573,1.16775342651144,1.1655799068219,0.00217351968954294
7.55279999999572,1.16775082141768,1.16558251191565,0.00216830950202374
7.55639999999572,1.16774822256864,1.16558511076469,0.00216311180394935
7.55999999999572,1.16774562994936,1.16558770338398,0.00215792656538083
7.56359999999572,1.16774304354489,1.16559028978844,0.00215275375645141
7.56719999999572,1.16774046334035,1.16559286999298,0.00214759334736581
7.57079999999571,1.16773788932087,1.16559544401247,0.00214244530840002
7.57439999999571,1.16773532147162,1.16559801186172,0.00213730960990111
7.57799999999571,1.16773275977781,1.16560057355552,0.00213218622228828
7.58159999999571,1.16773020422469,1.16560312910864,0.00212707511605026
7.58519999999571,1.16772765479754,1.16560567853579,0.00212197626174682
7.5887999999957,1.16772511148167,1.16560822185166,0.00211688963000922
7.5923999999957,1.16772257426244,1.1656107590709,0.00211181519153825
7.5959999999957,1.16772004312522,1.16561329020811,0.00210675291710549
7.5995999999957,1.16771751805544,1.16561581527789,0.00210170277755184
7.6031999999957,1.16771499903856,1.16561833429477,0.00209666474378856
7.60679999999569,1.16771248606007,1.16562084727327,0.00209163878679708
7.61039999999569,1.16770997910548,1.16562335422785,0.00208662487762767
7.61399999999569,1.16770747816037,1.16562585517297,0.00208162298739967
7.61759999999569,1.16770498321032,1.16562835012301,0.00207663308730321
7.62119999999569,1.16770249424096,1.16563083909237,0.0020716551485962
7.62479999999568,1.16770001123797,1.16563332209536,0.0020666891426051
7.62839999999568,1.16769753418703,1.1656357991463,0.00206173504072682
7.63199999999568,1.16769506307388,1.16563827025945,0.00205679281442483
7.63559999999568,1.16769259788428,1.16564073544905,0.00205186243523281
7.63919999999568,1.16769013860404,1.16564319472929,0.00204694387475102
7.64279999999567,1.16768768521899,1.16564564811434,0.00204203710464901
7.64639999999567,1.167685237715,1.16564809561833,0.00203714209666361
7.64999999999567,1.16768279607797,1.16565053725537,0.00203225882259983
7.65359999999567,1.16768036029383,1.1656529730395,0.00202738725433016
7.65719999999567,1.16767793034856,1.16565540298477,0.00202252736379394
7.66079999999566,1.16767550622817,1.16565782710517,0.00201767912299866
7.66439999999566,1.16767308791868,1.16566024541466,0.00201284250401823
7.66799999999566,1.16767067540616,1.16566265792717,0.00200801747899382
7.67159999999566,1.16766826867673,1.1656650646566,0.00200320402013388
7.67519999999566,1.16766586771652,1.16566746561681,0.00199840209971192
7.67879999999565,1.1676634725117,1.16566986082163,0.00199361169006962
7.68239999999565,1.16766108304847,1.16567225028486,0.00198883276361417
7.68599999999565,1.16765869931308,1.16567463402026,0.00198406529281892
7.68959999999565,1.16765632129178,1.16567701204155,0.00197930925022338
7.69319999999565,1.16765394897088,1.16567938436245,0.00197456460843237
7.69679999999564,1.16765158233673,1.16568175099661,0.00196983134011708
7.70039999999564,1.16764922137567,1.16568411195766,0.0019651094180142
7.70399999999564,1.16764686607413,1.1656864672592,0.00196039881492505
7.70759999999564,1.16764451641852,1.16568881691481,0.00195569950371688
7.71119999999563,1.16764217239533,1.16569116093801,0.00195101145732157
7.71479999999563,1.16763983399103,1.1656934993423,0.00194633464873606
7.71839999999563,1.16763750119218,1.16569583214116,0.00194166905102167
7.72199999999563,1.16763517398532,1.16569815934801,0.00193701463730522
7.72559999999563,1.16763285235705,1.16570048097628,0.00193237138077684
7.72919999999562,1.16763053629401,1.16570279703932,0.0019277392546917
7.73279999999562,1.16762822578285,1.16570510755048,0.00192311823236824
7.73639999999562,1.16762592081026,1.16570741252307,0.0019185082871902
7.73999999999562,1.16762362136297,1.16570971197036,0.00191390939260372
7.74359999999562,1.16762132742773,1.16571200590561,0.00190932152211953
7.74719999999561,1.16761903899132,1.16571429434201,0.00190474464931145
7.75079999999561,1.16761675604058,1.16571657729276,0.00190017874781678
7.75439999999561,1.16761447856233,1.165718854771,0.00189562379133568
7.75799999999561,1.16761220654348,1.16572112678985,0.00189107975363223
7.76159999999561,1.16760993997093,1.1657233933624,0.00188654660853205
7.7651999999956,1.16760767883163,1.1657256545017,0.00188202432992468
7.7687999999956,1.16760542311255,1.16572791022079,0.00187751289176208
7.7723999999956,1.1676031728007,1.16573016053264,0.00187301226805792
7.7759999999956,1.16760092788311,1.16573240545022,0.00186852243288915
7.7795999999956,1.16759868834686,1.16573464498647,0.00186404336039359
7.78319999999559,1.16759645417905,1.16573687915428,0.00185957502477274
7.78679999999559,1.16759422536681,1.16573910796652,0.00185511740028832
7.79039999999559,1.1675920018973,1.16574133143603,0.00185067046126486
7.79399999999559,1.16758978375771,1.16574354957562,0.00184623418208774
7.79759999999559,1.16758757093527,1.16574576239806,0.00184180853720406
7.80119999999558,1.16758536341723,1.16574796991611,0.00183739350112222
7.80479999999558,1.16758316119087,1.16575017214246,0.00183298904841189
7.80839999999558,1.16758096424352,1.16575236908981,0.00182859515370337
7.81199999999558,1.16757877256251,1.16575456077082,0.00182421179168757
7.81559999999558,1.16757658613522,1.16575674719811,0.00181983893711624
7.81919999999557,1.16757440494907,1.16575892838427,0.00181547656480219
7.82279999999557,1.16757222899148,1.16576110434186,0.00181112464961819
7.82639999999557,1.16757005824992,1.16576327508342,0.00180678316649741
7.82999999999557,1.16756789271188,1.16576544062145,0.00180245209043206
7.83359999999556,1.1675657323649,1.16576760096843,0.00179813139647633
7.83719999999556,1.16756357719654,1.1657697561368,0.00179382105974191
7.84079999999556,1.16756142719437,1.16577190613897,0.00178952105540242
7.84439999999556,1.16755928234601,1.16577405098732,0.00178523135868902
7.84799999999556,1.16755714263911,1.16577619069422,0.00178095194489347
7.85159999999556,1.16755500806135,1.16577832527198,0.00177668278936638
7.85519999999555,1.16755287860043,1.16578045473291,0.00177242386751741
7.85879999999555,1.16755075424407,1.16578257908926,0.00176817515481487
7.86239999999555,1.16754863498006,1.16578469835327,0.00176393662678676
7.86599999999555,1.16754652079618,1.16578681253716,0.00175970825901905
7.86959999999555,1.16754441168024,1.16578892165309,0.00175549002715636
7.87319999999554,1.16754230762012,1.16579102571322,0.00175128190690144
7.87679999999554,1.16754020860367,1.16579312472966,0.00174708387401568
7.88039999999554,1.16753811461883,1.16579521871451,0.00174289590431864
7.88399999999554,1.16753602565351,1.16579730767982,0.00173871797368763
7.88759999999554,1.1675339416957,1.16579939163764,0.00173455005805745
7.89119999999553,1.16753186273338,1.16580147059996,0.0017303921334213
7.89479999999553,1.16752978875458,1.16580354457875,0.00172624417582923
7.89839999999553,1.16752771974736,1.16580561358597,0.00172210616138946
7.90199999999553,1.1675256556998,1.16580767763353,0.00171797806626706
7.90559999999552,1.16752359660001,1.16580973673332,0.00171385986668393
7.90919999999552,1.16752154243613,1.16581179089721,0.00170975153891928
7.91279999999552,1.16751949319632,1.16581384013701,0.00170565305930936
7.91639999999552,1.16751744886879,1.16581588446454,0.00170156440424685
7.91999999999552,1.16751540944176,1.16581792389158,0.00169748555018101
7.92359999999551,1.16751337490348,1.16581995842986,0.0016934164736182
7.92719999999551,1.16751134524223,1.16582198809111,0.00168935715111962
7.93079999999551,1.16750932044632,1.16582401288701,0.00168530755930485
7.93439999999551,1.16750730050409,1.16582603282924,0.00168126767484722
7.93799999999551,1.16750528540391,1.16582804792943,0.00167723747447757
7.9415999999955,1.16750327513416,1.16583005819918,0.00167321693498179
7.9451999999955,1.16750126968327,1.16583206365007,0.00166920603320153
7.9487999999955,1.16749926903968,1.16583406429365,0.00166520474603415
7.9523999999955,1.16749727319188,1.16583606014145,0.00166121305043232
7.9559999999955,1.16749528212837,1.16583805120496,0.00165723092340397
7.95959999999549,1.16749329583767,1.16584003749566,0.00165325834201191
7.96319999999549,1.16749131430835,1.16584201902498,0.00164929528337399
7.96679999999549,1.167489337529,1.16584399580433,0.00164534172466335
7.97039999999549,1.16748736548822,1.16584596784511,0.00164139764310756
7.97399999999549,1.16748539817466,1.16584793515867,0.00163746301598833
7.97759999999548,1.16748343557699,1.16584989775635,0.00163353782064224
7.98119999999548,1.1674814776839,1.16585185564944,0.00162962203446071
7.98479999999548,1.16747952448411,1.16585380884922,0.00162571563488845
7.98839999999548,1.16747757596638,1.16585575736695,0.00162181859942478
7.99199999999548,1.16747563211948,1.16585770121386,0.00161793090562279
7.99559999999547,1.16747369293221,1.16585964040112,0.00161405253108926
7.99919999999547,1.16747175839341,1.16586157493992,0.00161018345348496
8.00279999999547,1.16746982849193,1.1658635048414,0.00160632365052371
8.00639999999547,1.16746790321665,1.16586543011668,0.00160247309997397
8.00999999999546,1.16746598255649,1.16586735077684,0.00159863177965525
8.01359999999546,1.16746406650039,1.16586926683295,0.0015947996674428
8.01719999999546,1.1674621550373,1.16587117829604,0.00159097674126274
8.02079999999546,1.16746024815621,1.16587308517712,0.001587162979096
8.02439999999546,1.16745834584615,1.16587498748718,0.00158335835897438
8.02799999999545,1.16745644809616,1.16587688523717,0.00157956285898408
8.03159999999545,1.1674545548953,1.16587877843804,0.00157577645726237
8.03519999999545,1.16745266623267,1.16588066710067,0.00157199913200001
8.03879999999545,1.16745078209739,1.16588255123595,0.00156823086143976
8.04239999999545,1.1674489024786,1.16588443085473,0.00156447162387652
8.04599999999544,1.16744702736549,1.16588630596784,0.00156072139765628
8.04959999999544,1.16744515674726,1.16588817658608,0.00155698016117856
8.05319999999544,1.16744329061311,1.16589004272022,0.00155324789289368
8.05679999999544,1.16744142895232,1.16589190438101,0.00154952457130375
8.06039999999544,1.16743957175415,1.16589376157919,0.00154581017496236
8.06399999999543,1.1674377190079,1.16589561432543,0.00154210468247462
8.06759999999543,1.16743587070292,1.16589746263042,0.00153840807249717
8.07119999999543,1.16743402682854,1.1658993065048,0.00153472032373747
8.07479999999543,1.16743218737414,1.16590114595919,0.00153104141495408
8.07839999999543,1.16743035232914,1.16590298100419,0.00152737132495639
8.08199999999542,1.16742852168297,1.16590481165036,0.0015237100326051
8.08559999999542,1.16742669542507,1.16590663790826,0.00152005751681061
8.08919999999542,1.16742487354493,1.1659084597884,0.00151641375653488
8.09279999999542,1.16742305603206,1.16591027730127,0.00151277873078981
8.09639999999542,1.16742124287599,1.16591209045735,0.00150915241863769
8.09999999999541,1.16741943406626,1.16591389926707,0.00150553479919102
8.10359999999541,1.16741762959247,1.16591570374086,0.00150192585161202
8.10719999999541,1.16741582944422,1.16591750388911,0.00149832555511376
8.11079999999541,1.16741403361115,1.16591929972219,0.00149473388895816
8.11439999999541,1.1674122420829,1.16592109125044,0.0014911508324571
8.1179999999954,1.16741045484915,1.16592287848418,0.00148757636497288
8.1215999999954,1.16740867189962,1.16592466143371,0.00148401046591595
8.1251999999954,1.16740689322404,1.16592644010929,0.00148045311474676
8.1287999999954,1.16740511881215,1.16592821452118,0.00147690429097525
8.1323999999954,1.16740334865375,1.16592998467959,0.00147336397416042
8.13599999999539,1.16740158273862,1.16593175059471,0.00146983214390972
8.13959999999539,1.16739982105661,1.16593351227673,0.00146630877987985
8.14319999999539,1.16739806359755,1.16593526973578,0.00146279386177639
8.14679999999539,1.16739631035134,1.16593702298199,0.0014592873693533
8.15039999999539,1.16739456130787,1.16593877202546,0.00145578928241386
8.15399999999538,1.16739281645707,1.16594051687626,0.00145229958080817
8.15759999999538,1.16739107578888,1.16594225754445,0.00144881824443588
8.16119999999538,1.16738933929329,1.16594399404004,0.00144534525324458
8.16479999999538,1.16738760696028,1.16594572637305,0.00144188058723027
8.16839999999538,1.16738587877988,1.16594745455345,0.00143842422643603
8.17199999999537,1.16738415474214,1.16594917859119,0.00143497615095334
8.17559999999537,1.16738243483713,1.16595089849621,0.00143153634092141
8.17919999999537,1.16738071905493,1.1659526142784,0.00142810477652699
8.18279999999537,1.16737900738567,1.16595432594766,0.00142468143800389
8.18639999999537,1.16737729981948,1.16595603351385,0.00142126630563433
8.18999999999536,1.16737559634654,1.16595773698679,0.0014178593597467
8.19359999999536,1.16737389695703,1.16595943637631,0.00141446058071737
8.19719999999536,1.16737220164115,1.16596113169218,0.00141106994896911
8.20079999999536,1.16737051038915,1.16596282294418,0.00140768744497199
8.20439999999536,1.16736882319129,1.16596451014205,0.00140431304924293
8.20799999999535,1.16736714003784,1.16596619329549,0.00140094674234548
8.21159999999535,1.16736546091911,1.16596787241422,0.00139758850488936
8.21519999999535,1.16736378582543,1.1659695475079,0.0013942383175316
8.21879999999535,1.16736211474715,1.16597121858618,0.00139089616097476
8.22239999999534,1.16736044767465,1.16597288565868,0.00138756201596846
8.22599999999534,1.16735878459832,1.16597454873501,0.00138423586330783
8.22959999999534,1.16735712550858,1.16597620782475,0.00138091768383419
8.23319999999534,1.16735547039588,1.16597786293745,0.00137760745843485
8.23679999999534,1.16735381925069,1.16597951408265,0.00137430516804282
8.24039999999533,1.16735217206349,1.16598116126985,0.00137101079363755
8.24399999999533,1.16735052882479,1.16598280450854,0.0013677243162431
8.24759999999533,1.16734888952513,1.1659844438082,0.00136444571692906
8.25119999999533,1.16734725415507,1.16598607917826,0.00136117497681121
8.25479999999533,1.16734562270519,1.16598771062814,0.00135791207704949
8.25839999999532,1.16734399516609,1.16598933816724,0.00135465699885051
8.26199999999532,1.1673423715284,1.16599096180493,0.00135140972346437
8.26559999999532,1.16734075178276,1.16599258155057,0.00134817023218714
8.26919999999532,1.16733913591985,1.16599419741349,0.00134493850635908
8.27279999999532,1.16733752393035,1.16599580940298,0.00134171452736576
8.27639999999531,1.16733591580498,1.16599741752835,0.0013384982766369
8.27999999999531,1.16733431153449,1.16599902179884,0.00133528973564712
8.28359999999531,1.16733271110962,1.16600062222371,0.00133208888591496
8.28719999999531,1.16733111452117,1.16600221881216,0.00132889570900363
8.29079999999531,1.16732952175993,1.16600381157341,0.00132571018652095
8.2943999999953,1.16732793281673,1.16600540051661,0.00132253230011758
8.2979999999953,1.16732634768241,1.16600698565092,0.0013193620314893
8.3015999999953,1.16732476634785,1.16600856698548,0.00131619936237537
8.3051999999953,1.16732318880395,1.16601014452939,0.00131304427455903
8.3087999999953,1.1673216150416,1.16601171829173,0.00130989674986659
8.31239999999529,1.16732004505175,1.16601328828158,0.00130675677016834
8.31599999999529,1.16731847882536,1.16601485450798,0.00130362431737852
8.31959999999529,1.16731691635339,1.16601641697994,0.00130049937345378
8.32319999999529,1.16731535762686,1.16601797570647,0.00129738192039452
8.32679999999529,1.16731380263679,1.16601953069654,0.00129427194024467
8.33039999999528,1.16731225137421,1.16602108195912,0.00129116941509033
8.33399999999528,1.1673107038302,1.16602262950314,0.00128807432706113
8.33759999999528,1.16730915999583,1.1660241733375,0.0012849866583291
8.34119999999528,1.16730761986222,1.16602571347111,0.00128190639110981
8.34479999999528,1.1673060834205,1.16602724991284,0.00127883350766056
8.34839999999527,1.16730455066181,1.16602878267153,0.00127576799028151
8.35199999999527,1.16730302157732,1.16603031175601,0.00127270982131589
8.35559999999527,1.16730149615824,1.16603183717509,0.00126965898314801
8.35919999999527,1.16729997439577,1.16603335893756,0.00126661545820528
8.36279999999527,1.16729845628115,1.16603487705219,0.00126357922895726
8.36639999999526,1.16729694180562,1.16603639152771,0.00126055027791483
8.36999999999526,1.16729543096048,1.16603790237285,0.00125752858763173
8.37359999999526,1.16729392373702,1.16603940959632,0.00125451414070255
8.37719999999526,1.16729242012655,1.16604091320678,0.0012515069197645
8.38079999999526,1.16729092012041,1.16604241321292,0.00124850690749634
8.38439999999525,1.16728942370998,1.16604390962336,0.00124551408661722
8.38799999999525,1.16728793088661,1.16604540244672,0.00124252843988892
8.39159999999525,1.16728644164172,1.16604689169161,0.0012395499501141
8.39519999999525,1.16728495596673,1.1660483773666,0.00123657860013671
8.39879999999525,1.16728347385309,1.16604985948025,0.00123361437284175
8.40239999999524,1.16728199529224,1.16605133804109,0.00123065725115512
8.40599999999524,1.16728052027569,1.16605281305764,0.00122770721804444
8.40959999999524,1.16727904879492,1.16605428453841,0.00122476425651685
8.41319999999524,1.16727758084148,1.16605575249186,0.00122182834962126
8.41679999999524,1.16727611640689,1.16605721692644,0.00121889948044673
8.42039999999523,1.16727465548273,1.1660586778506,0.00121597763212344
8.42399999999523,1.16727319806058,1.16606013527276,0.00121306278782063
8.42759999999523,1.16727174413204,1.16606158920129,0.00121015493074994
8.43119999999523,1.16727029368875,1.16606303964459,0.00120725404416122
8.43479999999522,1.16726884672234,1.16606448661099,0.00120436011134584
8.43839999999522,1.16726740322448,1.16606593010885,0.0012014731156349
8.44199999999522,1.16726596318687,1.16606737014647,0.00119859304039882
8.44559999999522,1.16726452660119,1.16606880673214,0.00119571986904865
8.44919999999522,1.16726309345918,1.16607023987415,0.0011928535850354
8.45279999999521,1.16726166375259,1.16607166958074,0.00118999417184851
8.45639999999521,1.16726023747318,1.16607309586016,0.00118714161301847
8.45999999999521,1.16725881461272,1.16607451872061,0.001184295892114
8.46359999999521,1.16725739516304,1.16607593817029,0.00118145699274419
8.46719999999521,1.16725597911594,1.16607735421739,0.0011786248985568
8.4707999999952,1.16725456646329,1.16607876687005,0.00117579959323888
8.4743999999952,1.16725315719693,1.16608017613641,0.001172981060517
8.4779999999952,1.16725175130874,1.16608158202459,0.00117016928415614
8.4815999999952,1.16725034879065,1.16608298454269,0.00116736424796082
8.4851999999952,1.16724894963455,1.16608438369878,0.00116456593577352
8.48879999999519,1.1672475538324,1.16608577950093,0.00116177433147668
8.49239999999519,1.16724616137616,1.16608717195717,0.00115898941899029
8.49599999999519,1.1672447722578,1.16608856107553,0.00115621118227316
8.49959999999519,1.16724338646933,1.16608994686401,0.00115343960532277
8.50319999999519,1.16724200400275,1.16609132933058,0.00115067467217522
8.50679999999518,1.16724062485012,1.16609270848321,0.00114791636690414
8.51039999999518,1.16723924900348,1.16609408432986,0.0011451646736218
8.51399999999518,1.16723787645491,1.16609545687843,0.00114241957647843
8.51759999999518,1.1672365071965,1.16609682613684,0.001139681059662
8.52119999999518,1.16723514122037,1.16609819211297,0.00113694910739937
8.52479999999517,1.16723377851864,1.16609955481469,0.001134223703954
8.52839999999517,1.16723241908348,1.16610091424985,0.00113150483362778
8.53199999999517,1.16723106290705,1.16610227042629,0.00112879248076014
8.53559999999517,1.16722970998153,1.1661036233518,0.00112608662972757
8.53919999999517,1.16722836029914,1.16610497303419,0.00112338726494476
8.54279999999516,1.1672270138521,1.16610631948124,0.00112069437086304
8.54639999999516,1.16722567063265,1.16610766270068,0.00111800793197192
8.54999999999516,1.16722433063307,1.16610900270027,0.00111532793279712
8.55359999999516,1.16722299384562,1.16611033948772,0.00111265435790164
8.55719999999516,1.16722166026261,1.16611167307072,0.00110998719188649
8.56079999999515,1.16722032987636,1.16611300345697,0.00110732641938793
8.56439999999515,1.16721900267921,1.16611433065413,0.00110467202508047
8.56799999999515,1.1672176786635,1.16611565466983,0.00110202399367476
8.57159999999515,1.16721635782163,1.16611697551171,0.00109938230991813
8.57519999999515,1.16721504014596,1.16611829318737,0.0010967469585943
8.57879999999514,1.16721372562893,1.1661196077044,0.00109411792452407
8.58239999999514,1.16721241426295,1.16612091907038,0.0010914951925638
8.58599999999514,1.16721110604047,1.16612222729286,0.00108887874760666
8.58959999999514,1.16720980095396,1.16612353237938,0.00108626857458227
8.59319999999514,1.16720849899589,1.16612483433744,0.001083664658456
8.59679999999513,1.16720720015878,1.16612613317455,0.00108106698422872
8.60039999999513,1.16720590443514,1.1661274288982,0.00107847553693863
8.60399999999513,1.1672046118175,1.16612872151584,0.00107589030165856
8.60759999999513,1.16720332229842,1.16613001103492,0.00107331126349752
8.61119999999513,1.16720203587047,1.16613129746287,0.00107073840760075
8.61479999999512,1.16720075252624,1.16613258080709,0.00106817171914786
8.61839999999512,1.16719947225834,1.16613386107499,0.00106561118335557
8.62199999999512,1.1671981950594,1.16613513827393,0.0010630567854748
8.62559999999512,1.16719692092206,1.16613641241127,0.0010605085107922
8.62919999999511,1.16719564983898,1.16613768349435,0.00105796634462973
8.63279999999511,1.16719438180284,1.16613895153049,0.00105543027234467
8.63639999999511,1.16719311680633,1.166140216527,0.00105290027932936
8.63999999999511,1.16719185484217,1.16614147849116,0.00105037635101057
8.64359999999511,1.16719059590309,1.16614273743024,0.00104785847285127
8.6471999999951,1.16718933998184,1.16614399335149,0.00104534663034772
8.6507999999951,1.16718808707118,1.16614524626215,0.00104284080903216
8.6543999999951,1.1671868371639,1.16614649616943,0.00104034099447103
8.6579999999951,1.1671855902528,1.16614774308053,0.0010378471722654
8.6615999999951,1.16718434633069,1.16614898700264,0.00103535932805077
8.66519999999509,1.16718310539042,1.16615022794292,0.00103287744749747
8.66879999999509,1.16718186742482,1.16615146590851,0.0010304015163094
8.67239999999509,1.16718063242678,1.16615270090655,0.00102793152022573
8.67599999999509,1.16717940038918,1.16615393294416,0.00102546744501875
8.67959999999509,1.16717817130491,1.16615516202842,0.00102300927649623
8.68319999999508,1.16717694516692,1.16615638816642,0.00102055700049819
8.68679999999508,1.16717572196812,1.16615761136522,0.00101811060290014
8.69039999999508,1.16717450170147,1.16615883163186,0.00101567006961067
8.69399999999508,1.16717328435995,1.16616004897338,0.00101323538657239
8.69759999999508,1.16717206993655,1.16616126339679,0.0010108065397616
8.70119999999507,1.16717085842426,1.16616247490907,0.00100838351518795
8.70479999999507,1.16716964981611,1.16616368351722,0.00100596629889504
8.70839999999507,1.16716844410515,1.16616488922819,0.0010035548769598
8.71199999999507,1.16716724128441,1.16616609204892,0.00100114923549222
8.71559999999507,1.16716604134698,1.16616729198635,0.000998749360635598
8.71919999999506,1.16716484428595,1.16616848904738,0.000996355238567448
8.72279999999506,1.16716365009442,1.16616968323892,0.000993966855497019
8.72639999999506,1.1671624587655,1.16617087456783,0.000991584197667317
8.72999999999506,1.16716127029234,1.16617206304099,0.000989207251354429
8.73359999999506,1.1671600846681,1.16617324866523,0.000986836002867086
8.73719999999505,1.16715890188594,1.16617443144739,0.000984470438546881
8.74079999999505,1.16715772193905,1.16617561139428,0.000982110544768267
8.74439999999505,1.16715654482064,1.1661767885127,0.00097975630793834
8.74799999999505,1.16715537052391,1.16617796280942,0.000977407714496392
8.75159999999505,1.16715419904212,1.16617913429121,0.0009750647509148
8.75519999999504,1.16715303036852,1.16618030296482,0.000972727403697915
8.75879999999504,1.16715186449636,1.16618146883698,0.00097039565938295
8.76239999999504,1.16715070141894,1.1661826319144,0.000968069504538871
8.76599999999504,1.16714954112955,1.16618379220378,0.000965748925767285
8.76959999999504,1.16714838362152,1.16618494971182,0.000963433909701328
8.77319999999503,1.16714722888817,1.16618610444516,0.000961124443006778
8.77679999999503,1.16714607692286,1.16618725641048,0.000958820512380942
8.78039999999503,1.16714492771894,1.16618840561439,0.000956522104553326
8.78399999999503,1.16714378126981,1.16618955206352,0.000954229206284962
8.78759999999503,1.16714263756885,1.16619069576448,0.000951941804369083
8.79119999999502,1.16714149660948,1.16619183672385,0.000949659885630227
8.79479999999502,1.16714035838513,1.1661929749482,0.000947383436924021
8.79839999999502,1.16713922288924,1.1661941104441,0.000945112445138729
8.80199999999502,1.16713809011526,1.16619524321807,0.000942846897193261
8.80559999999502,1.16713696005669,1.16619637327665,0.000940586780038055
8.80919999999501,1.16713583270699,1.16619750062634,0.000938332080654858
8.81279999999501,1.16713470805969,1.16619862527364,0.000936082786056724
8.81639999999501,1.16713358610831,1.16619974722502,0.000933838883287574
8.81999999999501,1.16713246684638,1.16620086648696,0.000931600359422635
8.82359999999501,1.16713135026745,1.16620198306588,0.000929367201568221
8.827199999995,1.1671302363651,1.16620309696824,0.000927139396860843
8.830799999995,1.1671291251329,1.16620420820043,0.000924916932468767
8.834399999995,1.16712801656446,1.16620531676887,0.000922699795590676
8.837999999995,1.16712691065339,1.16620642267994,0.000920487973455675
8.84159999999499,1.16712580739333,1.16620752594,0.000918281453323733
8.84519999999499,1.16712470677791,1.16620862655542,0.00091608022248546
8.84879999999499,1.1671236088008,1.16620972453254,0.000913884268261445
8.85239999999499,1.16712251345567,1.16621081987766,0.000911693578003359
8.85599999999499,1.16712142073621,1.16621191259712,0.00090950813909263
8.85959999999498,1.16712033063614,1.1662130026972,0.000907327938941105
8.86319999999498,1.16711924314916,1.16621409018417,0.000905152964991496
8.86679999999498,1.16711815826902,1.16621517506431,0.000902983204714713
8.87039999999498,1.16711707598947,1.16621625734386,0.00090081864561431
8.87399999999498,1.16711599630428,1.16621733702906,0.000898659275221592
8.87759999999497,1.16711491920722,1.16621841412612,0.000896505081098509
8.88119999999497,1.16711384469209,1.16621948864125,0.000894356050837652
8.88479999999497,1.1671127727527,1.16622056058064,0.000892212172060036
8.88839999999497,1.16711170338288,1.16622162995046,0.000890073432417093
8.89199999999497,1.16711063657646,1.16622269675687,0.000887939819590011
8.89559999999496,1.16710957232731,1.16622376100602,0.000885811321288399
8.89919999999496,1.16710851062929,1.16622482270404,0.000883687925253174
8.90279999999496,1.16710745147629,1.16622588185704,0.000881569619252565
8.90639999999496,1.16710639486221,1.16622693847112,0.000879456391085887
8.90999999999496,1.16710534078096,1.16622799255238,0.000877348228580654
8.91359999999495,1.16710428922646,1.16622904410687,0.000875245119594137
8.91719999999495,1.16710324019267,1.16623009314066,0.000873147052012024
8.92079999999495,1.16710219367354,1.16623113965979,0.000871054013749539
8.92439999999495,1.16710114966304,1.16623218367029,0.000868965992751436
8.92799999999495,1.16710010815516,1.16623322517817,0.00086688297698978
8.93159999999494,1.1670990691439,1.16623426418943,0.000864804954467058
8.93519999999494,1.16709803262327,1.16623530071006,0.00086273191321351
8.93879999999494,1.16709699858731,1.16623633474602,0.000860663841288689
8.94239999999494,1.16709596703006,1.16623736630328,0.000858600726780567
8.94599999999494,1.16709493794557,1.16623839538776,0.000856542557805318
8.94959999999493,1.16709391132792,1.16623942200541,0.000854489322508201
8.95319999999493,1.1670928871712,1.16624044616214,0.000852441009062455
8.95679999999493,1.1670918654695,1.16624146786383,0.000850397605669739
8.96039999999493,1.16709084621695,1.16624248711639,0.000848359100560137
8.96399999999493,1.16708982940766,1.16624350392567,0.00084632548199215
8.96759999999492,1.16708881503579,1.16624451829754,0.000844296738251815
8.97119999999492,1.16708780309549,1.16624553023784,0.000842272857653592
8.97479999999492,1.16708679358094,1.1662465397524,0.000840253828540138
8.97839999999492,1.16708578648631,1.16624754684703,0.000838239639281646
8.98199999999492,1.1670847818058,1.16624855152753,0.000836230278276506
8.98559999999491,1.16708377953364,1.16624955379969,0.000834225733950866
8.98919999999491,1.16708277966405,1.16625055366929,0.000832225994758407
8.99279999999491,1.16708178219126,1.16625155114208,0.000830231049181007
8.99639999999491,1.16708078710953,1.1662525462238,0.000828240885727194
8.99999999999491,1.16707979441313,1.1662535389202,0.000826255492934358
9.0035999999949,1.16707880409635,1.16625452923698,0.000824274859366314
9.0071999999949,1.16707781615347,1.16625551717986,0.00082229897361441
9.0107999999949,1.16707683057882,1.16625650275452,0.000820327824297751
9.0143999999949,1.1670758473667,1.16625748596664,0.000818361400062306
9.0179999999949,1.16707486651146,1.16625846682188,0.000816399689582026
9.02159999999489,1.16707388800745,1.16625944532589,0.000814442681557059
9.02519999999489,1.16707291184902,1.16626042148431,0.000812490364715313
9.02879999999489,1.16707193803057,1.16626139530276,0.000810542727811336
9.03239999999489,1.16707096654648,1.16626236678685,0.000808599759626771
9.03599999999489,1.16706999739115,1.16626333594218,0.000806661448969903
9.03959999999488,1.167069030559,1.16626430277433,0.000804727784676329
9.04319999999488,1.16706806604447,1.16626526728886,0.00080279875560807
9.04679999999488,1.16706710384199,1.16626622949134,0.000800874350654235
9.05039999999488,1.16706614394603,1.1662671893873,0.000798954558729692
9.05399999999488,1.16706518635106,1.16626814698228,0.000797039368776842
9.05759999999487,1.16706423105155,1.16626910228178,0.000795128769764286
9.06119999999487,1.16706327804201,1.16627005529132,0.000793222750686606
9.06479999999487,1.16706232731695,1.16627100601638,0.000791321300565473
9.06839999999487,1.16706137887089,1.16627195446244,0.000789424408448536
9.07199999999487,1.16706043269837,1.16627290063496,0.000787532063409646
9.07559999999486,1.16705948879394,1.16627384453939,0.000785644254548634
9.07919999999486,1.16705854715216,1.16627478618117,0.000783760970992198
9.08279999999486,1.16705760776761,1.16627572556572,0.000781882201892348
9.08639999999486,1.16705667063488,1.16627666269845,0.00078000793642774
9.08999999999486,1.16705573574857,1.16627759758477,0.000778138163802122
9.09359999999485,1.16705480310329,1.16627853023004,0.000776272873246109
9.09719999999485,1.16705387269367,1.16627946063966,0.000774412054014961
9.10079999999485,1.16705294451436,1.16628038881897,0.000772555695391031
9.10439999999485,1.16705201856001,1.16628131477333,0.000770703786681759
9.10799999999484,1.16705109482528,1.16628223850806,0.000768856317219457
9.11159999999484,1.16705017330485,1.16628316002848,0.000767013276363304
9.11519999999484,1.16704925399342,1.16628407933992,0.000765174653497125
9.11879999999484,1.16704833688568,1.16628499644765,0.000763340438030946
9.12239999999484,1.16704742197637,1.16628591135697,0.000761510619399219
9.12599999999483,1.1670465092602,1.16628682407314,0.000759685187061931
9.12959999999483,1.16704559873192,1.16628773460141,0.000757864130505492
9.13319999999483,1.16704469038629,1.16628864294705,0.000756047439239849
9.13679999999483,1.16704378421807,1.16628954911527,0.000754235102801371
9.14039999999483,1.16704288022204,1.16629045311129,0.000752427110750853
9.14399999999482,1.167041978393,1.16629135494033,0.000750623452674182
9.14759999999482,1.16704107872576,1.16629225460758,0.000748824118182112
9.15119999999482,1.16704018121512,1.16629315211821,0.000747029096911156
9.15479999999482,1.16703928585593,1.16629404747741,0.000745238378521362
9.15839999999482,1.16703839264302,1.16629494069032,0.000743451952698537
9.16199999999481,1.16703750157124,1.16629583176209,0.000741669809152468
9.16559999999481,1.16703661263548,1.16629672069786,0.000739891937618697
9.16919999999481,1.16703572583059,1.16629760750274,0.000738118327856307
9.17279999999481,1.16703484115149,1.16629849218184,0.000736348969649026
9.17639999999481,1.16703395859307,1.16629937474026,0.000734583852806114
9.1799999999948,1.16703307815025,1.16630025518309,0.00073282296715993
9.1835999999948,1.16703219981795,1.16630113351538,0.000731066302567696
9.1871999999948,1.16703132359112,1.16630200974221,0.000729313848911506
9.1907999999948,1.16703044946472,1.16630288386862,0.000727565596096991
9.1943999999948,1.16702957743369,1.16630375589964,0.000725821534054427
9.19799999999479,1.16702870749304,1.1663046258403,0.000724081652737629
9.20159999999479,1.16702783963773,1.1663054936956,0.000722345942125058
9.20519999999479,1.16702697386278,1.16630635947056,0.000720614392219598
9.20879999999479,1.16702611016319,1.16630722317014,0.000718886993046564
9.21239999999479,1.16702524853399,1.16630808479934,0.000717163734656801
9.21599999999478,1.16702438897023,1.1663089443631,0.000715444607124249
9.21959999999478,1.16702353146694,1.16630980186639,0.000713729600546609
9.22319999999478,1.16702267601919,1.16631065731414,0.000712018705045336
9.22679999999478,1.16702182262205,1.16631151071128,0.000710311910766093
9.23039999999478,1.16702097127061,1.16631236206273,0.000708609207877853
9.23399999999477,1.16702012195995,1.16631321137338,0.00070691058657224
9.23759999999477,1.1670192746852,1.16631405864813,0.000705216037066192
9.24119999999477,1.16701842944147,1.16631490389187,0.000703525549598405
9.24479999999477,1.16701758622388,1.16631574710945,0.000701839114431779
9.24839999999477,1.16701674502759,1.16631658830574,0.000700156721852974
9.25199999999476,1.16701590584775,1.16631742748558,0.000698478362170629
9.25559999999476,1.16701506867953,1.16631826465381,0.000696804025718256
9.25919999999476,1.16701423351809,1.16631909981524,0.000695133702851125
9.26279999999476,1.16701340035864,1.16631993297469,0.000693467383948265
9.26639999999476,1.16701256919637,1.16632076413696,0.000691805059412021
9.26999999999475,1.1670117400265,1.16632159330683,0.00069014671966694
9.27359999999475,1.16701091284425,1.16632242048909,0.000688492355161552
9.27719999999475,1.16701008764485,1.16632324568848,0.000686841956366147
9.28079999999475,1.16700926442355,1.16632406890978,0.00068519551377455
9.28439999999475,1.16700844317562,1.16632489015771,0.00068355301790346
9.28799999999474,1.16700762389631,1.16632570943702,0.000681914459292221
9.29159999999474,1.16700680658092,1.16632652675242,0.000680279828502828
9.29519999999474,1.16700599122473,1.16632734210861,0.000678649116119256
9.29879999999474,1.16700517782304,1.16632815551029,0.00067702231274902
9.30239999999474,1.16700436637118,1.16632896696216,0.000675399409021615
9.30599999999473,1.16700355686446,1.16632977646887,0.000673780395589407
9.30959999999473,1.16700274929823,1.1663305840351,0.000672165263126301
9.31319999999473,1.16700194366783,1.1663313896655,0.000670554002329959
9.31679999999473,1.16700113996863,1.16633219336471,0.000668946603918696
9.32039999999472,1.16700033819598,1.16633299513735,0.000667343058634584
9.32399999999472,1.16699953834529,1.16633379498805,0.000665743357241011
9.32759999999472,1.16699874041193,1.1663345929214,0.00066414749052357
9.33119999999472,1.16699794439131,1.16633538894202,0.000662555449289837
9.33479999999472,1.16699715027885,1.16633618305448,0.000660967224370479
9.33839999999471,1.16699635806997,1.16633697526336,0.000659382806616593
9.34199999999471,1.16699556776012,1.16633776557322,0.000657802186902368
9.34559999999471,1.16699477934473,1.16633855398861,0.000656225356122864
9.34919999999471,1.16699399281926,1.16633934051407,0.000654652305196235
9.35279999999471,1.1669932081792,1.16634012515414,0.000653083025061507
9.3563999999947,1.16699242542001,1.16634090791333,0.000651517506679467
9.3599999999947,1.16699164453718,1.16634168879615,0.000649955741032882
9.3635999999947,1.16699086552623,1.1663424678071,0.000648397719125837
9.3671999999947,1.16699008838266,1.16634324495067,0.000646843431984623
9.3707999999947,1.16698931310199,1.16634402023134,0.000645292870655734
9.37439999999469,1.16698853967977,1.16634479365356,0.000643746026208758
9.37799999999469,1.16698776811153,1.1663455652218,0.000642202889733268
9.38159999999469,1.16698699839284,1.1663463349405,0.000640663452341261
9.38519999999469,1.16698623051925,1.16634710281408,0.000639127705165388
9.38879999999468,1.16698546448635,1.16634786884699,0.000637595639359834
9.39239999999468,1.16698470028972,1.16634863304362,0.000636067246099881
9.39599999999468,1.16698393792496,1.16634939540838,0.000634542516581904
9.39959999999468,1.16698317738768,1.16635015594565,0.000633021442023374
9.40319999999468,1.1669824186735,1.16635091465983,0.000631504013663298
9.40679999999467,1.16698166177805,1.16635167155529,0.000629990222761112
9.41039999999467,1.16698090669697,1.16635242663637,0.000628480060597125
9.41399999999467,1.1669801534259,1.16635317990743,0.000626973518473628
9.41759999999467,1.16697940196052,1.16635393137281,0.000625470587711785
9.42119999999467,1.16697865229649,1.16635468103684,0.000623971259655631
9.42479999999467,1.1669779044295,1.16635542890383,0.000622475525668742
9.42839999999466,1.16697715835523,1.1663561749781,0.000620983377135564
9.43199999999466,1.1669764140694,1.16635691926394,0.00061949480546164
9.43559999999466,1.1669756715677,1.16635766176563,0.000618009802072716
9.43919999999466,1.16697493084587,1.16635840248746,0.000616528358414969
9.44279999999466,1.16697419189964,1.16635914143369,0.000615050465955447
9.44639999999465,1.16697345472476,1.16635987860858,0.000613576116181402
9.44999999999465,1.16697271931697,1.16636061401637,0.000612105300600962
9.45359999999465,1.16697198567204,1.1663613476613,0.000610638010741793
9.45719999999465,1.16697125378574,1.16636207954759,0.000609174238152432
9.46079999999465,1.16697052365387,1.16636280967947,0.000607713974401625
9.46439999999464,1.16696979527221,1.16636353806113,0.00060625721107832
9.46799999999464,1.16696906863656,1.16636426469677,0.000604803939791454
9.47159999999464,1.16696834374275,1.16636498959058,0.000603354152170388
9.47519999999464,1.1669676205866,1.16636571274673,0.000601907839864024
9.47879999999464,1.16696689916394,1.1663664341694,0.000600464994542138
9.48239999999463,1.16696617947061,1.16636715386272,0.000599025607893378
9.48599999999463,1.16696546150248,1.16636787183085,0.000597589671627263
9.48959999999463,1.1669647452554,1.16636858807793,0.000596157177472412
9.49319999999463,1.16696403072526,1.16636930260808,0.000594728117178089
9.49679999999463,1.16696331790792,1.16637001542541,0.000593302482512881
9.50039999999462,1.1669626067993,1.16637072653403,0.000591880265265132
9.50399999999462,1.16696189739529,1.16637143593805,0.000590461457242508
9.50759999999462,1.1669611896918,1.16637214364153,0.000589046050273323
9.51119999999462,1.16696048368477,1.16637284964856,0.000587634036204099
9.51479999999462,1.16695977937012,1.16637355396322,0.000586225406902452
9.51839999999461,1.16695907674379,1.16637425658954,0.000584820154253984
9.52199999999461,1.16695837580175,1.16637495753158,0.000583418270164726
9.52559999999461,1.16695767653995,1.16637565679339,0.000582019746560025
9.52919999999461,1.16695697895436,1.16637635437897,0.000580624575384103
9.5327999999946,1.16695628304097,1.16637705029237,0.000579232748601166
9.5363999999946,1.16695558879576,1.16637774453757,0.000577844258193627
9.5399999999946,1.16695489621475,1.16637843711858,0.00057645909616455
9.5435999999946,1.16695420529393,1.1663791280394,0.000575077254534984
9.5471999999946,1.16695351602934,1.16637981730399,0.000573698725345739
9.55079999999459,1.16695282841699,1.16638050491634,0.000572323500656058
9.55439999999459,1.16695214245294,1.16638119088039,0.000570951572545164
9.55799999999459,1.16695145813322,1.16638187520011,0.000569582933110713
9.56159999999459,1.1669507754539,1.16638255787943,0.000568217574469232
9.56519999999459,1.16695009441104,1.16638323892229,0.000566855488755902
9.56879999999458,1.16694941500073,1.1663839183326,0.000565496668125665
9.57239999999458,1.16694873721904,1.16638459611429,0.00056414110475167
9.57599999999458,1.16694806106208,1.16638527227125,0.000562788790825719
9.57959999999458,1.16694738652595,1.16638594680739,0.000561439718558487
9.58319999999457,1.16694671360676,1.16638661972658,0.00056009388017908
9.58679999999457,1.16694604230063,1.1663872910327,0.000558751267936142
9.59039999999457,1.16694537260371,1.16638796072962,0.000557411874095859
9.59399999999457,1.16694470451214,1.16638862882119,0.000556075690943292
9.59759999999457,1.16694403802206,1.16638929531128,0.000554742710781708
9.60119999999456,1.16694337312963,1.1663899602037,0.000553412925934138
9.60479999999456,1.16694270983104,1.1663906235023,0.000552086328740042
9.60839999999456,1.16694204812245,1.16639128521089,0.000550762911558644
9.61199999999456,1.16694138800005,1.16639194533328,0.000549442666767153
9.61559999999456,1.16694072946005,1.16639260387329,0.000548125586760984
9.61919999999455,1.16694007249864,1.16639326083469,0.000546811663953317
9.62279999999455,1.16693941711205,1.16639391622128,0.000545500890776429
9.62639999999455,1.16693876329651,1.16639457003683,0.000544193259680137
9.62999999999455,1.16693811104823,1.1663952222851,0.000542888763132465
9.63359999999455,1.16693746036348,1.16639587296986,0.000541587393619647
9.63719999999454,1.16693681123849,1.16639652209484,0.000540289143645678
9.64079999999454,1.16693616366953,1.1663971696638,0.00053899400573254
9.64439999999454,1.16693551765288,1.16639781568046,0.000537701972420646
9.64799999999454,1.1669348731848,1.16639846014853,0.000536413036267502
9.65159999999454,1.16693423026159,1.16639910307174,0.000535127189848827
9.65519999999453,1.16693358887955,1.16639974445379,0.000533844425758767
9.65879999999453,1.16693294903497,1.16640038429836,0.000532564736607899
9.66239999999453,1.16693231072418,1.16640102260915,0.00053128811502523
9.66599999999453,1.1669316739435,1.16640165938984,0.000530014553657976
9.66959999999453,1.16693103868925,1.16640229464408,0.000528744045170226
9.67319999999452,1.16693040495779,1.16640292837554,0.000527476582243613
9.67679999999452,1.16692977274546,1.16640356058788,0.000526212157577977
9.68039999999452,1.16692914204861,1.16640419128472,0.000524950763889809
9.68399999999452,1.16692851286362,1.16640482046971,0.000523692393913588
9.68759999999452,1.16692788518687,1.16640544814647,0.000522437040401114
9.69119999999451,1.16692725901473,1.16640607431861,0.000521184696121946
9.69479999999451,1.1669266343436,1.16640669898974,0.000519935353862078
9.69839999999451,1.16692601116988,1.16640732216345,0.000518689006425932
9.70199999999451,1.16692538948998,1.16640794384335,0.000517445646633696
9.70559999999451,1.16692476930033,1.166408564033,0.000516205267324432
9.7091999999945,1.16692415059734,1.16640918273599,0.000514967861352966
9.7127999999945,1.16692353337746,1.16640979995587,0.000513733421592111
9.7163999999945,1.16692291763713,1.1664104156962,0.000512501940931553
9.7199999999945,1.16692230337281,1.16641102996053,0.000511273412277857
9.7235999999945,1.16692169058094,1.16641164275239,0.000510047828554905
9.72719999999449,1.16692107925802,1.16641225407532,0.00050882518270301
9.73079999999449,1.16692046940051,1.16641286393283,0.000507605467680028
9.73439999999449,1.1669198610049,1.16641347232844,0.000506388676460245
9.73799999999449,1.16691925406768,1.16641407926565,0.000505174802035269
9.74159999999449,1.16691864858537,1.16641468474796,0.000503963837412913
9.74519999999448,1.16691804455448,1.16641528877886,0.000502755775617869
9.74879999999448,1.16691744197151,1.16641589136182,0.000501550609692147
9.75239999999448,1.16691684083301,1.16641649250032,0.000500348332693745
9.75599999999448,1.16691624113552,1.16641709219782,0.000499148937697313
9.75959999999448,1.16691564287556,1.16641769045777,0.000497952417794822
9.76319999999447,1.16691504604971,1.16641828728362,0.00049675876609423
9.76679999999447,1.16691445065453,1.16641888267881,0.000495567975719924
9.77039999999447,1.16691385668657,1.16641947664676,0.000494380039812947
9.77399999999447,1.16691326414243,1.1664200691909,0.000493194951530773
9.77759999999447,1.16691267301869,1.16642066031464,0.000492012704047529
9.78119999999446,1.16691208331194,1.16642125002139,0.00049083329055355
9.78479999999446,1.16691149501879,1.16642183831454,0.000489656704254937
9.78839999999446,1.16691090813585,1.16642242519748,0.000488482938375112
9.79199999999446,1.16691032265974,1.16642301067359,0.000487311986152816
9.79559999999445,1.16690973858709,1.16642359474624,0.000486143840843667
9.79919999999445,1.16690915591453,1.16642417741881,0.000484978495719046
9.80279999999445,1.1669085746387,1.16642475869463,0.000483815944066324
9.80639999999445,1.16690799475626,1.16642533857707,0.000482656179189522
9.80999999999445,1.16690741626387,1.16642591706946,0.000481499194407986
9.81359999999444,1.1669068391582,1.16642649417514,0.000480344983058156
9.81719999999444,1.16690626343591,1.16642706989742,0.000479193538491574
9.82079999999444,1.1669056890937,1.16642764423963,0.000478044854075543
9.82439999999444,1.16690511612826,1.16642821720507,0.000476898923194025
9.82799999999444,1.16690454453629,1.16642878879704,0.000475755739246297
9.83159999999443,1.16690397431449,1.16642935901884,0.000474615295647629
9.83519999999443,1.16690340545958,1.16642992787375,0.000473477585829274
9.83879999999443,1.16690283796829,1.16643049536505,0.000472342603237808
9.84239999999443,1.16690227183733,1.166431061496,0.000471210341335349
9.84599999999443,1.16690170706347,1.16643162626987,0.000470080793601113
9.84959999999442,1.16690114364343,1.1664321896899,0.000468953953528084
9.85319999999442,1.16690058157398,1.16643275175935,0.00046782981462612
9.85679999999442,1.16690002085188,1.16643331248146,0.000466708370419955
9.86039999999442,1.16689946147389,1.16643387185944,0.00046558961445009
9.86399999999442,1.1668989034368,1.16643442989653,0.000464473540272348
9.86759999999441,1.1668983467374,1.16643498659594,0.000463360141458535
9.87119999999441,1.16689779137246,1.16643554196087,0.000462249411595339
9.87479999999441,1.16689723733881,1.16643609599452,0.000461141344284766
9.87839999999441,1.16689668463324,1.16643664870009,0.000460035933144587
9.88199999999441,1.16689613325257,1.16643720008076,0.000458933171807674
9.8855999999944,1.16689558319363,1.16643775013971,0.000457833053921775
9.8891999999944,1.16689503445324,1.16643829888009,0.000456735573150624
9.8927999999944,1.16689448702825,1.16643884630508,0.00045564072317239
9.8963999999944,1.16689394091551,1.16643939241783,0.000454548497681229
9.8999999999944,1.16689339611186,1.16643993722147,0.000453458890385283
9.90359999999439,1.16689285261417,1.16644048071916,0.000452371895008907
9.90719999999439,1.16689231041931,1.16644102291402,0.000451287505291109
9.91079999999439,1.16689176952416,1.16644156380917,0.000450205714985552
9.91439999999439,1.1668912299256,1.16644210340774,0.000449126517860998
9.91799999999439,1.16689069162052,1.16644264171282,0.000448049907701531
9.92159999999438,1.16689015460582,1.16644317872751,0.000446975878305667
9.92519999999438,1.16688961887841,1.16644371445492,0.000445904423487464
9.92879999999438,1.1668890844352,1.16644424889813,0.00044483553707475
9.93239999999438,1.16688855127312,1.16644478206021,0.000443769212911116
9.93599999999438,1.16688801938909,1.16644531394424,0.000442705444854585
9.93959999999437,1.16688748878006,1.16644584455328,0.000441644226777616
9.94319999999437,1.16688695944295,1.16644637389038,0.000440585552567763
9.94679999999437,1.16688643137473,1.1664469019586,0.000439529416126794
9.95039999999437,1.16688590457235,1.16644742876098,0.000438475811372019
9.95399999999437,1.16688537903278,1.16644795430055,0.000437424732233849
9.95759999999436,1.166884854753,1.16644847858034,0.000436376172658681
9.96119999999436,1.16688433172997,1.16644900160336,0.000435330126606903
9.96479999999436,1.16688380996069,1.16644952337264,0.00043428658805289
9.96839999999436,1.16688328944216,1.16645004389117,0.000433245550985673
9.97199999999436,1.16688277017137,1.16645056316196,0.000432207009409824
9.97559999999435,1.16688225214534,1.166451081188,0.000431170957342131
9.97919999999435,1.16688173536107,1.16645159797226,0.000430137388816032
9.98279999999435,1.16688121981561,1.16645211351773,0.000429106297877624
9.98639999999435,1.16688070550596,1.16645262782737,0.000428077678587657
9.98999999999435,1.16688019242918,1.16645314090416,0.000427051525021982
9.99359999999434,1.1668796805823,1.16645365275103,0.000426027831269327
9.99719999999434,1.16687916996238,1.16645416337095,0.000425006591433297
10.0007999999943,1.16687866056648,1.16645467276685,0.000423987799631931
10.0043999999943,1.16687815239166,1.16645518094167,0.00042297144999659
10.0079999999943,1.166877645435,1.16645568789833,0.000421957536673512
10.0115999999943,1.16687713969358,1.16645619363976,0.000420946053822258
10.0151999999943,1.16687663516447,1.16645669816886,0.000419936995616599
10.0187999999943,1.16687613184479,1.16645720148854,0.00041893035624474
10.0223999999943,1.16687562973162,1.16645770360171,0.000417926129908208
10.0259999999943,1.16687512882208,1.16645820451126,0.00041692431082252
10.0295999999943,1.16687462911328,1.16645870422006,0.000415924893217623
10.0331999999943,1.16687413060233,1.166459202731,0.000414927871336568
10.0367999999943,1.16687363328638,1.16645970004695,0.000413933239436615
10.0403999999943,1.16687313716256,1.16646019617077,0.000412940991789013
10.0439999999943,1.16687264222801,1.16646069110533,0.000411951122677667
10.0475999999943,1.16687214847987,1.16646118485347,0.000410963626401584
10.0511999999943,1.1668716559153,1.16646167741803,0.000409978497272423
10.0547999999943,1.16687116453147,1.16646216880186,0.000408995729616057
10.0583999999943,1.16687067432555,1.16646265900778,0.00040801531777146
10.0619999999943,1.16687018529471,1.16646314803862,0.000407037256092035
10.0655999999943,1.16686969743614,1.16646363589719,0.000406061538943847
10.0691999999943,1.16686921074702,1.16646412258631,0.000405088160706502
10.0727999999943,1.16686872522455,1.16646460810878,0.000404117115773817
10.0763999999943,1.16686824086594,1.16646509246739,0.000403148398552267
10.0799999999943,1.1668677576684,1.16646557566494,0.000402182003462093
10.0835999999943,1.16686727562914,1.1664660577042,0.000401217924937081
10.0871999999943,1.16686679474538,1.16646653858795,0.000400256157423673
10.0907999999943,1.16686631501436,1.16646701831898,0.000399296695382523
10.0943999999943,1.16686583643331,1.16646749690002,0.000398339533287162
10.0979999999943,1.16686535899948,1.16646797433385,0.000397384665624001
10.1015999999943,1.16686488271011,1.16646845062322,0.000396432086893439
10.1051999999943,1.16686440756247,1.16646892577086,0.00039548179160831
10.1087999999943,1.16686393355381,1.16646939977952,0.000394533774295214
10.1123999999943,1.16686346068141,1.16646987265192,0.000393588029493186
10.1159999999943,1.16686298894254,1.16647034439079,0.000392644551754806
10.1195999999943,1.16686251833449,1.16647081499884,0.000391703335645976
10.1231999999943,1.16686204885454,1.16647128447879,0.000390764375745034
10.1267999999943,1.16686158049999,1.16647175283334,0.000389827666643638
10.1303999999943,1.16686111326814,1.16647222006519,0.000388893202946328
10.1339999999943,1.1668606471563,1.16647268617703,0.000387960979270741
10.1375999999943,1.16686018216179,1.16647315117154,0.000387030990247172
10.1411999999943,1.16685971828193,1.16647361505141,0.000386103230518797
10.1447999999943,1.16685925551404,1.1664740778193,0.000385177694741889
10.1483999999943,1.16685879385546,1.16647453947787,0.00038425437758538
10.1519999999943,1.16685833330353,1.1664750000298,0.000383333273730857
10.1555999999943,1.1668578738556,1.16647545947773,0.000382414377872564
10.1591999999943,1.16685741550903,1.16647591782431,0.000381497684718068
10.1627999999942,1.16685695826116,1.16647637507217,0.000380583188987149
10.1663999999942,1.16685650210937,1.16647683122396,0.00037967088541202
10.1699999999942,1.16685604705104,1.1664772862823,0.000378760768738218
10.1735999999942,1.16685559308353,1.1664777402498,0.000377852833723269
10.1771999999942,1.16685514020424,1.1664781931291,0.000376947075137579
10.1807999999942,1.16685468841055,1.16647864492278,0.000376043487763766
10.1843999999942,1.16685423769987,1.16647909563347,0.000375142066397327
10.1879999999942,1.16685378806959,1.16647954526374,0.000374242805846192
10.1915999999942,1.16685333951713,1.1664799938162,0.000373345700930505
10.1951999999942,1.16685289203991,1.16648044129343,0.000372450746482844
10.1987999999942,1.16685244563534,1.16648088769799,0.000371557937348443
10.2023999999942,1.16685200030086,1.16648133303247,0.00037066726838475
10.2059999999942,1.1668515560339,1.16648177729944,0.000369778734461423
10.2095999999942,1.1668511128319,1.16648222050144,0.000368892330460335
10.2131999999942,1.1668506706923,1.16648266264103,0.000368008051276236
10.2167999999942,1.16685022961257,1.16648310372076,0.000367125891815423
10.2203999999942,1.16684978959016,1.16648354374317,0.000366245846996405
10.2239999999942,1.16684935062254,1.16648398271079,0.000365367911750791
10.2275999999942,1.16684891270718,1.16648442062616,0.000364492081021295
10.2311999999942,1.16684847584155,1.16648485749179,0.00036361834976284
10.2347999999942,1.16684804002314,1.16648529331019,0.000362746712943451
10.2383999999942,1.16684760524944,1.1664857280839,0.000361877165541813
10.2419999999942,1.16684717151794,1.16648616181539,0.00036100970254993
10.2455999999942,1.16684673882615,1.16648659450718,0.000360144318970468
10.2491999999942,1.16684630717158,1.16648702616176,0.000359281009819856
10.2527999999942,1.16684587655173,1.1664874567816,0.000358419770124518
10.2563999999942,1.16684544696413,1.1664878863692,0.0003575605949242
10.2599999999942,1.1668450184063,1.16648831492703,0.000356703479269971
10.2635999999942,1.16684459087578,1.16648874245755,0.000355848418224669
10.2671999999942,1.1668441643701,1.16648916896324,0.000354995406863345
10.2707999999942,1.1668437388868,1.16648959444653,0.000354144440272597
10.2743999999942,1.16684331442344,1.16649001890989,0.000353295513551011
10.2779999999942,1.16684289097757,1.16649044235576,0.000352448621808721
10.2815999999942,1.16684246854675,1.16649086478658,0.000351603760167185
10.2851999999942,1.16684204712855,1.16649128620479,0.00035076092376074
10.2887999999942,1.16684162672053,1.1664917066128,0.000349920107734158
10.2923999999942,1.16684120732029,1.16649212601304,0.000349081307244647
10.2959999999942,1.1668407889254,1.16649254440794,0.000348244517460516
10.2995999999942,1.16684037153345,1.16649296179989,0.000347409733561621
10.3031999999942,1.16683995514204,1.1664933781913,0.000346576950740252
10.3067999999942,1.16683953974877,1.16649379358457,0.000345746164198912
10.3103999999942,1.16683912535124,1.16649420798209,0.000344917369152764
10.3139999999942,1.16683871194708,1.16649462138625,0.000344090560827848
10.3175999999942,1.1668382995339,1.16649503379944,0.000343265734461751
10.3211999999942,1.16683788810932,1.16649544522402,0.000342442885303385
10.3247999999942,1.16683747767097,1.16649585566236,0.000341622008612985
10.3283999999942,1.1668370682165,1.16649626511684,0.000340803099663001
10.3319999999942,1.16683665974353,1.1664966735898,0.00033998615373565
10.3355999999941,1.16683625224973,1.1664970810836,0.000339171166125807
10.3391999999941,1.16683584573274,1.1664974876006,0.000338358132139005
10.3427999999941,1.16683544019021,1.16649789314312,0.000337547047092324
10.3463999999941,1.16683503561982,1.16649829771351,0.000336737906313944
10.3499999999941,1.16683463201924,1.1664987013141,0.000335930705142706
10.3535999999941,1.16683422938613,1.1664991039472,0.000335125438929884
10.3571999999941,1.16683382771818,1.16649950561515,0.000334322103036744
10.3607999999941,1.16683342701308,1.16649990632025,0.000333520692836098
10.3643999999941,1.16683302726852,1.16650030606481,0.000332721203711861
10.3679999999941,1.1668326284822,1.16650070485114,0.00033192363105905
10.3715999999941,1.16683223065181,1.16650110268152,0.000331127970283562
10.3751999999941,1.16683183377507,1.16650149955827,0.000330334216802397
10.3787999999941,1.16683143784969,1.16650189548364,0.000329542366043656
10.3823999999941,1.16683104287339,1.16650229045994,0.000328752413446098
10.3859999999941,1.1668306488439,1.16650268448944,0.000327964354460031
10.3895999999941,1.16683025575894,1.16650307757439,0.000327178184545529
10.3931999999941,1.16682986361625,1.16650346971708,0.00032639389917466
10.3967999999941,1.16682947241358,1.16650386091975,0.000325611493830369
10.4003999999941,1.16682908214867,1.16650425118466,0.000324830964005152
10.4039999999941,1.16682869281927,1.16650464051406,0.000324052305203937
10.4075999999941,1.16682830442314,1.1665050289102,0.000323275512940979
10.4111999999941,1.16682791695804,1.1665054163753,0.000322500582742302
10.4147999999941,1.16682753042174,1.16650580291159,0.000321727510144365
10.4183999999941,1.16682714481201,1.16650618852132,0.000320956290694285
10.4219999999941,1.16682676012664,1.16650657320669,0.000320186919949839
10.4255999999941,1.16682637636341,1.16650695696993,0.000319419393479237
10.4291999999941,1.1668259935201,1.16650733981324,0.000318653706861793
10.4327999999941,1.16682561159451,1.16650772173882,0.000317889855687037
10.4363999999941,1.16682523058444,1.16650810274889,0.000317127835555153
10.4399999999941,1.16682485048771,1.16650848284563,0.000316367642076987
10.4435999999941,1.1668244713021,1.16650886203123,0.000315609270873818
10.4471999999941,1.16682409302546,1.16650924030788,0.000314852717577363
10.4507999999941,1.16682371565558,1.16650961767775,0.000314097977829997
10.4543999999941,1.16682333919031,1.16650999414302,0.00031334504728453
10.4579999999941,1.16682296362747,1.16651036970586,0.000312593921603765
10.4615999999941,1.1668225889649,1.16651074436844,0.000311844596461386
10.4651999999941,1.16682221520044,1.1665111181329,0.000311097067541288
10.4687999999941,1.16682184233194,1.1665114910014,0.000310351330537806
10.4723999999941,1.16682147035724,1.16651186297609,0.000309607381155486
10.4759999999941,1.16682109927422,1.16651223405911,0.000308865215108867
10.4795999999941,1.16682072908073,1.16651260425261,0.000308124828123368
10.4831999999941,1.16682035977463,1.1665129735587,0.000307386215934402
10.4867999999941,1.16681999135381,1.16651334197952,0.000306649374287593
10.4903999999941,1.16681962381614,1.1665137095172,0.000305914298938559
10.4939999999941,1.16681925715949,1.16651407617384,0.000305180985653353
10.4975999999941,1.16681889138177,1.16651444195156,0.000304449430207798
10.5011999999941,1.16681852648086,1.16651480685247,0.000303719628388821
10.5047999999941,1.16681816245466,1.16651517087867,0.000302991575992229
10.5083999999941,1.16681779930108,1.16651553403225,0.000302265268824486
10.511999999994,1.16681743701802,1.16651589631532,0.000301540702702496
10.515599999994,1.16681707560339,1.16651625772994,0.000300817873452264
10.519199999994,1.16681671505512,1.16651661827821,0.000300096776910452
10.522799999994,1.16681635537113,1.1665169779622,0.000299377408923496
10.526399999994,1.16681599654934,1.16651733678399,0.000298659765348042
10.529999999994,1.16681563858769,1.16651769474564,0.000297943842050286
10.533599999994,1.16681528148412,1.16651805184921,0.000297229634906637
10.537199999994,1.16681492523657,1.16651840809676,0.000296517139803276
10.540799999994,1.16681456984298,1.16651876349035,0.000295806352636152
10.544399999994,1.16681421530132,1.16651911803201,0.000295097269310984
10.547999999994,1.16681386160954,1.16651947172379,0.000294389885743929
10.551599999994,1.1668135087656,1.16651982456774,0.0002936841978598
10.555199999994,1.16681315676746,1.16652017656587,0.000292980201594517
10.558799999994,1.16681280561311,1.16652052772022,0.000292277892892656
10.562399999994,1.16681245530052,1.16652087803281,0.000291577267709231
10.565999999994,1.16681210582767,1.16652122750566,0.000290878322008137
10.569599999994,1.16681175719255,1.16652157614078,0.000290181051763927
10.573199999994,1.16681140939315,1.16652192394019,0.000289485452960259
10.576799999994,1.16681106242746,1.16652227090587,0.000288791521590115
10.580399999994,1.1668107162935,1.16652261703984,0.000288099253656915
10.583999999994,1.16681037098925,1.16652296234408,0.00028740864517296
10.587599999994,1.16681002651275,1.16652330682059,0.000286719692160542
10.591199999994,1.16680968286199,1.16652365047134,0.000286032390651059
10.594799999994,1.16680934003501,1.16652399329832,0.000285346736685677
10.598399999994,1.16680899802982,1.16652433530351,0.000284662726315332
10.601999999994,1.16680865684447,1.16652467648887,0.000283980355599844
10.605599999994,1.16680831647697,1.16652501685636,0.000283299620608801
10.609199999994,1.16680797692538,1.16652535640796,0.000282620517421339
10.612799999994,1.16680763818773,1.1665256951456,0.000281943042125699
10.616399999994,1.16680730026208,1.16652603307126,0.000281267190819445
10.619999999994,1.16680696314647,1.16652637018686,0.000280592959609915
10.623599999994,1.16680662683897,1.16652670649436,0.000279920344613771
10.627199999994,1.16680629133764,1.16652704199569,0.000279249341956334
10.630799999994,1.16680595664055,1.16652737669278,0.000278579947772695
10.634399999994,1.16680562274577,1.16652771058756,0.000277912158207272
10.637999999994,1.16680528965137,1.16652804368196,0.000277245969413586
10.641599999994,1.16680495735544,1.16652837597789,0.000276581377554264
10.645199999994,1.16680462585607,1.16652870747727,0.000275918378801698
10.648799999994,1.16680429515133,1.166529038182,0.000275256969336501
10.652399999994,1.16680396523934,1.16652936809399,0.000274597145349054
10.655999999994,1.16680363611819,1.16652969721515,0.000273938903039062
10.659599999994,1.16680330778597,1.16653002554736,0.000273282238614891
10.663199999994,1.16680298024081,1.16653035309252,0.000272627148294013
10.666799999994,1.16680265348082,1.16653067985251,0.000271973628303446
10.670399999994,1.16680232750411,1.16653100582923,0.000271321674878422
10.673999999994,1.1668020023088,1.16653133102453,0.000270671284264168
10.677599999994,1.16680167789302,1.16653165544031,0.000270022452714347
10.681199999994,1.16680135425491,1.16653197907842,0.000269375176491504
10.684799999994,1.1668010313926,1.16653230194073,0.000268729451867289
10.688399999994,1.16680070930423,1.16653262402911,0.000268085275122898
10.6919999999939,1.16680038798794,1.16653294534539,0.000267442642547078
10.6955999999939,1.16680006744189,1.16653326589145,0.000266801550438789
10.6991999999939,1.16679974766422,1.16653358566911,0.000266161995105207
10.7027999999939,1.1667994286531,1.16653390468024,0.000265523972862614
10.7063999999939,1.16679911040668,1.16653422292665,0.000264887480035725
10.7099999999939,1.16679879292315,1.16653454041019,0.000264252512958585
10.7135999999939,1.16679847620065,1.16653485713268,0.000263619067973675
10.7171999999939,1.16679816023738,1.16653517309595,0.00026298714143258
10.7207999999939,1.16679784503151,1.16653548830182,0.000262356729695101
10.7243999999939,1.16679753058123,1.1665358027521,0.000261727829130143
10.7279999999939,1.16679721688472,1.16653611644861,0.000261100436115269
10.7315999999939,1.16679690394019,1.16653642939315,0.000260474547036926
10.7351999999939,1.16679659174581,1.16653674158752,0.000259850158289776
10.7387999999939,1.16679628029981,1.16653705303353,0.000259227266277362
10.7423999999939,1.16679596960037,1.16653736373296,0.000258605867411887
10.7459999999939,1.16679565964572,1.16653767368761,0.000257985958113993
10.7495999999939,1.16679535043407,1.16653798289926,0.000257367534813202
10.7531999999939,1.16679504196364,1.16653829136969,0.00025675059394703
10.7567999999939,1.16679473423265,1.16653859910069,0.000256135131962321
10.7603999999939,1.16679442723932,1.16653890609401,0.000255521145313908
10.7639999999939,1.1667941209819,1.16653921235143,0.000254908630465067
10.7675999999939,1.16679381545861,1.16653951787472,0.00025429758388773
10.7711999999939,1.1667935106677,1.16653982266564,0.000253688002062491
10.7747999999939,1.16679320660741,1.16654012672593,0.000253079881477936
10.7783999999939,1.16679290327598,1.16654043005735,0.000252473218631533
10.7819999999939,1.16679260067168,1.16654073266165,0.000251868010028522
10.7855999999939,1.16679229879276,1.16654103454057,0.00025126425218347
10.7891999999939,1.16679199763748,1.16654133569586,0.000250661941618269
10.7927999999939,1.1667916972041,1.16654163612923,0.000250061074863916
10.7963999999939,1.1667913974909,1.16654193584244,0.00024946164845896
10.7999999999939,1.16679109849614,1.16654223483719,0.00024886365895127
10.8035999999939,1.16679080021811,1.16654253311522,0.000248267102896049
10.8071999999939,1.1667905026551,1.16654283067824,0.000247671976857378
10.8107999999939,1.16679020580537,1.16654312752796,0.000247078277407331
10.8143999999939,1.16678990966723,1.1665434236661,0.000246486001125978
10.8179999999939,1.16678961423897,1.16654371909437,0.000245895144602049
10.8215999999939,1.16678931951888,1.16654401381445,0.00024530570443182
10.8251999999939,1.16678902550528,1.16654430782806,0.000244717677220674
10.8287999999939,1.16678873219646,1.16654460113688,0.000244131059581321
10.8323999999939,1.16678843959073,1.1665448937426,0.000243545848134685
10.8359999999939,1.16678814768642,1.16654518564691,0.000242962039510353
10.8395999999939,1.16678785648184,1.16654547685149,0.000242379630345235
10.8431999999939,1.16678756597531,1.16654576735802,0.000241798617284683
10.8467999999939,1.16678727616516,1.16654605716818,0.00024121899698204
10.8503999999939,1.16678698704972,1.16654634628362,0.000240640766099309
10.8539999999939,1.16678669862732,1.16654663470601,0.000240063921304934
10.8575999999939,1.16678641089631,1.16654692243703,0.000239488459276904
10.8611999999939,1.16678612385502,1.16654720947832,0.000238914376700539
10.8647999999938,1.1667858375018,1.16654749583153,0.000238341670268705
10.8683999999938,1.16678555183501,1.16654778149832,0.000237770336683152
10.8719999999938,1.16678526685299,1.16654806648034,0.000237200372652735
10.8755999999938,1.16678498255411,1.16654835077922,0.000236631774894303
10.8791999999938,1.16678469893673,1.1665486343966,0.000236064540133141
10.8827999999938,1.16678441599922,1.16654891733412,0.000235498665101641
10.8863999999938,1.16678413373994,1.1665491995934,0.000234934146540633
10.8899999999938,1.16678385215727,1.16654948117607,0.000234370981198273
10.8935999999938,1.16678357124958,1.16654976208375,0.000233809165830934
10.8971999999938,1.16678329101527,1.16655004231807,0.000233248697202315
10.9007999999938,1.16678301145271,1.16655032188062,0.00023268957208411
10.9043999999938,1.16678273256029,1.16655060077304,0.000232131787256451
10.9079999999938,1.16678245433642,1.16655087899691,0.000231575339505463
10.9115999999938,1.16678217677948,1.16655115655385,0.000231020225626599
10.9151999999938,1.16678189988788,1.16655143344546,0.000230466442422417
10.9187999999938,1.16678162366002,1.16655170967332,0.000229913986703023
10.9223999999938,1.16678134809431,1.16655198523902,0.000229362855286075
10.9259999999938,1.16678107318917,1.16655226014417,0.000228813044997445
10.9295999999938,1.166780798943,1.16655253439033,0.00022826455267011
10.9331999999938,1.16678052535424,1.16655280797909,0.000227717375144598
10.9367999999938,1.1667802524213,1.16655308091203,0.000227171509269208
10.9403999999938,1.16677998014262,1.16655335319072,0.000226626951900011
10.9439999999938,1.16677970851662,1.16655362481672,0.000226083699900181
10.9475999999938,1.16677943754174,1.1665538957916,0.000225541750140446
10.9511999999938,1.16677916721642,1.16655416611692,0.0002250010994993
10.9547999999938,1.1667788975391,1.16655443579424,0.000224461744862792
10.9583999999938,1.16677862850823,1.1665547048251,0.000223923683123628
10.9619999999938,1.16677836012226,1.16655497321107,0.000223386911183621
10.9655999999938,1.16677809237964,1.16655524095369,0.00022285142594991
10.9691999999938,1.16677782527884,1.1665555080545,0.000222317224338964
10.9727999999938,1.1667775588183,1.16655577451503,0.00022178430327302
10.9763999999938,1.16677729299651,1.16655604033683,0.00022125265968298
10.9799999999938,1.16677702781192,1.16655630552141,0.000220722290506403
10.9835999999938,1.16677676326301,1.16655657007032,0.0002201931926884
10.9871999999938,1.16677649934826,1.16655683398508,0.000219665363181409
10.9907999999938,1.16677623606614,1.16655709726719,0.000219138798944973
10.9943999999938,1.16677597341514,1.16655735991819,0.000218613496946185
10.9979999999938,1.16677571139375,1.16655762193959,0.000218089454159465
11.0015999999938,1.16677545000045,1.16655788333288,0.000217566667566116
11.0051999999938,1.16677518923374,1.16655814409959,0.000217045134154992
11.0087999999938,1.16677492909213,1.16655840424121,0.000216524850922051
11.0123999999938,1.1667746695741,1.16655866375923,0.000216005814870357
11.0159999999938,1.16677441067817,1.16655892265516,0.000215488023010524
11.0195999999938,1.16677415240285,1.16655918093049,0.000214971472359826
11.0231999999938,1.16677389474664,1.1665594385867,0.000214456159942866
11.0267999999938,1.16677363770806,1.16655969562527,0.000213942082791796
11.0303999999938,1.16677338128564,1.16655995204769,0.000213429237945428
11.0339999999938,1.16677312547789,1.16656020785544,0.00021291762244946
11.0375999999938,1.16677287028335,1.16656046304999,0.000212407233357359
11.0411999999938,1.16677261570053,1.1665607176328,0.000211898067729033
11.0447999999937,1.16677236172798,1.16656097160535,0.000211390122631938
11.0483999999937,1.16677210836424,1.1665612249691,0.000210883395140415
11.0519999999937,1.16677185560783,1.1665614777255,0.000210377882335022
11.0555999999937,1.16677160345732,1.16656172987601,0.000209873581304754
11.0591999999937,1.16677135191124,1.16656198142209,0.0002093704891446
11.0627999999937,1.16677110096814,1.16656223236519,0.000208868602956658
11.0663999999937,1.16677085062659,1.16656248270674,0.000208367919850128
11.0699999999937,1.16677060088514,1.1665627324482,0.000207868436941094
11.0735999999937,1.16677035174234,1.16656298159099,0.000207370151352526
11.0771999999937,1.16677010319677,1.16656323013656,0.000206873060214274
11.0807999999937,1.166769855247,1.16656347808633,0.000206377160663296
11.0843999999937,1.16676960789159,1.16656372544175,0.000205882449842987
11.0879999999937,1.16676936112912,1.16656397220421,0.000205388924903849
11.0915999999937,1.16676911495817,1.16656421837516,0.000204896583003045
11.0951999999937,1.16676886937732,1.16656446395601,0.000204405421305065
11.0987999999937,1.16676862438516,1.16656470894818,0.000203915436980617
11.1023999999937,1.16676837998027,1.16656495335306,0.000203426627207293
11.1059999999937,1.16676813616125,1.16656519717208,0.000202938989169565
11.1095999999937,1.1667678929267,1.16656544040664,0.000202452520059015
11.1131999999937,1.1667676502752,1.16656568305813,0.000201967217072996
11.1167999999937,1.16676740820537,1.16656592512796,0.000201483077416631
11.1203999999937,1.16676716671582,1.16656616661752,0.000201000098301263
11.1239999999937,1.16676692580514,1.16656640752819,0.000200518276944672
11.1275999999937,1.16676668547195,1.16656664786138,0.000200037610571524
11.1311999999937,1.16676644571487,1.16656688761846,0.000199558096413588
11.1347999999937,1.16676620653252,1.16656712680081,0.000199079731708407
11.1383999999937,1.16676596792352,1.16656736540982,0.000198602513701074
11.1419999999937,1.16676572988649,1.16656760344685,0.000198126439642454
11.1455999999937,1.16676549242006,1.16656784091327,0.000197651506790519
11.1491999999937,1.16676525552287,1.16656807781046,0.000197177712409458
11.1527999999937,1.16676501919355,1.16656831413978,0.000196705053770341
11.1563999999937,1.16676478343074,1.16656854990259,0.000196233528151124
11.1599999999937,1.16676454823308,1.16656878510025,0.000195763132835092
11.1635999999937,1.16676431359922,1.16656901973411,0.000195293865113078
11.1671999999937,1.16676407952781,1.16656925380553,0.000194825722282133
11.1707999999937,1.16676384601749,1.16656948731584,0.000194358701645525
11.1743999999937,1.16676361306692,1.16656972026641,0.000193892800513851
11.1779999999937,1.16676338067477,1.16656995265857,0.000193428016202812
11.1815999999937,1.16676314883968,1.16657018449365,0.000192964346035662
11.1851999999937,1.16676291756034,1.166570415773,0.000192501787341426
11.1887999999937,1.16676268683539,1.16657064649794,0.000192040337456012
11.1923999999937,1.16676245666353,1.16657087666981,0.000191579993721325
11.1959999999937,1.16676222704341,1.16657110628992,0.000191120753485707
11.1995999999937,1.16676199797372,1.16657133535961,0.000190662614104165
11.2031999999937,1.16676176945314,1.1665715638802,0.000190205572937696
11.2067999999937,1.16676154148034,1.16657179185299,0.000189749627353519
11.2103999999937,1.16676131405403,1.1665720192793,0.000189294774725957
11.2139999999937,1.16676108717288,1.16657224616045,0.00018884101243466
11.2175999999937,1.1667608608356,1.16657247249773,0.000188388337865941
11.2211999999936,1.16676063504087,1.16657269829246,0.000187936748412332
11.2247999999936,1.1667604097874,1.16657292354593,0.000187486241473023
11.2283999999936,1.16676018507389,1.16657314825944,0.000187036814452979
11.2319999999936,1.16675996089905,1.16657337243429,0.00018658846476316
11.2355999999936,1.16675973726158,1.16657359607176,0.000186141189821631
11.2391999999936,1.16675951416019,1.16657381917314,0.000185694987051788
11.2427999999936,1.16675929159361,1.16657404173973,0.00018524985388324
11.2463999999936,1.16675906956054,1.16657426377279,0.000184805787752707
11.2499999999936,1.16675884805972,1.16657448527362,0.000184362786101788
11.2535999999936,1.16675862708986,1.16657470624348,0.000183920846378749
11.2571999999936,1.16675840664969,1.16657492668365,0.000183479966038513
11.2607999999936,1.16675818673794,1.1665751465954,0.000183040142541335
11.2643999999936,1.16675796735334,1.16657536597999,0.000182601373353908
11.2679999999936,1.16675774849464,1.16657558483869,0.000182163655948697
11.2715999999936,1.16675753016057,1.16657580317276,0.000181726987804831
11.2751999999936,1.16675731234987,1.16657602098346,0.000181291366406766
11.2787999999936,1.16675709506129,1.16657623827204,0.00018085678924562
11.2823999999936,1.16675687829358,1.16657645503976,0.000180423253818063
11.2859999999936,1.16675666204548,1.16657667128785,0.00017999075762698
11.2895999999936,1.16675644631576,1.16657688701758,0.000179559298181031
11.2931999999936,1.16675623110316,1.16657710223017,0.000179128872995094
11.2967999999936,1.16675601640646,1.16657731692687,0.000178699479590039
11.3003999999936,1.16675580222441,1.16657753110892,0.000178271115492512
11.3039999999936,1.16675558855578,1.16657774477755,0.000177843778235154
11.3075999999936,1.16675537539934,1.16657795793399,0.0001774174653566
11.3111999999936,1.16675516275387,1.16657817057947,0.000176992174401036
11.3147999999936,1.16675495061813,1.16657838271521,0.000176567902918867
11.3183999999936,1.1667547389909,1.16657859434243,0.000176144648466492
11.3219999999936,1.16675452787097,1.16657880546236,0.000175722408605639
11.3255999999936,1.16675431725712,1.16657901607621,0.000175301180904697
11.3291999999936,1.16675410714814,1.1665792261852,0.000174880962936941
11.3327999999936,1.16675389754281,1.16657943579053,0.000174461752282085
11.3363999999936,1.16675368843993,1.1665796448934,0.000174043546525393
11.3399999999936,1.1667534798383,1.16657985349504,0.000173626343258126
11.3435999999936,1.16675327173671,1.16658006159663,0.000173210140077318
11.3471999999936,1.16675306413396,1.16658026919937,0.000172794934585108
11.3507999999936,1.16675285702886,1.16658047630447,0.00017238072439052
11.3543999999936,1.16675265042022,1.16658068291311,0.000171967507107462
11.3579999999936,1.16675244430684,1.16658088902649,0.000171555280356062
11.3615999999936,1.16675223868755,1.16658109464579,0.000171144041761329
11.3651999999936,1.16675203356114,1.16658129977219,0.000170733788954935
11.3687999999936,1.16675182892645,1.16658150440688,0.000170324519573883
11.3723999999936,1.1667516247823,1.16658170855104,0.000169916231260503
11.3759999999936,1.1667514211275,1.16658191220583,0.00016950892166312
11.3795999999936,1.16675121796088,1.16658211537245,0.000169102588435832
11.3831999999936,1.16675101528129,1.16658231805205,0.000168697229238068
11.3867999999936,1.16675081308753,1.1665825202458,0.000168292841735029
11.3903999999936,1.16675061137847,1.16658272195487,0.000167889423597245
11.3939999999936,1.16675041015292,1.16658292318042,0.000167486972501019
11.3975999999935,1.16675020940973,1.1665831239236,0.000167085486128427
11.4011999999935,1.16675000914775,1.16658332418558,0.000166684962167096
11.4047999999935,1.16674980936582,1.16658352396751,0.00016628539830954
11.4083999999935,1.16674961006279,1.16658372327054,0.000165886792254488
11.4119999999935,1.16674941123752,1.16658392209581,0.000165489141706221
11.4155999999935,1.16674921288885,1.16658412044448,0.000165092444373682
11.4191999999935,1.16674901501565,1.16658431831768,0.000164696697972477
11.4227999999935,1.16674881761678,1.16658451571656,0.000164301900222874
11.4263999999935,1.16674862069109,1.16658471264224,0.000163908048850914
11.4299999999935,1.16674842423746,1.16658490909587,0.000163515141587744
11.4335999999935,1.16674822825475,1.16658510507858,0.00016312317617051
11.4371999999935,1.16674803274184,1.1665853005915,0.00016273215034146
11.4407999999935,1.16674783769759,1.16658549563574,0.000162342061848397
11.4443999999935,1.16674764312089,1.16658569021244,0.000161952908444007
11.4479999999935,1.16674744901061,1.16658588432272,0.000161564687887195
11.4515999999935,1.16674725536564,1.1665860779677,0.000161177397941525
11.4551999999935,1.16674706218485,1.16658627114848,0.00016079103637634
11.4587999999935,1.16674686946715,1.16658646386618,0.000160405600966085
11.4623999999935,1.16674667721141,1.16658665612192,0.00016002108949098
11.4659999999935,1.16674648541653,1.1665868479168,0.00015963749973591
11.4695999999935,1.16674629408141,1.16658703925192,0.000159254829491529
11.4731999999935,1.16674610320494,1.16658723012839,0.000158873076553823
11.4767999999935,1.16674591278603,1.1665874205473,0.000158492238723662
11.4803999999935,1.16674572282357,1.16658761050976,0.000158112313807246
11.4839999999935,1.16674553331647,1.16658780001686,0.000157733299616547
11.4875999999935,1.16674534426365,1.16658798906968,0.000157355193968423
11.4911999999935,1.16674515566401,1.16658817766932,0.000156977994684837
11.4947999999935,1.16674496751646,1.16658836581687,0.000156601699593306
11.4983999999935,1.16674477981993,1.1665885535134,0.00015622630652623
11.5019999999935,1.16674459257333,1.16658874076001,0.000155851813321339
11.5055999999935,1.16674440577558,1.16658892755776,0.00015547821782147
11.5091999999935,1.1667442194256,1.16658911390773,0.000155105517875009
11.5127999999935,1.16674403352233,1.166589299811,0.000154733711335009
11.5163999999935,1.1667438480647,1.16658948526864,0.000154362796059848
11.5199999999935,1.16674366305162,1.16658967028171,0.000153992769913236
11.5235999999935,1.16674347848205,1.16658985485128,0.000153623630763766
11.5271999999935,1.16674329435491,1.16659003897842,0.000153255376484918
11.5307999999935,1.16674311066914,1.16659022266419,0.000152888004955942
11.5343999999935,1.1667429274237,1.16659040590964,0.000152521514060533
11.5379999999935,1.16674274461751,1.16659058871582,0.000152155901687712
11.5415999999935,1.16674256224953,1.1665907710838,0.000151791165731607
11.5451999999935,1.16674238031871,1.16659095301462,0.000151427304091456
11.5487999999935,1.166742198824,1.16659113450933,0.000151064314671157
11.5523999999935,1.16674201776436,1.16659131556898,0.000150702195380159
11.5559999999935,1.16674183713873,1.1665914961946,0.000150340944132576
11.5595999999935,1.16674165694609,1.16659167638724,0.000149980558847629
11.5631999999935,1.16674147718539,1.16659185614794,0.000149621037449643
11.5667999999935,1.1667412978556,1.16659203547773,0.000149262377867165
11.5703999999935,1.16674111895568,1.16659221437765,0.000148904578034958
11.5739999999934,1.16674094048461,1.16659239284872,0.000148547635892005
11.5775999999934,1.16674076244136,1.16659257089198,0.000148191549381949
11.5811999999934,1.16674058482489,1.16659274850844,0.000147836316453986
11.5847999999934,1.1667404076342,1.16659292569914,0.000147481935062199
11.5883999999934,1.16674023086825,1.16659310246508,0.000147128403165109
11.5919999999934,1.16674005452603,1.1665932788073,0.000146775718726344
11.5955999999934,1.16673987860652,1.16659345472681,0.000146423879714419
11.5991999999934,1.16673970310872,1.16659363022462,0.000146072884102955
11.6027999999934,1.1667395280316,1.16659380530173,0.000145722729870013
11.6063999999934,1.16673935337417,1.16659397995917,0.000145373414998762
11.6099999999934,1.16673917913541,1.16659415419793,0.000145024937477256
11.6135999999934,1.16673900531432,1.16659432801902,0.00014467729529799
11.6171999999934,1.1667388319099,1.16659450142344,0.00014433048645901
11.6207999999934,1.16673865892115,1.16659467441219,0.000143984508962358
11.6243999999934,1.16673848634707,1.16659484698626,0.000143639360815184
11.6279999999934,1.16673831418668,1.16659501914665,0.000143295040029523
11.6315999999934,1.16673814243898,1.16659519089436,0.000142951544622294
11.6351999999934,1.16673797110297,1.16659536223036,0.000142608872614636
11.6387999999934,1.16673780017768,1.16659553315565,0.000142267022032794
11.6423999999934,1.16673762966212,1.16659570367121,0.000141925990908121
11.6459999999934,1.1667374595553,1.16659587377803,0.000141585777275743
11.6495999999934,1.16673728985625,1.16659604347708,0.000141246379176341
11.6531999999934,1.16673712056399,1.16659621276934,0.00014090779465481
11.6567999999934,1.16673695167755,1.16659638165579,0.000140570021761155
11.6603999999934,1.16673678319594,1.16659655013739,0.000140233058549599
11.6639999999934,1.16673661511821,1.16659671821513,0.000139896903079251
11.6675999999934,1.16673644744337,1.16659688588996,0.000139561553414103
11.6711999999934,1.16673628017048,1.16659705316286,0.000139227007622145
11.6747999999934,1.16673611329855,1.16659722003478,0.000138893263776696
11.6783999999934,1.16673594682664,1.16659738650669,0.000138560319955072
11.6819999999934,1.16673578075379,1.16659755257955,0.000138228174239918
11.6855999999934,1.16673561507903,1.16659771825431,0.000137896824717876
11.6891999999934,1.16673544980141,1.16659788353193,0.000137566269480471
11.6927999999934,1.16673528491998,1.16659804841335,0.00013723650662345
11.6963999999934,1.16673512043379,1.16659821289954,0.000136907534247888
11.6999999999934,1.1667349563419,1.16659837699144,0.00013657935045841
11.7035999999934,1.16673479264335,1.16659854068998,0.000136251953364752
11.7071999999934,1.16673462933721,1.16659870399613,0.000135925341081533
11.7107999999934,1.16673446642253,1.1665988669108,0.000135599511726925
11.7143999999934,1.16673430389838,1.16659902943495,0.000135274463424206
11.7179999999934,1.16673414176382,1.16659919156952,0.000134950194301542
11.7215999999934,1.16673398001791,1.16659935331542,0.000134626702490648
11.7251999999934,1.16673381865973,1.1665995146736,0.00013430398612857
11.7287999999934,1.16673365768834,1.16659967564499,0.000133982043356351
11.7323999999934,1.16673349710283,1.16659983623051,0.000133660872319696
11.7359999999934,1.16673333690225,1.16659999643108,0.000133340471168308
11.7395999999934,1.1667331770857,1.16660015624764,0.000133020838057218
11.7431999999934,1.16673301765224,1.16660031568109,0.000132701971144789
11.7467999999933,1.16673285860096,1.16660047473237,0.000132383868594932
11.7503999999933,1.16673269993095,1.16660063340238,0.00013206652857467
11.7539999999933,1.1667325416413,1.16660079169204,0.000131749949256799
11.7575999999933,1.16673238373108,1.16660094960226,0.000131434128817443
11.7611999999933,1.16673222619939,1.16660110713395,0.000131119065437613
11.7647999999933,1.16673206904532,1.16660126428802,0.000130804757302538
11.7683999999933,1.16673191226797,1.16660142106537,0.000130491202601446
11.7719999999933,1.16673175586643,1.1666015774669,0.000130178399529113
11.7755999999933,1.16673159983981,1.16660173349353,0.000129866346282981
11.7791999999933,1.1667314441872,1.16660188914613,0.000129555041066043
11.7827999999933,1.16673128890771,1.16660204442562,0.000129244482084845
11.7863999999933,1.16673113400044,1.16660219933289,0.000128934667551039
11.7899999999933,1.16673097946451,1.16660235386883,0.000128625595679832
11.7935999999933,1.16673082529901,1.16660250803432,0.000128317264690869
11.7971999999933,1.16673067150307,1.16660266183026,0.00012800967280846
11.8007999999933,1.1667305180758,1.16660281525754,0.000127702818260689
11.8043999999933,1.16673036501631,1.16660296831703,0.000127396699279858
11.8079999999933,1.16673021232372,1.16660312100962,0.000127091314103156
11.8115999999933,1.16673005999715,1.16660327333618,0.000126786660971101
11.8151999999933,1.16672990803573,1.1666034252976,0.000126482738129541
11.8187999999933,1.16672975643858,1.16660357689475,0.000126179543827432
11.8223999999933,1.16672960520483,1.16660372812851,0.00012587707631817
11.8259999999933,1.1667294543336,1.16660387899974,0.00012557533386004
11.8295999999933,1.16672930382402,1.16660402950931,0.000125274314714874
11.8331999999933,1.16672915367524,1.16660417965809,0.000124974017148505
11.8367999999933,1.16672900388638,1.16660432944695,0.000124674439431427
11.8403999999933,1.16672885445659,1.16660447887675,0.000124375579838132
11.8439999999933,1.16672870538499,1.16660462794834,0.00012407743664733
11.8475999999933,1.16672855667074,1.1666047766626,0.000123780008141283
11.8511999999933,1.16672840831297,1.16660492502036,0.000123483292607363
11.8547999999933,1.16672826031083,1.1666050730225,0.000123187288335824
11.8583999999933,1.16672811266348,1.16660522066986,0.000122891993622476
11.8619999999933,1.16672796537005,1.16660536796328,0.000122597406765568
11.8655999999933,1.1667278184297,1.16660551490363,0.000122303526068901
11.8691999999933,1.16672767184159,1.16660566149175,0.000122010349839607
11.8727999999933,1.16672752560486,1.16660580772847,0.000121717876388816
11.8763999999933,1.16672737971868,1.16660595361465,0.000121426104031874
11.8799999999933,1.16672723418221,1.16660609915112,0.000121135031088349
11.8835999999933,1.16672708899461,1.16660624433873,0.00012084465588158
11.8871999999933,1.16672694415504,1.1666063891783,0.000120554976739129
11.8907999999933,1.16672679966266,1.16660653367067,0.00012026599199233
11.8943999999933,1.16672665551665,1.16660667781668,0.000119977699976515
11.8979999999933,1.16672651171618,1.16660682161715,0.000119690099031455
11.9015999999933,1.16672636826042,1.16660696507292,0.000119403187500255
11.9051999999933,1.16672622514853,1.1666071081848,0.000119116963730459
11.9087999999933,1.1667260823797,1.16660725095363,0.000118831426073385
11.9123999999933,1.16672593995311,1.16660739338022,0.000118546572884126
11.9159999999933,1.16672579786793,1.16660753546541,0.000118262402522662
11.9195999999933,1.16672565612334,1.16660767720999,0.000117978913351191
11.9231999999933,1.16672551471854,1.1666078186148,0.000117696103737464
11.9267999999932,1.16672537365269,1.16660795968064,0.000117413972052338
11.9303999999932,1.166725232925,1.16660810040833,0.00011713251667067
11.9339999999932,1.16672509253465,1.16660824079868,0.000116851735971313
11.9375999999932,1.16672495248084,1.1666083808525,0.000116571628336892
11.9411999999932,1.16672481276274,1.16660852057059,0.000116292192154033
11.9447999999932,1.16672467337957,1.16660865995376,0.000116013425813577
11.9483999999932,1.16672453433052,1.16660879900281,0.000115735327709254
11.9519999999932,1.16672439561479,1.16660893771855,0.000115457896239457
11.9555999999932,1.16672425723157,1.16660907610176,0.00011518112980613
11.9591999999932,1.16672411918007,1.16660921415326,0.000114905026815437
11.9627999999932,1.1667239814595,1.16660935187383,0.000114629585676651
11.9663999999932,1.16672384406907,1.16660948926427,0.000114354804803041
11.9699999999932,1.16672370700797,1.16660962632536,0.000114080682612316
11.9735999999932,1.16672357027543,1.1666097630579,0.000113807217525519
11.9771999999932,1.16672343387065,1.16660989946268,0.000113534407967242
11.9807999999932,1.16672329779285,1.16661003554048,0.000113262252366297
11.9843999999932,1.16672316204124,1.16661017129209,0.000112990749154829
11.9879999999932,1.16672302661505,1.16661030671828,0.000112719896769198
11.9915999999932,1.16672289151349,1.16661044181984,0.000112449693649319
11.9951999999932,1.16672275673579,1.16661057659755,0.00011218013823866
11.9987999999932,1.16672262228116,1.16661071105217,0.000111911228984907
12.0023999999932,1.16672248814884,1.1666108451845,0.000111642964338632
12.0059999999932,1.16672235433804,1.16661097899529,0.000111375342754849
12.0095999999932,1.16672222084801,1.16661111248532,0.000111108362692347
12.0131999999932,1.16672208767797,1.16661124565536,0.000110842022613022
12.0167999999932,1.16672195482716,1.16661137850618,0.000110576320982547
12.0203999999932,1.1667218222948,1.16661151103853,0.000110311256271034
12.0239999999932,1.16672169008014,1.16661164325319,0.000110046826951482
12.0275999999932,1.16672155818242,1.16661177515092,0.000109783031500665
12.0311999999932,1.16672142660087,1.16661190673247,0.000109519868399355
12.0347999999932,1.16672129533473,1.1666120379986,0.00010925733613143
12.0383999999932,1.16672116438326,1.16661216895007,0.000108995433184544
12.0419999999932,1.16672103374569,1.16661229958764,0.000108734158051016
12.0455999999932,1.16672090342128,1.16661242991205,0.000108473509224938
12.0491999999932,1.16672077340927,1.16661255992406,0.000108213485205511
12.0527999999932,1.16672064370891,1.16661268962442,0.000107954084495043
12.0563999999932,1.16672051431947,1.16661281901387,0.000107695305598954
12.0599999999932,1.16672038524018,1.16661294809315,0.000107437147027101
12.0635999999932,1.16672025647031,1.16661307686302,0.000107179607292007
12.0671999999932,1.16672012800912,1.16661320532421,0.00010692268491086
12.0707999999932,1.16671999985587,1.16661333347746,0.000106666378403508
12.0743999999932,1.16671987200981,1.16661346132352,0.000106410686293357
12.0779999999932,1.16671974447022,1.16661358886311,0.000106155607108249
12.0815999999932,1.16671961723636,1.16661371609698,0.000105901139378251
12.0851999999932,1.16671949030749,1.16661384302585,0.000105647281638088
12.0887999999932,1.16671936368288,1.16661396965045,0.000105394032425155
12.0923999999932,1.16671923736181,1.16661409597153,0.000105141390281283
12.0959999999932,1.16671911134354,1.16661422198979,0.000104889353750748
12.0995999999932,1.16671898562736,1.16661434770598,0.000104637921382267
12.1031999999931,1.16671886021253,1.1666144731208,0.00010438709172722
12.1067999999931,1.16671873509834,1.166614598235,0.000104136863340765
12.1103999999931,1.16671861028406,1.16661472304928,0.000103887234782052
12.1139999999931,1.16671848576897,1.16661484756436,0.000103638204612677
12.1175999999931,1.16671836155237,1.16661497178097,0.000103389771398676
12.1211999999931,1.16671823763352,1.16661509569981,0.000103141933708972
12.1247999999931,1.16671811401172,1.16661521932161,0.000102894690115818
12.1283999999931,1.16671799068626,1.16661534264707,0.000102648039195241
12.1319999999931,1.16671786765643,1.1666154656769,0.000102401979526601
12.1355999999931,1.16671774492151,1.16661558841182,0.000102156509692586
12.1391999999931,1.16671762248081,1.16661571085253,0.000101911628278994
12.1427999999931,1.1667175003336,1.16661583299973,0.000101667333875621
12.1463999999931,1.1667173784792,1.16661595485413,0.000101423625075148
12.1499999999931,1.1667172569169,1.16661607641643,0.00010118050047403
12.1535999999931,1.166717135646,1.16661619768733,0.00010093795867161
12.1571999999931,1.1667170146658,1.16661631866753,0.000100695998271449
12.1607999999931,1.16671689397561,1.16661643935773,0.000100454617878887
12.1643999999931,1.16671677357472,1.16661655975861,0.000100213816104366
12.1679999999931,1.16671665346245,1.16661667987089,9.99735915605537e-05
12.1715999999931,1.1667165336381,1.16661679969523,9.97339428636668e-05
12.1751999999931,1.16671641410098,1.16661691923235,9.94948686334762e-05
12.1787999999931,1.16671629485041,1.16661703848292,9.92563674930835e-05
12.1823999999931,1.1667161758857,1.16661715744763,9.90184380682546e-05
12.1859999999931,1.16671605720616,1.16661727612717,9.87810789891963e-05
12.1895999999931,1.16671593881111,1.16661739452222,9.85442888881138e-05
12.1931999999931,1.16671582069987,1.16661751263347,9.83080664014313e-05
12.1967999999931,1.16671570287175,1.16661763046158,9.80724101682373e-05
12.2003999999931,1.16671558532608,1.16661774800725,9.78373188313952e-05
12.2039999999931,1.16671546806218,1.16661786527115,9.7602791036655e-05
12.2075999999931,1.16671535107938,1.16661798225395,9.73688254333194e-05
12.2111999999931,1.166715234377,1.16661809895633,9.71354206733555e-05
12.2147999999931,1.16671511795437,1.16661821537896,9.69025754129493e-05
12.2183999999931,1.16671500181082,1.16661833152251,9.66702883100634e-05
12.2219999999931,1.16671488594568,1.16661844738765,9.64385580277671e-05
12.2255999999931,1.16671477035828,1.16661856297505,9.62073832304622e-05
12.2291999999931,1.16671465504796,1.16661867828537,9.59767625869912e-05
12.2327999999931,1.16671454001405,1.16661879331928,9.57466947688612e-05
12.2363999999931,1.16671442525589,1.16661890807744,9.55171784509101e-05
12.2399999999931,1.16671431077282,1.16661902256051,9.52882123113064e-05
12.2435999999931,1.16671419656418,1.16661913676915,9.50597950306609e-05
12.2471999999931,1.16671408262931,1.16661925070402,9.48319252940255e-05
12.2507999999931,1.16671396896756,1.16661936436577,9.46046017882285e-05
12.2543999999931,1.16671385557827,1.16661947775506,9.43778232040948e-05
12.2579999999931,1.16671374246078,1.16661959087255,9.41515882355581e-05
12.2615999999931,1.16671362961446,1.16661970371888,9.39258955792166e-05
12.2651999999931,1.16671351703863,1.1666198162947,9.37007439356652e-05
12.2687999999931,1.16671340473267,1.16661992860066,9.34761320074973e-05
12.2723999999931,1.16671329269592,1.16662004063742,9.32520585006369e-05
12.2759999999931,1.16671318092773,1.1666201524056,9.3028522125449e-05
12.279599999993,1.16671306942746,1.16662026390587,9.28055215934087e-05
12.283199999993,1.16671295819448,1.16662037513886,9.25830556204321e-05
12.286799999993,1.16671284722813,1.1666204861052,9.23611229250998e-05
12.290399999993,1.16671273652778,1.16662059680555,9.2139722229323e-05
12.293999999993,1.1667126260928,1.16662070724054,9.19188522572334e-05
12.297599999993,1.16671251592254,1.1666208174108,9.16985117371816e-05
12.301199999993,1.16671240601637,1.16662092731697,9.14786993997385e-05
12.304799999993,1.16671229637366,1.16662103695968,9.12594139788059e-05
12.308399999993,1.16671218699377,1.16662114633956,9.1040654211394e-05
12.311999999993,1.16671207787609,1.16662125545725,9.08224188373996e-05
12.315599999993,1.16671196901997,1.16662136431337,9.06047065998283e-05
12.319199999993,1.16671186042479,1.16662147290854,9.03875162445722e-05
12.322799999993,1.16671175208993,1.16662158124341,9.01708465206319e-05
12.326399999993,1.16671164401476,1.16662168931858,8.99546961801168e-05
12.329999999993,1.16671153619866,1.16662179713468,8.97390639778006e-05
12.333599999993,1.166711428641,1.16662190469233,8.9523948671788e-05
12.337199999993,1.16671132134118,1.16662201199216,8.9309349022848e-05
12.340799999993,1.16671121429856,1.16662211903477,8.90952637953024e-05
12.344399999993,1.16671110751254,1.16662222582079,8.88816917554713e-05
12.347999999993,1.1667110009825,1.16662233235083,8.86686316734497e-05
12.351599999993,1.16671089470783,1.16662243862551,8.84560823222191e-05
12.355199999993,1.16671078868791,1.16662254464543,8.82440424772035e-05
12.358799999993,1.16671068292213,1.16662265041121,8.80325109171576e-05
12.362399999993,1.16671057740988,1.16662275592345,8.78214864232785e-05
12.365999999993,1.16671047215056,1.16662286118278,8.76109677807602e-05
12.369599999993,1.16671036714356,1.16662296618978,8.7400953776795e-05
12.373199999993,1.16671026238827,1.16662307094507,8.7191443201462e-05
12.376799999993,1.16671015788409,1.16662317544924,8.69824348481707e-05
12.380399999993,1.16671005363042,1.16662327970291,8.67739275129953e-05
12.383999999993,1.16670994962666,1.16662338370667,8.65659199948965e-05
12.387599999993,1.16670984587221,1.16662348746112,8.63584110957216e-05
12.391199999993,1.16670974236648,1.16662359096686,8.61513996202046e-05
12.394799999993,1.16670963910885,1.16662369422448,8.59448843761879e-05
12.398399999993,1.16670953609875,1.16662379723458,8.57388641741785e-05
12.401999999993,1.16670943333558,1.16662389999775,8.55333378269041e-05
12.405599999993,1.16670933081874,1.16662400251459,8.53283041510888e-05
12.409199999993,1.16670922854765,1.16662410478568,8.51237619656775e-05
12.412799999993,1.16670912652171,1.16662420681162,8.49197100925014e-05
12.416399999993,1.16670902474034,1.16662430859299,8.47161473560565e-05
12.419999999993,1.16670892320296,1.16662441013037,8.45130725839471e-05
12.423599999993,1.16670882190897,1.16662451142436,8.43104846064424e-05
12.427199999993,1.16670872085779,1.16662461247554,8.41083822564759e-05
12.430799999993,1.16670862004885,1.16662471328448,8.39067643703117e-05
12.434399999993,1.16670851948156,1.16662481385177,8.37056297862127e-05
12.437999999993,1.16670841915534,1.16662491417799,8.35049773459939e-05
12.441599999993,1.16670831906961,1.16662501426372,8.33048058936914e-05
12.445199999993,1.1667082192238,1.16662511410953,8.31051142764494e-05
12.448799999993,1.16670811961734,1.16662521371599,8.29059013438549e-05
12.452399999993,1.16670802024964,1.16662531308369,8.27071659486034e-05
12.4559999999929,1.16670792112014,1.16662541221319,8.25089069460549e-05
12.4595999999929,1.16670782222826,1.16662551110507,8.23111231940121e-05
12.4631999999929,1.16670772357344,1.16662560975989,8.21138135533861e-05
12.4667999999929,1.16670762515511,1.16662570817822,8.19169768877526e-05
12.4703999999929,1.1667075269727,1.16662580636064,8.17206120629077e-05
12.4739999999929,1.16670742902564,1.16662590430769,8.15247179484224e-05
12.4775999999929,1.16670733131337,1.16662600201996,8.1329293415644e-05
12.4811999999929,1.16670723383534,1.166626099498,8.11343373385842e-05
12.4847999999929,1.16670713659096,1.16662619674237,8.09398485950297e-05
12.4883999999929,1.1667070395797,1.16662629375363,8.07458260640992e-05
12.4919999999929,1.16670694280098,1.16662639053235,8.05522686284643e-05
12.4955999999929,1.16670684625425,1.16662648707908,8.03591751734611e-05
12.4991999999929,1.16670674993896,1.16662658339437,8.01665445864241e-05
12.5027999999929,1.16670665385455,1.16662667947879,7.99743757580185e-05
12.5063999999929,1.16670655800046,1.16662677533288,7.97826675815738e-05
12.5099999999929,1.16670646237614,1.16662687095719,7.95914189524183e-05
12.5135999999929,1.16670636698105,1.16662696635228,7.94006287692106e-05
12.5171999999929,1.16670627181463,1.1666270615187,7.92102959330521e-05
12.5207999999929,1.16670617687634,1.16662715645699,7.90204193472643e-05
12.5243999999929,1.16670608216563,1.16662725116771,7.88309979189439e-05
12.5279999999929,1.16670598768194,1.16662734565139,7.86420305560753e-05
12.5315999999929,1.16670589342475,1.16662743990858,7.84535161708622e-05
12.5351999999929,1.16670579939351,1.16662753393983,7.82654536772842e-05
12.5387999999929,1.16670570558766,1.16662762774567,7.80778419919859e-05
12.5423999999929,1.16670561200668,1.16662772132665,7.7890680034276e-05
12.5459999999929,1.16670551865003,1.1666278146833,7.77039667263502e-05
12.5495999999929,1.16670542551716,1.16662790781617,7.75177009926242e-05
12.5531999999929,1.16670533260755,1.16662800072579,7.73318817601787e-05
12.5567999999929,1.16670523992065,1.16662809341269,7.71465079589806e-05
12.5603999999929,1.16670514745593,1.16662818587741,7.69615785205513e-05
12.5639999999929,1.16670505521286,1.16662827812048,7.6777092380631e-05
12.5675999999929,1.1667049631909,1.16662837014243,7.65930484758481e-05
12.5711999999929,1.16670487138954,1.16662846194379,7.64094457466058e-05
12.5747999999929,1.16670477980823,1.1666285535251,7.62262831350835e-05
12.5783999999929,1.16670468844646,1.16662864488687,7.60435595863473e-05
12.5819999999929,1.16670459730369,1.16662873602964,7.58612740476838e-05
12.5855999999929,1.1667045063794,1.16662882695393,7.56794254694881e-05
12.5891999999929,1.16670441567307,1.16662891766026,7.54980128039318e-05
12.5927999999929,1.16670432518417,1.16662900814916,7.53170350065169e-05
12.5963999999929,1.16670423491218,1.16662909842115,7.51364910347441e-05
12.5999999999929,1.16670414485659,1.16662918847674,7.49563798483344e-05
12.6035999999929,1.16670405501687,1.16662927831646,7.47767004101174e-05
12.6071999999929,1.16670396539251,1.16662936794082,7.45974516849213e-05
12.6107999999929,1.16670387598299,1.16662945735035,7.44186326404606e-05
12.6143999999929,1.16670378678779,1.16662954654554,7.42402422468924e-05
12.6179999999929,1.1667036978064,1.16662963552693,7.40622794765944e-05
12.6215999999929,1.16670360903832,1.16662972429501,7.38847433041645e-05
12.6251999999929,1.16670352048302,1.16662981285031,7.37076327073094e-05
12.6287999999929,1.16670343214,1.16662990119333,7.35309466655121e-05
12.6323999999928,1.16670334400875,1.16662998932459,7.33546841618082e-05
12.6359999999928,1.16670325608876,1.16663007724458,7.31788441803438e-05
12.6395999999928,1.16670316837952,1.16663016495381,7.30034257083734e-05
12.6431999999928,1.16670308088053,1.1666302524528,7.28284277355939e-05
12.6467999999928,1.16670299359129,1.16663033974204,7.2653849253923e-05
12.6503999999928,1.1667029065113,1.16663042682204,7.24796892577206e-05
12.6539999999928,1.16670281964004,1.16663051369329,7.23059467440113e-05
12.6575999999928,1.16670273297702,1.16663060035631,7.21326207120399e-05
12.6611999999928,1.16670264652175,1.16663068681158,7.19597101632719e-05
12.6647999999928,1.16670256027372,1.16663077305962,7.17872141018372e-05
12.6683999999928,1.16670247423243,1.1666308591009,7.16151315340863e-05
12.6719999999928,1.1667023883974,1.16663094493593,7.14434614692561e-05
12.6755999999928,1.16670230276813,1.16663103056521,7.12722029179158e-05
12.6791999999928,1.16670221734411,1.16663111598922,7.11013548937434e-05
12.6827999999928,1.16670213212487,1.16663120120846,7.09309164128591e-05
12.6863999999928,1.16670204710991,1.16663128622342,7.07608864936038e-05
12.6899999999928,1.16670196229874,1.16663137103459,7.05912641563167e-05
12.6935999999928,1.16670187769088,1.16663145564245,7.04220484242235e-05
12.6971999999928,1.16670179328583,1.16663154004751,7.02532383225485e-05
12.7007999999928,1.16670170908311,1.16663162425023,7.00848328789583e-05
12.7043999999928,1.16670162508223,1.1666317082511,6.991683112334e-05
12.7079999999928,1.16670154128271,1.16663179205062,6.97492320882453e-05
12.7115999999928,1.16670145768407,1.16663187564926,6.95820348080023e-05
12.7151999999928,1.16670137428583,1.16663195904751,6.94152383196034e-05
12.7187999999928,1.1667012910875,1.16663204224584,6.92488416624837e-05
12.7223999999928,1.16670120808861,1.16663212524473,6.90828438780766e-05
12.7259999999928,1.16670112528867,1.16663220804466,6.89172440104802e-05
12.7295999999928,1.16670104268722,1.16663229064611,6.87520411055687e-05
12.7331999999928,1.16670096028377,1.16663237304956,6.8587234211881e-05
12.7367999999928,1.16670087807786,1.16663245525548,6.84228223799543e-05
12.7403999999928,1.166700796069,1.16663253726434,6.82588046629906e-05
12.7439999999928,1.16670071425672,1.16663261907661,6.809518011619e-05
12.7475999999928,1.16670063264057,1.16663270069277,6.79319477969731e-05
12.7511999999928,1.16670055122005,1.16663278211328,6.77691067654251e-05
12.7547999999928,1.16670046999471,1.16663286333863,6.76066560831856e-05
12.7583999999928,1.16670038896407,1.16663294436926,6.74445948145586e-05
12.7619999999928,1.16670030812768,1.16663302520565,6.72829220265125e-05
12.7655999999928,1.16670022748506,1.16663310584827,6.71216367875704e-05
12.7691999999928,1.16670014703575,1.16663318629758,6.69607381686976e-05
12.7727999999928,1.16670006677929,1.16663326655405,6.68002252430799e-05
12.7763999999928,1.16669998671521,1.16663334661812,6.66400970861236e-05
12.7799999999928,1.16669990684305,1.16663342649028,6.64803527754554e-05
12.7835999999928,1.16669982716236,1.16663350617097,6.63209913913665e-05
12.7871999999928,1.16669974767267,1.16663358566066,6.61620120154804e-05
12.7907999999928,1.16669966837353,1.1666336649598,6.60034137320853e-05
12.7943999999928,1.16669958926448,1.16663374406885,6.58451956279116e-05
12.7979999999928,1.16669951034506,1.16663382298827,6.56873567916882e-05
12.8015999999928,1.16669943161482,1.16663390171851,6.55298963139206e-05
12.8051999999928,1.16669935307331,1.16663398026002,6.53728132877784e-05
12.8087999999928,1.16669927472007,1.16663405861326,6.52161068088741e-05
12.8123999999927,1.16669919655465,1.16663413677868,6.50597759739302e-05
12.8159999999927,1.16669911857661,1.16663421475673,6.49038198825558e-05
12.8195999999927,1.16669904078549,1.16663429254785,6.47482376370245e-05
12.8231999999927,1.16669896318084,1.1666343701525,6.45930283404983e-05
12.8267999999927,1.16669888576222,1.16663444757112,6.44381910994696e-05
12.8303999999927,1.16669880852918,1.16663452480416,6.42837250217632e-05
12.8339999999927,1.16669873148128,1.16663460185206,6.41296292178684e-05
12.8375999999927,1.16669865461807,1.16663467871527,6.39759028000508e-05
12.8411999999927,1.16669857793911,1.16663475539423,6.38225448830188e-05
12.8447999999927,1.16669850144396,1.16663483188938,6.36695545832566e-05
12.8483999999927,1.16669842513218,1.16663490820116,6.35169310194694e-05
12.8519999999927,1.16669834900332,1.16663498433001,6.33646733130266e-05
12.8555999999927,1.16669827305696,1.16663506027637,6.3212780586186e-05
12.8591999999927,1.16669819729265,1.16663513604068,6.30612519647578e-05
12.8627999999927,1.16669812170995,1.16663521162338,6.29100865754406e-05
12.8663999999927,1.16669804630844,1.16663528702489,6.27592835475976e-05
12.8699999999927,1.16669797108767,1.16663536224566,6.26088420128124e-05
12.8735999999927,1.16669789604722,1.16663543728611,6.24587611046667e-05
12.8771999999927,1.16669782118665,1.16663551214669,6.23090399582971e-05
12.8807999999927,1.16669774650552,1.16663558682781,6.21596777115041e-05
12.8843999999927,1.16669767200342,1.16663566132991,6.2010673503865e-05
12.8879999999927,1.1666975976799,1.16663573565343,6.18620264769554e-05
12.8915999999927,1.16669752353455,1.16663580979878,6.17137357752373e-05
12.8951999999927,1.16669744956694,1.16663588376639,6.15658005438391e-05
12.8987999999927,1.16669737577663,1.1666359575567,6.14182199309976e-05
12.9023999999927,1.16669730216321,1.16663603117012,6.12709930867261e-05
12.9059999999927,1.16669722872625,1.16663610460709,6.11241191628142e-05
12.9095999999927,1.16669715546532,1.16663617786801,6.0977597313272e-05
12.9131999999927,1.16669708238001,1.16663625095332,6.08314266941079e-05
12.9167999999927,1.1666970094699,1.16663632386343,6.06856064635508e-05
12.9203999999927,1.16669693673456,1.16663639659878,6.0540135781606e-05
12.9239999999927,1.16669686417357,1.16663646915976,6.03950138102771e-05
12.9275999999927,1.16669679178652,1.16663654154681,6.02502397140103e-05
12.9311999999927,1.166696719573,1.16663661376034,6.0105812658362e-05
12.9347999999927,1.16669664753257,1.16663668580076,5.99617318115531e-05
12.9383999999927,1.16669657566484,1.16663675766849,5.98179963440248e-05
12.9419999999927,1.16669650396938,1.16663682936395,5.9674605427773e-05
12.9455999999927,1.16669643244578,1.16663690088755,5.95315582365696e-05
12.9491999999927,1.16669636109364,1.16663697223969,5.93888539468512e-05
12.9527999999927,1.16669628991253,1.1666370434208,5.92464917361646e-05
12.9563999999927,1.16669621890206,1.16663711443127,5.91044707849431e-05
12.9599999999927,1.1666961480618,1.16663718527153,5.89627902749523e-05
12.9635999999927,1.16669607739136,1.16663725594197,5.88214493901784e-05
12.9671999999927,1.16669600689032,1.16663732644301,5.86804473163838e-05
12.9707999999927,1.16669593655829,1.16663739677505,5.85397832415513e-05
12.9743999999927,1.16669586639484,1.16663746693849,5.83994563554402e-05
12.9779999999927,1.16669579639959,1.16663753693374,5.82594658495861e-05
12.9815999999927,1.16669572657213,1.16663760676121,5.8119810917745e-05
12.9851999999926,1.16669565691204,1.16663767642129,5.79804907556714e-05
12.9887999999926,1.16669558741895,1.16663774591439,5.78415045606739e-05
12.9923999999926,1.16669551809243,1.1666378152409,5.77028515322819e-05
12.9959999999926,1.1666954489321,1.16663788440123,5.75645308718009e-05
12.9995999999926,1.16669537993756,1.16663795339578,5.74265417825348e-05
13.0031999999926,1.1666953111084,1.16663802222493,5.7288883469564e-05
13.0067999999926,1.16669524244424,1.1666380908891,5.71515551404111e-05
13.0103999999926,1.16669517394467,1.16663815938866,5.70145560034874e-05
13.0139999999926,1.1666951056093,1.16663822772403,5.68778852698681e-05
13.0175999999926,1.16669503743774,1.16663829589559,5.67415421526274e-05
13.0211999999926,1.1666949694296,1.16663836390373,5.66055258661713e-05
13.0247999999926,1.16669490158448,1.16663843174885,5.64698356271265e-05
13.0283999999926,1.16669483390199,1.16663849943134,5.63344706536739e-05
13.0319999999926,1.16669476638175,1.16663856695158,5.6199430166215e-05
13.0355999999926,1.16669469902336,1.16663863430997,5.60647133873715e-05
13.0391999999926,1.16669463182644,1.1666387015069,5.59303195406535e-05
13.0427999999926,1.16669456479059,1.16663876854274,5.57962478520135e-05
13.0463999999926,1.16669449791544,1.16663883541789,5.56624975494024e-05
13.0499999999926,1.1666944312006,1.16663890213274,5.55290678623255e-05
13.0535999999926,1.16669436464568,1.16663896868766,5.53959580220642e-05
13.0571999999926,1.1666942982503,1.16663903508304,5.52631672621207e-05
13.0607999999926,1.16669423201408,1.16663910131926,5.51306948177732e-05
13.0643999999926,1.16669416593663,1.1666391673967,5.49985399256325e-05
13.0679999999926,1.16669410001758,1.16663923331575,5.48667018247517e-05
13.0715999999926,1.16669403425654,1.16663929907679,5.47351797552942e-05
13.0751999999926,1.16669396865315,1.16663936468019,5.46039729603098e-05
13.0787999999926,1.16669390320701,1.16663943012632,5.44730806835148e-05
13.0823999999926,1.16669383791775,1.16663949541558,5.43425021712896e-05
13.0859999999926,1.166693772785,1.16663956054833,5.42122366715692e-05
13.0895999999926,1.16669370780838,1.16663962552495,5.40822834338428e-05
13.0931999999926,1.16669364298752,1.16663969034581,5.39526417095981e-05
13.0967999999926,1.16669357832204,1.16663975501129,5.38233107520991e-05
13.1003999999926,1.16669351381157,1.16663981952176,5.36942898163861e-05
13.1039999999926,1.16669344945575,1.16663988387759,5.35655781594979e-05
13.1075999999926,1.16669338525419,1.16663994807915,5.34371750398055e-05
13.1111999999926,1.16669332120653,1.16664001212681,5.33090797176783e-05
13.1147999999926,1.16669325731239,1.16664007602094,5.31812914554841e-05
13.1183999999926,1.16669319357143,1.16664013976191,5.30538095173672e-05
13.1219999999926,1.16669312998325,1.16664020335008,5.29266331683598e-05
13.1255999999926,1.1666930665475,1.16664026678583,5.27997616763809e-05
13.1291999999926,1.16669300326382,1.16664033006951,5.26731943106817e-05
13.1327999999926,1.16669294013184,1.1666403932015,5.25469303422899e-05
13.1363999999926,1.16669287715119,1.16664045618214,5.24209690435651e-05
13.1399999999926,1.16669281432151,1.16664051901182,5.22953096893097e-05
13.1435999999926,1.16669275164244,1.16664058169089,5.21699515554364e-05
13.1471999999926,1.16669268911363,1.16664064421971,5.20448939203e-05
13.1507999999926,1.1666926267347,1.16664070659864,5.19201360631438e-05
13.1543999999926,1.1666925645053,1.16664076882803,5.17956772656536e-05
13.1579999999926,1.16669250242507,1.16664083090826,5.16715168106252e-05
13.1615999999925,1.16669244049366,1.16664089283967,5.15476539832971e-05
13.1651999999925,1.1666923787107,1.16664095462263,5.14240880700179e-05
13.1687999999925,1.16669231707585,1.16664101625749,5.13008183591346e-05
13.1723999999925,1.16669225558874,1.1666410777446,5.11778441403266e-05
13.1759999999925,1.16669219424902,1.16664113908431,5.10551647054935e-05
13.1795999999925,1.16669213305634,1.16664120027699,5.09327793480896e-05
13.1831999999925,1.16669207201035,1.16664126132299,5.08106873631231e-05
13.1867999999925,1.16669201111069,1.16664132222264,5.06888880473788e-05
13.1903999999925,1.16669195035702,1.16664138297632,5.05673806989737e-05
13.1939999999925,1.16669188974898,1.16664144358436,5.04461646184673e-05
13.1975999999925,1.16669182928622,1.16664150404711,5.03252391073072e-05
13.2011999999925,1.1666917689684,1.16664156436493,5.02046034689396e-05
13.2047999999925,1.16669170879517,1.16664162453816,5.0084257009031e-05
13.2083999999925,1.16669164876618,1.16664168456715,4.99641990339139e-05
13.2119999999925,1.16669158888109,1.16664174445224,4.98444288521416e-05
13.2155999999925,1.16669152913955,1.16664180419378,4.97249457740434e-05
13.2191999999925,1.16669146954122,1.16664186379211,4.9605749110837e-05
13.2227999999925,1.16669141008575,1.16664192324758,4.94868381764046e-05
13.2263999999925,1.16669135077281,1.16664198256052,4.93682122859607e-05
13.2299999999925,1.16669129160204,1.16664204173129,4.92498707560518e-05
13.2335999999925,1.16669123257312,1.16664210076021,4.91318129050011e-05
13.2371999999925,1.16669117368569,1.16664215964764,4.9014038052464e-05
13.2407999999925,1.16669111493943,1.16664221839391,4.88965455205381e-05
13.2443999999925,1.16669105633398,1.16664227699935,4.87793346324317e-05
13.2479999999925,1.16669099786902,1.16664233546431,4.86624047126849e-05
13.2515999999925,1.16669093954421,1.16664239378912,4.85457550882806e-05
13.2551999999925,1.16669088135921,1.16664245197412,4.84293850866457e-05
13.2587999999925,1.16669082331369,1.16664251001965,4.83132940380937e-05
13.2623999999925,1.1666907654073,1.16664256792603,4.81974812738262e-05
13.2659999999925,1.16669070763973,1.1666426256936,4.80819461265991e-05
13.2695999999925,1.16669065001063,1.1666426833227,4.79666879307228e-05
13.2731999999925,1.16669059251968,1.16664274081366,4.78517060227279e-05
13.2767999999925,1.16669053516654,1.1666427981668,4.77369997404775e-05
13.2803999999925,1.16669047795088,1.16664285538246,4.76225684225007e-05
13.2839999999925,1.16669042087237,1.16664291246096,4.75084114104352e-05
13.2875999999925,1.16669036393069,1.16664296940264,4.73945280461407e-05
13.2911999999925,1.1666903071255,1.16664302620783,4.72809176741418e-05
13.2947999999925,1.16669025045649,1.16664308287685,4.71675796398507e-05
13.2983999999925,1.16669019392331,1.16664313941002,4.70545132904565e-05
13.3019999999925,1.16669013752565,1.16664319580768,4.69417179744802e-05
13.3055999999925,1.16669008126319,1.16664325207015,4.68291930424414e-05
13.3091999999925,1.16669002513559,1.16664330819774,4.67169378461918e-05
13.3127999999925,1.16668996914254,1.1666433641908,4.66049517391376e-05
13.3163999999925,1.1666899132837,1.16664342004963,4.64932340762392e-05
13.3199999999925,1.16668985755877,1.16664347577456,4.63817842140113e-05
13.3235999999925,1.16668980196742,1.16664353136591,4.6270601510523e-05
13.3271999999925,1.16668974650933,1.166643586824,4.61596853251756e-05
13.3307999999925,1.16668969118418,1.16664364214916,4.60490350193687e-05
13.3343999999925,1.16668963599164,1.16664369734169,4.59386499553904e-05
13.3379999999924,1.16668958093142,1.16664375240192,4.5828529497971e-05
13.3415999999924,1.16668952600317,1.16664380733016,4.57186730122849e-05
13.3451999999924,1.1666894712066,1.16664386212673,4.56090798657272e-05
13.3487999999924,1.16668941654138,1.16664391679195,4.54997494272469e-05
13.3523999999924,1.1666893620072,1.16664397132613,4.53906810669036e-05
13.3559999999924,1.16668930760374,1.16664402572959,4.52818741565331e-05
13.3595999999924,1.1666892533307,1.16664408000263,4.51733280695255e-05
13.3631999999924,1.16668919918776,1.16664413414558,4.50650421803811e-05
13.3667999999924,1.1666891451746,1.16664418815873,4.49570158653767e-05
13.3703999999924,1.16668909129092,1.16664424204242,4.48492485023433e-05
13.3739999999924,1.1666890375364,1.16664429579693,4.47417394708882e-05
13.3775999999924,1.16668898391074,1.16664434942259,4.4634488151285e-05
13.3811999999924,1.16668893041363,1.1666444029197,4.45274939260276e-05
13.3847999999924,1.16668887704476,1.16664445628858,4.44207561789423e-05
13.3883999999924,1.16668882380381,1.16664450952952,4.43142742947433e-05
13.3919999999924,1.1666887706905,1.16664456264284,4.42080476605877e-05
13.3955999999924,1.1666887177045,1.16664461562883,4.41020756645205e-05
13.3991999999924,1.16668866484551,1.16664466848782,4.3996357695919e-05
13.4027999999924,1.16668861211324,1.16664472122009,4.3890893145937e-05
13.4063999999924,1.16668855950737,1.16664477382596,4.37856814070603e-05
13.4099999999924,1.1666885070276,1.16664482630573,4.36807218735513e-05
13.4135999999924,1.16668845467364,1.1666448786597,4.35760139405605e-05
13.4171999999924,1.16668840244517,1.16664493088816,4.34715570050148e-05
13.4207999999924,1.1666883503419,1.16664498299143,4.33673504651733e-05
13.4243999999924,1.16668829836353,1.16664503496981,4.32633937210714e-05
13.4279999999924,1.16668824650975,1.16664508682358,4.31596861738548e-05
13.4315999999924,1.16668819478028,1.16664513855305,4.30562272260016e-05
13.4351999999924,1.16668814317481,1.16664519015853,4.29530162815439e-05
13.4387999999924,1.16668809169304,1.16664524164029,4.28500527462905e-05
13.4423999999924,1.16668804033468,1.16664529299865,4.27473360267161e-05
13.4459999999924,1.16668798909943,1.1666453442339,4.26448655315159e-05
13.4495999999924,1.166687937987,1.16664539534633,4.25426406704954e-05
13.4531999999924,1.16668788699709,1.16664544633624,4.24406608547923e-05
13.4567999999924,1.16668783612942,1.16664549720392,4.23389254968765e-05
13.4603999999924,1.16668778538367,1.16664554794966,4.22374340105502e-05
13.4639999999924,1.16668773475957,1.16664559857376,4.21361858118363e-05
13.4675999999924,1.16668768425683,1.16664564907651,4.20351803172014e-05
13.4711999999924,1.16668763387514,1.16664569945819,4.19344169446667e-05
13.4747999999924,1.16668758361422,1.16664574971911,4.18338951140296e-05
13.4783999999924,1.16668753347379,1.16664579985954,4.17336142464197e-05
13.4819999999924,1.16668748345355,1.16664584987978,4.16335737642992e-05
13.4855999999924,1.16668743355321,1.16664589978012,4.15337730907961e-05
13.4891999999924,1.16668738377249,1.16664594956084,4.1434211651703e-05
13.4927999999924,1.1666873341111,1.16664599922223,4.13348888732568e-05
13.4963999999924,1.16668728456876,1.16664604876457,4.12358041834704e-05
13.4999999999924,1.16668723514517,1.16664609818816,4.11369570116893e-05
13.5035999999924,1.16668718584006,1.16664614749327,4.1038346788147e-05
13.5071999999924,1.16668713665314,1.16664619668019,4.09399729452975e-05
13.5107999999924,1.16668708758412,1.16664624574921,4.0841834916483e-05
13.5143999999923,1.16668703863273,1.1666462947006,4.07439321361558e-05
13.5179999999923,1.16668698979869,1.16664634353465,4.06462640405447e-05
13.5215999999923,1.1666869410817,1.16664639225163,4.05488300672108e-05
13.5251999999923,1.16668689248149,1.16664644085184,4.04516296546031e-05
13.5287999999923,1.16668684399779,1.16664648933555,4.03546622431694e-05
13.5323999999923,1.1666867956303,1.16664653770303,4.02579272740233e-05
13.5359999999923,1.16668674737876,1.16664658595457,4.01614241904991e-05
13.5395999999923,1.16668669924288,1.16664663409045,4.00651524363749e-05
13.5431999999923,1.1666866512224,1.16664668211094,3.99691114572054e-05
13.5467999999923,1.16668660331702,1.16664673001632,3.98733006996554e-05
13.5503999999923,1.16668655552647,1.16664677780686,3.97777196121663e-05
13.5539999999923,1.16668650785049,1.16664682548284,3.96823676438451e-05
13.5575999999923,1.16668646028879,1.16664687304454,3.95872442457978e-05
13.5611999999923,1.1666864128411,1.16664692049223,3.94923488700183e-05
13.5647999999923,1.16668636550715,1.16664696782618,3.93976809696106e-05
13.5683999999923,1.16668631828667,1.16664701504667,3.93032399996773e-05
13.5719999999923,1.16668627117937,1.16664706215396,3.92090254159871e-05
13.5755999999923,1.166686224185,1.16664710914833,3.91150366760851e-05
13.5791999999923,1.16668617730329,1.16664715603005,3.90212732381823e-05
13.5827999999923,1.16668613053395,1.16664720279939,3.89277345627104e-05
13.5863999999923,1.16668608387672,1.16664724945661,3.88344201107671e-05
13.5899999999923,1.16668603733134,1.16664729600199,3.87413293447825e-05
13.5935999999923,1.16668599089753,1.1666473424358,3.86484617282967e-05
13.5971999999923,1.16668594457503,1.1666473887583,3.85558167266264e-05
13.6007999999923,1.16668589836357,1.16664743496976,3.84633938061985e-05
13.6043999999923,1.16668585226288,1.16664748107045,3.83711924347718e-05
13.6079999999923,1.16668580627271,1.16664752706063,3.82792120809938e-05
13.6115999999923,1.16668576039277,1.16664757294056,3.8187452215066e-05
13.6151999999923,1.16668571462282,1.16664761871051,3.80959123085223e-05
13.6187999999923,1.16668566896258,1.16664766437075,3.80045918342287e-05
13.6223999999923,1.1666856234118,1.16664770992153,3.79134902661615e-05
13.6259999999923,1.16668557797021,1.16664775536313,3.78226070794074e-05
13.6295999999923,1.16668553263754,1.16664780069579,3.77319417503852e-05
13.6331999999923,1.16668548741355,1.16664784591979,3.764149375729e-05
13.6367999999923,1.16668544229796,1.16664789103538,3.75512625787611e-05
13.6403999999923,1.16668539729051,1.16664793604282,3.74612476952141e-05
13.6439999999923,1.16668535239096,1.16664798094237,3.73714485881749e-05
13.6475999999923,1.16668530759904,1.1666480257343,3.72818647402795e-05
13.6511999999923,1.16668526291448,1.16664807041885,3.71924956357184e-05
13.6547999999923,1.16668521833705,1.16664811499629,3.710334075957e-05
13.6583999999923,1.16668517386647,1.16664815946687,3.70143995984673e-05
13.6619999999923,1.16668512950249,1.16664820383085,3.69256716399313e-05
13.6655999999923,1.16668508524485,1.16664824808848,3.68371563728154e-05
13.6691999999923,1.16668504109331,1.16664829224002,3.67488532877491e-05
13.6727999999923,1.1666849970476,1.16664833628573,3.66607618753623e-05
13.6763999999923,1.16668495310748,1.16664838022585,3.6572881628727e-05
13.6799999999923,1.16668490927269,1.16664842406065,3.64852120420256e-05
13.6835999999923,1.16668486554297,1.16664846779036,3.63977526094406e-05
13.6871999999923,1.16668482191808,1.16664851141525,3.63105028278188e-05
13.6907999999923,1.16668477839776,1.16664855493557,3.62234621942292e-05
13.6943999999922,1.16668473498177,1.16664859835156,3.61366302075172e-05
13.6979999999922,1.16668469166985,1.16664864166348,3.60500063674163e-05
13.7015999999922,1.16668464846175,1.16664868487158,3.59635901754363e-05
13.7051999999922,1.16668460535723,1.1666487279761,3.5877381133087e-05
13.7087999999922,1.16668456235604,1.16664877097729,3.57913787440989e-05
13.7123999999922,1.16668451945792,1.16664881387541,3.57055825133124e-05
13.7159999999922,1.16668447666264,1.16664885667069,3.56199919464562e-05
13.7195999999922,1.16668443396994,1.16664889936339,3.55346065503692e-05
13.7231999999922,1.16668439137958,1.16664894195375,3.54494258332227e-05
13.7267999999922,1.16668434889132,1.16664898444201,3.53644493047423e-05
13.7303999999922,1.1666843065049,1.16664902682843,3.52796764750973e-05
13.7339999999922,1.16668426422009,1.16664906911324,3.51951068557899e-05
13.7375999999922,1.16668422203665,1.16664911129669,3.51107399603201e-05
13.7411999999922,1.16668417995432,1.16664915337902,3.50265753024104e-05
13.7447999999922,1.16668413797287,1.16664919536047,3.49426123971153e-05
13.7483999999922,1.16668409609205,1.16664923724129,3.48588507612657e-05
13.7519999999922,1.16668405431162,1.16664927902171,3.47752899119147e-05
13.7555999999922,1.16668401263135,1.16664932070198,3.46919293678916e-05
13.7591999999922,1.16668397105099,1.16664936228234,3.46087686493579e-05
13.7627999999922,1.1666839295703,1.16664940376303,3.45258072766974e-05
13.7663999999922,1.16668388818905,1.16664944514428,3.44430447725141e-05
13.7699999999922,1.166683846907,1.16664948642634,3.43604806600784e-05
13.7735999999922,1.1666838057239,1.16664952760943,3.42781144637705e-05
13.7771999999922,1.16668376463952,1.16664956869381,3.41959457090812e-05
13.7807999999922,1.16668372365363,1.16664960967971,3.41139739226115e-05
13.7843999999922,1.16668368276598,1.16664965056735,3.40321986322945e-05
13.7879999999922,1.16668364197635,1.16664969135698,3.39506193673955e-05
13.7915999999922,1.1666836012845,1.16664973204884,3.38692356576242e-05
13.7951999999922,1.16668356069018,1.16664977264315,3.37880470346885e-05
13.7987999999922,1.16668352019318,1.16664981314015,3.37070530302963e-05
13.8023999999922,1.16668347979326,1.16664985354008,3.36262531781539e-05
13.8059999999922,1.16668343949017,1.16664989384316,3.35456470133e-05
13.8095999999922,1.1666833992837,1.16664993404963,3.34652340707731e-05
13.8131999999922,1.16668335917361,1.16664997415972,3.33850138880543e-05
13.8167999999922,1.16668331915967,1.16665001417367,3.33049860026247e-05
13.8203999999922,1.16668327924164,1.16665005409169,3.32251499535197e-05
13.8239999999922,1.16668323941931,1.16665009391403,3.31455052811069e-05
13.8275999999922,1.16668319969243,1.1666501336409,3.30660515264203e-05
13.8311999999922,1.16668316006078,1.16665017327255,3.29867882320478e-05
13.8347999999922,1.16668312052414,1.1666502128092,3.29077149412438e-05
13.8383999999922,1.16668308108227,1.16665025225107,3.28288311985947e-05
13.8419999999922,1.16668304173494,1.16665029159839,3.27501365497973e-05
13.8455999999922,1.16668300248194,1.1666503308514,3.26716305414365e-05
13.8491999999922,1.16668296332303,1.16665037001031,3.25933127214295e-05
13.8527999999922,1.16668292425799,1.16665040907535,3.25151826388037e-05
13.8563999999922,1.16668288528659,1.16665044804675,3.24372398430306e-05
13.8599999999922,1.16668284640861,1.16665048692472,3.23594838858021e-05
13.8635999999922,1.16668280762383,1.16665052570951,3.22819143188102e-05
13.8671999999922,1.16668276893201,1.16665056440132,3.22045306953012e-05
13.8707999999921,1.16668273033295,1.16665060300038,3.21273325696314e-05
13.8743999999921,1.16668269182642,1.16665064150692,3.20503194972677e-05
13.8779999999921,1.16668265341218,1.16665067992115,3.19734910345648e-05
13.8815999999921,1.16668261509004,1.1666507182433,3.18968467385439e-05
13.8851999999921,1.16668257685975,1.16665075647358,3.18203861684463e-05
13.8887999999921,1.16668253872111,1.16665079461222,3.17441088832915e-05
13.8923999999921,1.16668250067389,1.16665083265944,3.16680144440973e-05
13.8959999999921,1.16668246271787,1.16665087061546,3.15921024121035e-05
13.8995999999921,1.16668242485284,1.16665090848049,3.15163723507705e-05
13.9031999999921,1.16668238707858,1.16665094625475,3.14408238233366e-05
13.9067999999921,1.16668234939486,1.16665098393847,3.13654563945942e-05
13.9103999999921,1.16668231180148,1.16665102153185,3.12902696308903e-05
13.9139999999921,1.16668227429822,1.16665105903512,3.12152630985718e-05
13.9175999999921,1.16668223688485,1.16665109644848,3.1140436366206e-05
13.9211999999921,1.16668219956117,1.16665113377217,3.10657890023602e-05
13.9247999999921,1.16668216232696,1.16665117100638,3.09913205771561e-05
13.9283999999921,1.166682125182,1.16665120815134,3.09170306620477e-05
13.9319999999921,1.16668208812608,1.16665124520725,3.08429188282666e-05
13.9355999999921,1.16668205115899,1.16665128217434,3.07689846497095e-05
13.9391999999921,1.16668201428052,1.16665131905282,3.06952277002726e-05
13.9427999999921,1.16668197749044,1.16665135584289,3.06216475551846e-05
13.9463999999921,1.16668194078856,1.16665139254477,3.05482437903404e-05
13.9499999999921,1.16668190417466,1.16665142915867,3.0475015983189e-05
13.9535999999921,1.16668186764852,1.16665146568481,3.04019637118458e-05
13.9571999999921,1.16668183120994,1.16665150212339,3.03290865555361e-05
13.9607999999921,1.16668179485871,1.16665153847462,3.02563840945957e-05
13.9643999999921,1.16668175859462,1.16665157473871,3.01838559102485e-05
13.9679999999921,1.16668172241746,1.16665161091587,3.01115015843845e-05
13.9715999999921,1.16668168632702,1.16665164700632,3.0039320700892e-05
13.9751999999921,1.16668165032309,1.16665168301024,2.99673128434375e-05
13.9787999999921,1.16668161440547,1.16665171892787,2.98954775974636e-05
13.9823999999921,1.16668157857394,1.16665175475939,2.98238145493013e-05
13.9859999999921,1.16668154282831,1.16665179050502,2.97523232859476e-05
13.9895999999921,1.16668150716836,1.16665182616497,2.96810033957318e-05
13.9931999999921,1.1666814715939,1.16665186173943,2.96098544676493e-05
13.9967999999921,1.16668143610471,1.16665189722862,2.9538876092472e-05
14.0003999999921,1.1666814007006,1.16665193263274,2.94680678607495e-05
14.0039999999921,1.16668136538135,1.16665196795198,2.93974293650301e-05
14.0075999999921,1.16668133014677,1.16665200318657,2.93269601983059e-05
14.0111999999921,1.16668129499664,1.16665203833669,2.92566599544575e-05
14.0147999999921,1.16668125993078,1.16665207340255,2.91865282286974e-05
14.0183999999921,1.16668122494898,1.16665210838436,2.91165646171265e-05
14.0219999999921,1.16668119005102,1.16665214328231,2.9046768716734e-05
14.0255999999921,1.16668115523673,1.1666521780966,2.89771401256189e-05
14.0291999999921,1.16668112050589,1.16665221282745,2.89076784423248e-05
14.0327999999921,1.1666810858583,1.16665224747503,2.88383832673933e-05
14.0363999999921,1.16668105129377,1.16665228203957,2.87692542009221e-05
14.0399999999921,1.16668101681209,1.16665231652124,2.87002908454514e-05
14.0435999999921,1.16668098241307,1.16665235092027,2.86314928030773e-05
14.047199999992,1.16668094809651,1.16665238523683,2.85628596781162e-05
14.050799999992,1.1666809138622,1.16665241947113,2.84943910748847e-05
14.054399999992,1.16668087970997,1.16665245362337,2.84260865992536e-05
14.057999999992,1.1666808456396,1.16665248769374,2.83579458575378e-05
14.061599999992,1.1666808116509,1.16665252168244,2.82899684573845e-05
14.065199999992,1.16668077774367,1.16665255558966,2.82221540073291e-05
14.068799999992,1.16668074391772,1.16665258941561,2.8154502116573e-05
14.072399999992,1.16668071017286,1.16665262316047,2.80870123952059e-05
14.075999999992,1.16668067650889,1.16665265682444,2.8019684455094e-05
14.079599999992,1.16668064292562,1.16665269040771,2.7952517908103e-05
14.083199999992,1.16668060942285,1.16665272391048,2.78855123674315e-05
14.086799999992,1.16668057600039,1.16665275733294,2.78186674471659e-05
14.090399999992,1.16668054265805,1.16665279067529,2.77519827618367e-05
14.093999999992,1.16668050939563,1.1666528239377,2.76854579279728e-05
14.097599999992,1.16668047621295,1.16665285712039,2.76190925621034e-05
14.101199999992,1.16668044310981,1.16665289022353,2.75528862820895e-05
14.104799999992,1.16668041008602,1.16665292324731,2.74868387062366e-05
14.108399999992,1.16668037714139,1.16665295619194,2.74209494544042e-05
14.111999999992,1.16668034427574,1.16665298905759,2.73552181471182e-05
14.115599999992,1.16668031148887,1.16665302184446,2.72896444055704e-05
14.119199999992,1.16668027878059,1.16665305455274,2.7224227852285e-05
14.122799999992,1.16668024615072,1.16665308718261,2.71589681102302e-05
14.126399999992,1.16668021359907,1.16665311973426,2.70938648034846e-05
14.129999999992,1.16668018112545,1.16665315220789,2.70289175572369e-05
14.133599999992,1.16668014872967,1.16665318460367,2.69641259975639e-05
14.137199999992,1.16668011641154,1.16665321692179,2.68994897507646e-05
14.140799999992,1.16668008417089,1.16665324916244,2.68350084449143e-05
14.144399999992,1.16668005200752,1.16665328132581,2.67706817085323e-05
14.147999999992,1.16668001992125,1.16665331341208,2.67065091708041e-05
14.151599999992,1.1666799879119,1.16665334542144,2.66424904626916e-05
14.155199999992,1.16667995597927,1.16665337735406,2.65786252149347e-05
14.158799999992,1.1666799241232,1.16665340921014,2.65149130598274e-05
14.162399999992,1.16667989234348,1.16665344098985,2.64513536305522e-05
14.165999999992,1.16667986063995,1.16665347269339,2.63879465607353e-05
14.169599999992,1.16667982901241,1.16665350432092,2.63246914851134e-05
14.173199999992,1.16667979746069,1.16665353587265,2.62615880397554e-05
14.176799999992,1.1666797659846,1.16665356734874,2.61986358609523e-05
14.180399999992,1.16667973458396,1.16665359874937,2.61358345858831e-05
14.183999999992,1.16667970325859,1.16665363007474,2.60731838530592e-05
14.187599999992,1.16667967200832,1.16665366132502,2.60106833016582e-05
14.191199999992,1.16667964083295,1.16665369250038,2.59483325713017e-05
14.194799999992,1.16667960973232,1.16665372360101,2.58861313036096e-05
14.198399999992,1.16667957870624,1.1666537546271,2.58240791393138e-05
14.201999999992,1.16667954775453,1.16665378557881,2.57621757218107e-05
14.205599999992,1.16667951687701,1.16665381645632,2.57004206942746e-05
14.209199999992,1.16667948607352,1.16665384725982,2.56388137007679e-05
14.212799999992,1.16667945534386,1.16665387798947,2.55773543866855e-05
14.216399999992,1.16667942468787,1.16665390864547,2.55160423978662e-05
14.219999999992,1.16667939410536,1.16665393922798,2.54548773814811e-05
14.2235999999919,1.16667936359616,1.16665396973717,2.53938589847014e-05
14.2271999999919,1.16667933316009,1.16665400017324,2.53329868564744e-05
14.2307999999919,1.16667930279699,1.16665403053634,2.52722606461919e-05
14.2343999999919,1.16667927250667,1.16665406082666,2.52116800036895e-05
14.2379999999919,1.16667924228896,1.16665409104438,2.5151244580357e-05
14.2415999999919,1.16667921214368,1.16665412118965,2.50909540280286e-05
14.2451999999919,1.16667918207067,1.16665415126267,2.50308079992045e-05
14.2487999999919,1.16667915206974,1.16665418126359,2.49708061477172e-05
14.2523999999919,1.16667912214073,1.1666542111926,2.49109481278431e-05
14.2559999999919,1.16667909228346,1.16665424104987,2.48512335949691e-05
14.2595999999919,1.16667906249777,1.16665427083556,2.4791662204704e-05
14.2631999999919,1.16667903278347,1.16665430054986,2.47322336146549e-05
14.2667999999919,1.16667900314041,1.16665433019293,2.46729474817631e-05
14.2703999999919,1.1666789735684,1.16665435976493,2.46138034649679e-05
14.2739999999919,1.16667894406728,1.16665438926606,2.45548012232089e-05
14.2775999999919,1.16667891463688,1.16665441869646,2.44959404172018e-05
14.2811999999919,1.16667888527702,1.16665444805631,2.44372207076626e-05
14.2847999999919,1.16667885598754,1.16665447734579,2.43786417561953e-05
14.2883999999919,1.16667882676828,1.16665450656505,2.4320203225292e-05
14.2919999999919,1.16667879761906,1.16665453571428,2.42619047787773e-05
14.2955999999919,1.16667876853971,1.16665456479363,2.42037460806976e-05
14.2991999999919,1.16667873953006,1.16665459380327,2.41457267959877e-05
14.3027999999919,1.16667871058996,1.16665462274337,2.40878465902483e-05
14.3063999999919,1.16667868171923,1.1666546516141,2.40301051304126e-05
14.3099999999919,1.16667865291771,1.16665468041562,2.39725020838577e-05
14.3135999999919,1.16667862418523,1.16665470914811,2.3915037118627e-05
14.3171999999919,1.16667859552162,1.16665473781171,2.38577099038739e-05
14.3207999999919,1.16667856692672,1.16665476640661,2.38005201091962e-05
14.3243999999919,1.16667853840037,1.16665479493296,2.37434674055237e-05
14.3279999999919,1.1666785099424,1.16665482339093,2.36865514640083e-05
14.3315999999919,1.16667848155264,1.16665485178069,2.36297719566902e-05
14.3351999999919,1.16667845323095,1.16665488010239,2.35731285569418e-05
14.3387999999919,1.16667842497714,1.1666549083562,2.35166209379134e-05
14.3423999999919,1.16667839679105,1.16665493654228,2.34602487745317e-05
14.3459999999919,1.16667836867254,1.1666549646608,2.34040117419454e-05
14.3495999999919,1.16667834062142,1.16665499271191,2.33479095164135e-05
14.3531999999919,1.16667831263755,1.16665502069578,2.32919417746391e-05
14.3567999999919,1.16667828472076,1.16665504861257,2.32361081942134e-05
14.3603999999919,1.16667825687089,1.16665507646244,2.31804084533938e-05
14.3639999999919,1.16667822908778,1.16665510424555,2.31248422317698e-05
14.3675999999919,1.16667820137127,1.16665513196206,2.30694092089312e-05
14.3711999999919,1.1666781737212,1.16665515961213,2.30141090657998e-05
14.3747999999919,1.16667814613741,1.16665518719592,2.29589414837417e-05
14.3783999999919,1.16667811861974,1.16665521471359,2.29039061447889e-05
14.3819999999919,1.16667809116803,1.1666552421653,2.28490027323058e-05
14.3855999999919,1.16667806378213,1.1666552695512,2.2794230930101e-05
14.3891999999919,1.16667803646188,1.16665529687146,2.2739590422205e-05
14.3927999999919,1.16667800920711,1.16665532412622,2.26850808942025e-05
14.3963999999918,1.16667798201768,1.16665535131565,2.26307020321226e-05
14.3999999999918,1.16667795489343,1.16665537843991,2.25764535226602e-05
14.4035999999918,1.16667792783419,1.16665540549914,2.25223350533987e-05
14.4071999999918,1.16667790083982,1.16665543249351,2.24683463125874e-05
14.4107999999918,1.16667787391016,1.16665545942317,2.24144869893639e-05
14.4143999999918,1.16667784704505,1.16665548628828,2.23607567733097e-05
14.4179999999918,1.16667782024434,1.16665551308899,2.23071553551168e-05
14.4215999999918,1.16667779350788,1.16665553982545,2.22536824256991e-05
14.4251999999918,1.16667776683551,1.16665556649783,2.22003376775248e-05
14.4287999999918,1.16667774022707,1.16665559310626,2.21471208032842e-05
14.4323999999918,1.16667771368241,1.16665561965092,2.20940314958895e-05
14.4359999999918,1.16667768720139,1.16665564613194,2.20410694502515e-05
14.4395999999918,1.16667766078385,1.16665567254949,2.19882343608369e-05
14.4431999999918,1.16667763442963,1.1666556989037,2.19355259234444e-05
14.4467999999918,1.16667760813858,1.16665572519475,2.18829438345391e-05
14.4503999999918,1.16667758191056,1.16665575142277,2.18304877912523e-05
14.4539999999918,1.16667755574541,1.16665577758792,2.17781574913811e-05
14.4575999999918,1.16667752964298,1.16665580369035,2.17259526333891e-05
14.4611999999918,1.16667750360313,1.16665582973021,2.16738729168497e-05
14.4647999999918,1.16667747762569,1.16665585570765,2.16219180415589e-05
14.4683999999918,1.16667745171052,1.16665588162281,2.15700877084224e-05
14.4719999999918,1.16667742585748,1.16665590747586,2.15183816187903e-05
14.4755999999918,1.1666774000664,1.16665593326693,2.14667994746787e-05
14.4791999999918,1.16667737433716,1.16665595899618,2.1415340979436e-05
14.4827999999918,1.16667734866958,1.16665598466375,2.13640058361886e-05
14.4863999999918,1.16667732306354,1.16665601026979,2.13127937496171e-05
14.4899999999918,1.16667729751888,1.16665603581445,2.12617044244023e-05
14.4935999999918,1.16667727203545,1.16665606129788,2.12107375665571e-05
14.4971999999918,1.16667724661311,1.16665608672023,2.11598928825385e-05
14.5007999999918,1.16667722125171,1.16665611208163,2.11091700788035e-05
14.5043999999918,1.1666771959511,1.16665613738223,2.10585688642517e-05
14.5079999999918,1.16667717071114,1.16665616262219,2.10080889466724e-05
14.5115999999918,1.16667714553168,1.16665618780165,2.09577300356312e-05
14.5151999999918,1.16667712041259,1.16665621292075,2.09074918406937e-05
14.5187999999918,1.1666770953537,1.16665623797963,2.0857374072758e-05
14.5223999999918,1.16667707035489,1.16665626297844,2.0807376443388e-05
14.5259999999918,1.166677045416,1.16665628791733,2.07574986641479e-05
14.5295999999918,1.16667702053689,1.16665631279644,2.07077404479339e-05
14.5331999999918,1.16667699571742,1.16665633761591,2.06581015080864e-05
14.5367999999918,1.16667697095745,1.16665636237589,2.06085815588342e-05
14.5403999999918,1.16667694625682,1.16665638707651,2.05591803148497e-05
14.5439999999918,1.16667692161541,1.16665641171792,2.0509897491694e-05
14.5475999999918,1.16667689703307,1.16665643630026,2.04607328051498e-05
14.5511999999918,1.16667687250965,1.16665646082368,2.04116859723324e-05
14.5547999999918,1.16667684804502,1.16665648528831,2.03627567105791e-05
14.5583999999918,1.16667682363904,1.1666565096943,2.03139447383371e-05
14.5619999999918,1.16667679929155,1.16665653404178,2.02652497740541e-05
14.5655999999918,1.16667677500244,1.1666565583309,2.02166715375096e-05
14.5691999999918,1.16667675077154,1.16665658256179,2.01682097487055e-05
14.5727999999918,1.16667672659873,1.1666566067346,2.01198641289757e-05
14.5763999999917,1.16667670248387,1.16665663084947,2.00716343992102e-05
14.5799999999917,1.16667667842681,1.16665665490653,2.00235202820753e-05
14.5835999999917,1.16667665442742,1.16665667890592,1.99755215000152e-05
14.5871999999917,1.16667663048556,1.16665670284778,1.99276377770286e-05
14.5907999999917,1.16667660660108,1.16665672673225,1.98798688368917e-05
14.5943999999917,1.16667658277387,1.16665675055946,1.98322144047136e-05
14.5979999999917,1.16667655900377,1.16665677432956,1.9784674206047e-05
14.6015999999917,1.16667653529065,1.16665679804268,1.97372479668889e-05
14.6051999999917,1.16667651163437,1.16665682169896,1.96899354139024e-05
14.6087999999917,1.1666764880348,1.16665684529853,1.96427362750828e-05
14.6123999999917,1.16667646449181,1.16665686884153,1.95956502782035e-05
14.6159999999917,1.16667644100524,1.16665689232809,1.9548677151926e-05
14.6195999999917,1.16667641757498,1.16665691575835,1.95018166257999e-05
14.6231999999917,1.16667639420088,1.16665693913245,1.9455068430263e-05
14.6267999999917,1.16667637088281,1.16665696245052,1.94084322955312e-05
14.6303999999917,1.16667634762064,1.16665698571269,1.93619079533747e-05
14.6339999999917,1.16667632441423,1.1666570089191,1.93154951355634e-05
14.6375999999917,1.16667630126345,1.16665703206988,1.92691935747558e-05
14.6411999999917,1.16667627816817,1.16665705516516,1.92230030044982e-05
14.6447999999917,1.16667625512825,1.16665707820509,1.91769231585592e-05
14.6483999999917,1.16667623214355,1.16665710118978,1.91309537715956e-05
14.6519999999917,1.16667620921396,1.16665712411938,1.9085094578708e-05
14.6555999999917,1.16667618633932,1.16665714699401,1.90393453156634e-05
14.6591999999917,1.16667616351953,1.16665716981381,1.8993705719339e-05
14.6627999999917,1.16667614075443,1.1666571925789,1.89481755266119e-05
14.6663999999917,1.1666761180439,1.16665721528943,1.89027544750253e-05
14.6699999999917,1.16667609538782,1.16665723794551,1.88574423032328e-05
14.6735999999917,1.16667607278604,1.16665726054729,1.881223875011e-05
14.6771999999917,1.16667605023844,1.16665728309489,1.87671435554204e-05
14.6807999999917,1.1666760277449,1.16665730558844,1.872215645915e-05
14.6843999999917,1.16667600530527,1.16665732802807,1.86772772026167e-05
14.6879999999917,1.16667598291943,1.1666573504139,1.86325055269165e-05
14.6915999999917,1.16667596058725,1.16665737274608,1.85878411742557e-05
14.6951999999917,1.16667593830861,1.16665739502472,1.85432838872845e-05
14.6987999999917,1.16667591608337,1.16665741724996,1.84988334097635e-05
14.7023999999917,1.16667589391141,1.16665743942192,1.84544894852312e-05
14.7059999999917,1.1666758717926,1.16665746154074,1.84102518583362e-05
14.7095999999917,1.1666758497268,1.16665748360653,1.83661202743934e-05
14.7131999999917,1.16667582771391,1.16665750561943,1.83220944791618e-05
14.7167999999917,1.16667580575378,1.16665752757956,1.82781742192883e-05
14.7203999999917,1.16667578384629,1.16665754948705,1.82343592411982e-05
14.7239999999917,1.16667576199131,1.16665757134202,1.81906492928707e-05
14.7275999999917,1.16667574018873,1.16665759314461,1.81470441227294e-05
14.7311999999917,1.16667571843841,1.16665761489493,1.81035434791976e-05
14.7347999999917,1.16667569674022,1.16665763659311,1.80601471122532e-05
14.7383999999917,1.16667567509405,1.16665765823928,1.80168547714299e-05
14.7419999999917,1.16667565349977,1.16665767983356,1.79736662075936e-05
14.7455999999917,1.16667563195725,1.16665770137608,1.79305811716102e-05
14.7491999999917,1.16667561046637,1.16665772286696,1.78875994161221e-05
14.7527999999916,1.16667558902701,1.16665774430632,1.78447206926613e-05
14.7563999999916,1.16667556763904,1.16665776569429,1.78019447549804e-05
14.7599999999916,1.16667554630234,1.16665778703099,1.77592713559438e-05
14.7635999999916,1.16667552501679,1.16665780831654,1.77167002506362e-05
14.7671999999916,1.16667550378226,1.16665782955107,1.76742311930322e-05
14.7707999999916,1.16667548259864,1.1666578507347,1.76318639391049e-05
14.7743999999916,1.16667546146579,1.16665787186754,1.7589598244383e-05
14.7779999999916,1.1666754403836,1.16665789294973,1.75474338657278e-05
14.7815999999916,1.16667541935195,1.16665791398139,1.75053705600003e-05
14.7851999999916,1.16667539837071,1.16665793496262,1.74634080851721e-05
14.7887999999916,1.16667537743977,1.16665795589357,1.74215461992144e-05
14.7923999999916,1.166675356559,1.16665797677434,1.7379784661431e-05
14.7959999999916,1.16667533572828,1.16665799760505,1.73381232311254e-05
14.7995999999916,1.1666753149475,1.16665801838583,1.72965616680454e-05
14.8031999999916,1.16667529421653,1.1666580391168,1.7255099733271e-05
14.8067999999916,1.16667527353526,1.16665805979807,1.72137371874381e-05
14.8103999999916,1.16667525290356,1.16665808042977,1.71724737929591e-05
14.8139999999916,1.16667523232132,1.16665810101201,1.71313093115799e-05
14.8175999999916,1.16667521178842,1.16665812154491,1.70902435063791e-05
14.8211999999916,1.16667519130474,1.1666581420286,1.70492761408791e-05
14.8247999999916,1.16667517087016,1.16665816246318,1.70084069790466e-05
14.8283999999916,1.16667515048456,1.16665818284877,1.69676357855142e-05
14.8319999999916,1.16667513014783,1.1666582031855,1.69269623253587e-05
14.8355999999916,1.16667510985985,1.16665822347348,1.68863863645452e-05
14.8391999999916,1.1666750896205,1.16665824371283,1.68459076690386e-05
14.8427999999916,1.16667506942967,1.16665826390366,1.68055260059141e-05
14.8463999999916,1.16667504928724,1.1666582840461,1.6765241142247e-05
14.8499999999916,1.16667502919309,1.16665830414024,1.67250528464447e-05
14.8535999999916,1.16667500914711,1.16665832418622,1.66849608869146e-05
14.8571999999916,1.16667498914918,1.16665834418415,1.66449650322864e-05
14.8607999999916,1.16667496919919,1.16665836413414,1.66050650529659e-05
14.8643999999916,1.16667494929703,1.16665838403631,1.65652607182487e-05
14.8679999999916,1.16667492944257,1.16665840389077,1.6525551799651e-05
14.8715999999916,1.1666749096357,1.16665842369763,1.64859380678006e-05
14.8751999999916,1.16667488987631,1.16665844345702,1.64464192951019e-05
14.8787999999916,1.16667487016429,1.16665846316904,1.6406995253293e-05
14.8823999999916,1.16667485049952,1.16665848283381,1.63676657158884e-05
14.8859999999916,1.16667483088189,1.16665850245144,1.63284304559586e-05
14.8895999999916,1.16667481131129,1.16665852202204,1.62892892479061e-05
14.8931999999916,1.1666747917876,1.16665854154573,1.62502418656896e-05
14.8967999999916,1.16667477231071,1.16665856102262,1.6211288085044e-05
14.9003999999916,1.16667475288051,1.16665858045283,1.61724276812603e-05
14.9039999999916,1.16667473349688,1.16665859983645,1.61336604302953e-05
14.9075999999916,1.16667471415972,1.16665861917361,1.60949861094384e-05
14.9111999999916,1.16667469486891,1.16665863846442,1.60564044950906e-05
14.9147999999916,1.16667467562435,1.16665865770898,1.60179153658735e-05
14.9183999999916,1.16667465642592,1.16665867690742,1.59795184995204e-05
14.9219999999916,1.1666746372735,1.16665869605983,1.5941213675319e-05
14.9255999999916,1.166674618167,1.16665871516633,1.59030006721128e-05
14.9291999999915,1.1666745991063,1.16665873422703,1.58648792700777e-05
14.9327999999915,1.16667458009129,1.16665875324204,1.58268492498337e-05
14.9363999999915,1.16667456112186,1.16665877221147,1.57889103917785e-05
14.9399999999915,1.16667454219791,1.16665879113543,1.57510624780866e-05
14.9435999999915,1.16667452331931,1.16665881001402,1.57133052900438e-05
14.9471999999915,1.16667450448597,1.16665882884736,1.56756386107126e-05
14.9507999999915,1.16667448569778,1.16665884763556,1.56380622229335e-05
14.9543999999915,1.16667446695462,1.16665886637871,1.56005759102129e-05
14.9579999999915,1.16667444825639,1.16665888507694,1.55631794567235e-05
14.9615999999915,1.16667442960299,1.16665890373034,1.55258726468599e-05
14.9651999999915,1.1666744109943,1.16665892233903,1.54886552661271e-05
14.9687999999915,1.16667439243022,1.16665894090312,1.54515270998079e-05
14.9723999999915,1.16667437391063,1.1666589594227,1.54144879342955e-05
14.9759999999915,1.16667435543544,1.16665897789789,1.53775375559828e-05
14.9795999999915,1.16667433700454,1.16665899632879,1.53406757521513e-05
14.9831999999915,1.16667431861782,1.16665901471551,1.53039023105261e-05
14.9867999999915,1.16667430027518,1.16665903305816,1.52672170192769e-05
14.9903999999915,1.1666742819765,1.16665905135683,1.52306196670171e-05
14.9939999999915,1.16667426372169,1.16665906961165,1.51941100430264e-05
14.9975999999915,1.16667424551064,1.1666590878227,1.51576879368065e-05
15.0011999999915,1.16667422734324,1.1666591059901,1.51213531389693e-05
15.0047999999915,1.16667420921939,1.16665912411395,1.50851054399048e-05
15.0083999999915,1.16667419113898,1.16665914219435,1.5048944630891e-05
15.0119999999915,1.16667417310192,1.16665916023141,1.50128705038721e-05
15.0155999999915,1.16667415510809,1.16665917822524,1.49768828505703e-05
15.0191999999915,1.1666741371574,1.16665919617593,1.4940981464262e-05
15.0227999999915,1.16667411924974,1.1666592140836,1.49051661377797e-05
15.0263999999915,1.166674101385,1.16665923194833,1.48694366650659e-05
15.0299999999915,1.16667408356309,1.16665924977025,1.48337928400633e-05
15.0335999999915,1.1666740657839,1.16665926754944,1.47982344573805e-05
15.0371999999915,1.16667404804732,1.16665928528601,1.47627613127366e-05
15.0407999999915,1.16667403035327,1.16665930298007,1.47273732011843e-05
15.0443999999915,1.16667401270163,1.16665932063171,1.4692069919553e-05
15.0479999999915,1.1666739950923,1.16665933824103,1.46568512640055e-05
15.0515999999915,1.16667397752518,1.16665935580815,1.46217170315932e-05
15.0551999999915,1.16667396000018,1.16665937333316,1.45866670202555e-05
15.0587999999915,1.16667394251718,1.16665939081615,1.45517010279317e-05
15.0623999999915,1.16667392507609,1.16665940825724,1.45168188534495e-05
15.0659999999915,1.16667390767681,1.16665942565652,1.44820202956364e-05
15.0695999999915,1.16667389031924,1.16665944301409,1.44473051542082e-05
15.0731999999915,1.16667387300328,1.16665946033005,1.44126732291028e-05
15.0767999999915,1.16667385572883,1.16665947760451,1.4378124320702e-05
15.0803999999915,1.16667383849578,1.16665949483755,1.43436582302758e-05
15.0839999999915,1.16667382130405,1.16665951202929,1.43092747595386e-05
15.0875999999915,1.16667380415352,1.16665952917981,1.42749737097603e-05
15.0911999999915,1.16667378704411,1.16665954628922,1.42407548837653e-05
15.0947999999915,1.16667376997571,1.16665956335762,1.42066180843781e-05
15.0983999999915,1.16667375294822,1.16665958038511,1.41725631150891e-05
15.1019999999915,1.16667373596156,1.16665959737178,1.41385897796109e-05
15.1055999999914,1.16667371901561,1.16665961431773,1.41046978823223e-05
15.1091999999914,1.16667370211028,1.16665963122305,1.40708872278239e-05
15.1127999999914,1.16667368524548,1.16665964808786,1.40371576218268e-05
15.1163999999914,1.1666736684211,1.16665966491223,1.40035088693757e-05
15.1199999999914,1.16667365163706,1.16665968169628,1.3969940777292e-05
15.1235999999914,1.16667363489324,1.16665969844009,1.39364531517305e-05
15.1271999999914,1.16667361818957,1.16665971514377,1.39030458001788e-05
15.1307999999914,1.16667360152593,1.1666597318074,1.3869718530124e-05
15.1343999999914,1.16667358490224,1.16665974843109,1.38364711494976e-05
15.1379999999914,1.1666735683184,1.16665976501493,1.38033034666751e-05
15.1415999999914,1.16667355177431,1.16665978155902,1.37702152909203e-05
15.1451999999914,1.16667353526988,1.16665979806345,1.37372064314967e-05
15.1487999999914,1.16667351880502,1.16665981452832,1.37042766983342e-05
15.1523999999914,1.16667350237962,1.16665983095372,1.36714259013626e-05
15.1559999999914,1.16667348599359,1.16665984733974,1.36386538520661e-05
15.1595999999914,1.16667346964685,1.16665986368649,1.36059603612626e-05
15.1631999999914,1.16667345333929,1.16665987999405,1.35733452404363e-05
15.1667999999914,1.16667343707082,1.16665989626252,1.35408083021815e-05
15.1703999999914,1.16667342084135,1.16665991249199,1.35083493588706e-05
15.1739999999914,1.16667340465078,1.16665992868255,1.34759682233199e-05
15.1775999999914,1.16667338849902,1.16665994483431,1.3443664709456e-05
15.1811999999914,1.16667337238598,1.16665996094735,1.34114386309836e-05
15.1847999999914,1.16667335631157,1.16665997702177,1.33792898022733e-05
15.1883999999914,1.16667334027569,1.16665999305765,1.33472180379179e-05
15.1919999999914,1.16667332427824,1.16666000905509,1.33152231536204e-05
15.1955999999914,1.16667330831915,1.16666002501418,1.32833049650838e-05
15.1991999999914,1.16667329239831,1.16666004093502,1.32514632877889e-05
15.2027999999914,1.16667327651564,1.1666600568177,1.32196979392152e-05
15.2063999999914,1.16667326067103,1.1666600726623,1.31880087359537e-05
15.2099999999914,1.16667324486441,1.16666008846892,1.31563954954839e-05
15.2135999999914,1.16667322909568,1.16666010423765,1.3124858035729e-05
15.2171999999914,1.16667321336475,1.16666011996858,1.30933961750568e-05
15.2207999999914,1.16667319767153,1.1666601356618,1.30620097322787e-05
15.2243999999914,1.16667318201593,1.1666601513174,1.30306985264284e-05
15.2279999999914,1.16667316639786,1.16666016693548,1.29994623774277e-05
15.2315999999914,1.16667315081722,1.16666018251611,1.29683011051984e-05
15.2351999999914,1.16667313527393,1.1666601980594,1.29372145301065e-05
15.2387999999914,1.1666731197679,1.16666021356543,1.29062024736282e-05
15.2423999999914,1.16667310429904,1.16666022903429,1.28752647563513e-05
15.2459999999914,1.16667308886727,1.16666024446607,1.28444012006401e-05
15.2495999999914,1.16667307347248,1.16666025986085,1.28136116288591e-05
15.2531999999914,1.1666730581146,1.16666027521874,1.27828958629284e-05
15.2567999999914,1.16667304279353,1.1666602905398,1.27522537267666e-05
15.2603999999914,1.16667302750919,1.16666030582414,1.27216850434042e-05
15.2639999999914,1.16667301226149,1.16666032107185,1.26911896367599e-05
15.2675999999914,1.16667299705033,1.166660336283,1.26607673311963e-05
15.2711999999914,1.16667298187564,1.16666035145769,1.26304179517422e-05
15.2747999999914,1.16667296673733,1.16666036659601,1.26001413232046e-05
15.2783999999914,1.1666729516353,1.16666038169803,1.25699372715005e-05
15.2819999999913,1.16667293656948,1.16666039676386,1.25398056225468e-05
15.2855999999913,1.16667292153977,1.16666041179357,1.25097462027046e-05
15.2891999999913,1.16667290654609,1.16666042678725,1.24797588387793e-05
15.2927999999913,1.16667289158835,1.16666044174499,1.24498433582421e-05
15.2963999999913,1.16667287666646,1.16666045666687,1.24199995887864e-05
15.2999999999913,1.16667286178035,1.16666047155299,1.23902273585497e-05
15.3035999999913,1.16667284692991,1.16666048640342,1.23605264956694e-05
15.3071999999913,1.16667283211508,1.16666050121825,1.23308968291713e-05
15.3107999999913,1.16667281733576,1.16666051599757,1.23013381889692e-05
15.3143999999913,1.16667280259187,1.16666053074146,1.22718504040886e-05
15.3179999999913,1.16667278788332,1.16666054545001,1.22424333051097e-05
15.3215999999913,1.16667277321003,1.16666056012331,1.22130867223902e-05
15.3251999999913,1.16667275857191,1.16666057476142,1.21838104869543e-05
15.3287999999913,1.16667274396888,1.16666058936445,1.21546044302701e-05
15.3323999999913,1.16667272940086,1.16666060393247,1.21254683838057e-05
15.3359999999913,1.16667271486776,1.16666061846558,1.20964021801395e-05
15.3395999999913,1.16667270036949,1.16666063296384,1.20674056514058e-05
15.3431999999913,1.16667268590598,1.16666064742735,1.20384786310712e-05
15.3467999999913,1.16667267147714,1.16666066185619,1.20096209521581e-05
15.3503999999913,1.16667265708289,1.16666067625044,1.19808324485771e-05
15.3539999999913,1.16667264272314,1.16666069061019,1.19521129544609e-05
15.3575999999913,1.16667262839782,1.16666070493551,1.19234623046083e-05
15.3611999999913,1.16667261410683,1.1666607192265,1.18948803335961e-05
15.3647999999913,1.16667259985011,1.16666073348323,1.18663668771113e-05
15.3683999999913,1.16667258562755,1.16666074770578,1.18379217706188e-05
15.3719999999913,1.16667257143909,1.16666076189424,1.18095448506939e-05
15.3755999999913,1.16667255728464,1.16666077604869,1.17812359536895e-05
15.3791999999913,1.16667254316412,1.16666079016921,1.1752994916181e-05
15.3827999999913,1.16667252907745,1.16666080425588,1.17248215760757e-05
15.3863999999913,1.16667251502455,1.16666081830878,1.1696715770837e-05
15.3899999999913,1.16667250100534,1.166660832328,1.16686773383723e-05
15.3935999999913,1.16667248701973,1.16666084631361,1.16407061174773e-05
15.3971999999913,1.16667247306764,1.16666086026569,1.16128019471695e-05
15.4007999999913,1.166672459149,1.16666087418433,1.15849646664667e-05
15.4043999999913,1.16667244526372,1.16666088806961,1.15571941148307e-05
15.4079999999913,1.16667243141173,1.1666609019216,1.15294901326113e-05
15.4115999999913,1.16667241759295,1.16666091574039,1.15018525603805e-05
15.4151999999913,1.16667240380729,1.16666092952605,1.14742812384883e-05
15.4187999999913,1.16667239005467,1.16666094327866,1.14467760086168e-05
15.4223999999913,1.16667237633502,1.16666095699831,1.14193367117821e-05
15.4259999999913,1.16667236264826,1.16666097068507,1.13919631903325e-05
15.4295999999913,1.16667234899431,1.16666098433902,1.13646552866165e-05
15.4331999999913,1.16667233537309,1.16666099796025,1.13374128432042e-05
15.4367999999913,1.16667232178452,1.16666101154882,1.13102357028882e-05
15.4403999999913,1.16667230822852,1.16666102510481,1.12831237097932e-05
15.4439999999913,1.16667229470502,1.16666103862831,1.12560767073777e-05
15.4475999999913,1.16667228121394,1.1666610521194,1.12290945397664e-05
15.4511999999913,1.16667226775519,1.16666106557814,1.1202177051528e-05
15.4547999999913,1.16667225432871,1.16666107900462,1.11753240878976e-05
15.4583999999913,1.16667224093441,1.16666109239892,1.11485354941099e-05
15.4619999999912,1.16667222757222,1.16666110576111,1.11218111156219e-05
15.4655999999912,1.16667221424207,1.16666111909127,1.10951507987789e-05
15.4691999999912,1.16667220094386,1.16666113238947,1.10685543901479e-05
15.4727999999912,1.16667218767753,1.1666611456558,1.1042021735852e-05
15.4763999999912,1.16667217444301,1.16666115889032,1.10155526837907e-05
15.4799999999912,1.16667216124021,1.16666117209313,1.09891470809753e-05
15.4835999999912,1.16667214806905,1.16666118526428,1.09628047759713e-05
15.4871999999912,1.16667213492947,1.16666119840386,1.09365256164562e-05
15.4907999999912,1.16667212182139,1.16666121151194,1.09103094512175e-05
15.4943999999912,1.16667210874473,1.1666612245886,1.08841561290429e-05
15.4979999999912,1.16667209569942,1.16666123763392,1.08580654998303e-05
15.5015999999912,1.16667208268537,1.16666125064796,1.08320374128112e-05
15.5051999999912,1.16667206970253,1.16666126363081,1.08060717181058e-05
15.5087999999912,1.1666720567508,1.16666127658253,1.07801682667219e-05
15.5123999999912,1.16667204383012,1.16666128950321,1.07543269087795e-05
15.5159999999912,1.16667203094041,1.16666130239292,1.07285474955088e-05
15.5195999999912,1.16667201808161,1.16666131525173,1.07028298788059e-05
15.5231999999912,1.16667200525362,1.16666132807971,1.0677173910123e-05
15.5267999999912,1.16667199245639,1.16666134087695,1.06515794422446e-05
15.5303999999912,1.16667197968983,1.1666613536435,1.06260463270669e-05
15.5339999999912,1.16667196695388,1.16666136637946,1.06005744178184e-05
15.5375999999912,1.16667195424845,1.16666137908488,1.05751635679496e-05
15.5411999999912,1.16667194157348,1.16666139175985,1.05498136309112e-05
15.5447999999912,1.1666719289289,1.16666140440444,1.05245244605978e-05
15.5483999999912,1.16667191631462,1.16666141701871,1.04992959115702e-05
15.5519999999912,1.16667190373059,1.16666142960275,1.04741278383891e-05
15.5555999999912,1.16667189117671,1.16666144215662,1.04490200960594e-05
15.5591999999912,1.16667187865294,1.1666614546804,1.04239725400301e-05
15.5627999999912,1.16667186615918,1.16666146717415,1.03989850259723e-05
15.5663999999912,1.16667185369537,1.16666147963796,1.03740574100009e-05
15.5699999999912,1.16667184126144,1.16666149207189,1.03491895486751e-05
15.5735999999912,1.16667182885732,1.16666150447602,1.03243812983322e-05
15.5771999999912,1.16667181648292,1.16666151685041,1.02996325164195e-05
15.5807999999912,1.1666718041382,1.16666152919514,1.02749430601623e-05
15.5843999999912,1.16667179182306,1.16666154151027,1.02503127876741e-05
15.5879999999912,1.16667177953745,1.16666155379589,1.02257415570683e-05
15.5915999999912,1.16667176728128,1.16666156605205,1.02012292264586e-05
15.5951999999912,1.16667175505449,1.16666157827884,1.01767756548465e-05
15.5987999999912,1.16667174285702,1.16666159047632,1.01523807014559e-05
15.6023999999912,1.16667173068878,1.16666160264455,1.01280442255103e-05
15.6059999999912,1.16667171854971,1.16666161478362,1.01037660871217e-05
15.6095999999912,1.16667170643974,1.16666162689359,1.00795461464021e-05
15.6131999999912,1.1666716943588,1.16666163897453,1.00553842636852e-05
15.6167999999912,1.16667168230682,1.16666165102652,1.00312802999714e-05
15.6203999999912,1.16667167028372,1.16666166304961,1.00072341162605e-05
15.6239999999912,1.16667165828945,1.16666167504388,9.98324557444086e-06
15.6275999999912,1.16667164632393,1.1666616870094,9.95931453573462e-06
15.6311999999912,1.1666716343871,1.16666169894624,9.93544086269615e-06
15.6347999999911,1.16667162247888,1.16666171085446,9.9116244176578e-06
15.6383999999911,1.1666716105992,1.16666172273413,9.88786506361805e-06
15.6419999999911,1.166671598748,1.16666173458533,9.86416266357537e-06
15.6455999999911,1.16667158692521,1.16666174640813,9.84051708097233e-06
15.6491999999911,1.16667157513076,1.16666175820258,9.81692817947355e-06
15.6527999999911,1.16667156336458,1.16666176996875,9.79339582385386e-06
15.6563999999911,1.16667155162661,1.16666178170673,9.76991987777787e-06
15.6599999999911,1.16667153991677,1.16666179341656,9.7465002064645e-06
15.6635999999911,1.166671528235,1.16666180509833,9.72313667491065e-06
15.6671999999911,1.16667151658124,1.16666181675209,9.69982914855727e-06
15.6707999999911,1.16667150495541,1.16666182837792,9.67657749306738e-06
15.6743999999911,1.16667149335745,1.16666183997588,9.65338157454809e-06
15.6779999999911,1.1666714817873,1.16666185154604,9.63024125955059e-06
15.6815999999911,1.16667147024487,1.16666186308846,9.60715641462606e-06
15.6851999999911,1.16667145873012,1.16666187460321,9.5841269067698e-06
15.6887999999911,1.16667144724297,1.16666188609036,9.56115260364321e-06
15.6923999999911,1.16667143578335,1.16666189754998,9.53823337246362e-06
15.6959999999911,1.16667142435121,1.16666190898213,9.51536908155859e-06
15.6995999999911,1.16667141294647,1.16666192038687,9.49255959903361e-06
15.7031999999911,1.16667140156906,1.16666193176427,9.46980479343829e-06
15.7067999999911,1.16667139021893,1.1666619431144,9.44710453398834e-06
15.7103999999911,1.16667137889601,1.16666195443732,9.4244586898995e-06
15.7139999999911,1.16667136760023,1.1666619657331,9.40186713038749e-06
15.7175999999911,1.16667135633153,1.1666619770018,9.37932972577826e-06
15.7211999999911,1.16667134508984,1.16666198824349,9.35684634595368e-06
15.7247999999911,1.1666713338751,1.16666199945824,9.33441686146175e-06
15.7283999999911,1.16667132268724,1.1666620106461,9.31204114285045e-06
15.7319999999911,1.1666713115262,1.16666202180714,9.28971906200005e-06
15.7355999999911,1.16667130039191,1.16666203294142,9.26745048968058e-06
15.7391999999911,1.16667128928432,1.16666204404902,9.24523529777233e-06
15.7427999999911,1.16667127820335,1.16666205512999,9.22307335837758e-06
15.7463999999911,1.16667126714894,1.16666206618439,9.20096454382069e-06
15.7499999999911,1.16667125612103,1.1666620772123,9.17890872664806e-06
15.7535999999911,1.16667124511956,1.16666208821378,9.15690578007222e-06
15.7571999999911,1.16667123414446,1.16666209918888,9.13495557708366e-06
15.7607999999911,1.16667122319566,1.16666211013767,9.11305799111695e-06
15.7643999999911,1.16667121227311,1.16666212106022,9.09121289671688e-06
15.7679999999911,1.16667120137675,1.16666213195658,9.06942016754009e-06
15.7715999999911,1.16667119050651,1.16666214282683,9.04767967813136e-06
15.7751999999911,1.16667117966232,1.16666215367102,9.0259913030355e-06
15.7787999999911,1.16667116884413,1.16666216448921,9.00435491790752e-06
15.7823999999911,1.16667115805187,1.16666217528147,8.98277039751427e-06
15.7859999999911,1.16667114728548,1.16666218604786,8.96123761795486e-06
15.7895999999911,1.16667113654489,1.16666219678844,8.93975645510636e-06
15.7931999999911,1.16667112583006,1.16666220750327,8.91832678528992e-06
15.7967999999911,1.16667111514091,1.16666221819242,8.89694848460465e-06
15.8003999999911,1.16667110447738,1.16666222885595,8.87562143048193e-06
15.8039999999911,1.16667109383942,1.16666223949392,8.85434549990904e-06
15.8075999999911,1.16667108322695,1.16666225010638,8.83312057031738e-06
15.8111999999911,1.16667107263993,1.16666226069341,8.8119465191383e-06
15.814799999991,1.16667106207828,1.16666227125505,8.79082322491342e-06
15.818399999991,1.16667105154195,1.16666228179138,8.76975056574025e-06
15.821999999991,1.16667104103088,1.16666229230246,8.74872842038243e-06
15.825599999991,1.166671030545,1.16666230278833,8.72775666738157e-06
15.829199999991,1.16667102008426,1.16666231324907,8.70683518638948e-06
15.832799999991,1.1666710096486,1.16666232368474,8.68596385661391e-06
15.836399999991,1.16667099923795,1.16666233409539,8.66514255792872e-06
15.839999999991,1.16667098885225,1.16666234448108,8.64437117042982e-06
15.843599999991,1.16667097849145,1.16666235484188,8.62364957465722e-06
15.847199999991,1.16667096815549,1.16666236517784,8.60297765048479e-06
15.850799999991,1.16667095784431,1.16666237548903,8.58235527978479e-06
15.854399999991,1.16667094755784,1.16666238577549,8.56178234331928e-06
15.857999999991,1.16667093729603,1.16666239603731,8.54125872273848e-06
15.861599999991,1.16667092705882,1.16666240627452,8.52078429969261e-06
15.865199999991,1.16667091684614,1.16666241648719,8.50035895605394e-06
15.868799999991,1.16667090665795,1.16666242667538,8.47998257458293e-06
15.872399999991,1.16667089649419,1.16666243683915,8.45965503781798e-06
15.875999999991,1.16667088635478,1.16666244697855,8.43937622874158e-06
15.879599999991,1.16667087623968,1.16666245709365,8.41914603011418e-06
15.883199999991,1.16667086614883,1.1666624671845,8.39896432580645e-06
15.886799999991,1.16667085608217,1.16666247725117,8.37883099946701e-06
15.890399999991,1.16667084603963,1.1666624872937,8.35874593496655e-06
15.893999999991,1.16667083602118,1.16666249731216,8.33870901684186e-06
15.897599999991,1.16667082602673,1.1666625073066,8.3187201298518e-06
15.901199999991,1.16667081605625,1.16666251727709,8.29877915831112e-06
15.904799999991,1.16667080610966,1.16666252722367,8.2788859880889e-06
15.908399999991,1.16667079618692,1.16666253714641,8.25904050394399e-06
15.911999999991,1.16667078628796,1.16666254704537,8.23924259174547e-06
15.915599999991,1.16667077641274,1.1666625569206,8.21949213758444e-06
15.919199999991,1.16667076656118,1.16666256677215,8.19978902755203e-06
15.922799999991,1.16667075673324,1.16666257660009,8.18013314818344e-06
15.926399999991,1.16667074692886,1.16666258640447,8.16052438668002e-06
15.929999999991,1.16667073714798,1.16666259618535,8.14096262935493e-06
15.933599999991,1.16667072739055,1.16666260594278,8.1214477638536e-06
15.937199999991,1.16667071765651,1.16666261567683,8.10197967804349e-06
15.940799999991,1.1666707079458,1.16666262538754,8.08255825957005e-06
15.944399999991,1.16667069825837,1.16666263507497,8.06318339652279e-06
15.947999999991,1.16667068859416,1.16666264473918,8.04385497743532e-06
15.951599999991,1.16667067895311,1.16666265438022,8.02457289084124e-06
15.955199999991,1.16667066933518,1.16666266399815,8.00533702549622e-06
15.958799999991,1.1666706597403,1.16666267359303,7.98614727126612e-06
15.962399999991,1.16667065016842,1.16666268316491,7.96700351668456e-06
15.965999999991,1.16667064061949,1.16666269271384,7.94790565228354e-06
15.969599999991,1.16667063109345,1.16666270223988,7.92885356770689e-06
15.973199999991,1.16667062159024,1.16666271174309,7.90984715326459e-06
15.976799999991,1.16667061210982,1.16666272122352,7.89088629948864e-06
15.980399999991,1.16667060265212,1.16666273068122,7.8719708971331e-06
15.983999999991,1.16667059321709,1.16666274011625,7.85310083717405e-06
15.9875999999909,1.16667058380467,1.16666274952866,7.83427601125375e-06
15.9911999999909,1.16667057441482,1.16666275891851,7.81549631057032e-06
15.9947999999909,1.16667056504748,1.16666276828585,7.79676162676601e-06
15.9983999999909,1.16667055570259,1.16666277763074,7.77807185259327e-06
16.0019999999909,1.16667054638011,1.16666278695323,7.75942687991638e-06
16.0055999999909,1.16667053707997,1.16666279625337,7.74082660170983e-06
16.0091999999909,1.16667052780212,1.16666280553121,7.72227091050404e-06
16.0127999999909,1.16667051854652,1.16666281478682,7.70375969949555e-06
16.0163999999909,1.1666705093131,1.16666282402024,7.68529286188091e-06
16.0199999999909,1.16667050010181,1.16666283323152,7.66687029174484e-06
16.0235999999909,1.16667049091261,1.16666284242073,7.64849188272798e-06
16.0271999999909,1.16667048174543,1.1666628515879,7.63015752891505e-06
16.0307999999909,1.16667047260023,1.1666628607331,7.61186712483486e-06
16.0343999999909,1.16667046347695,1.16666286985638,7.59362056479418e-06
16.0379999999909,1.16667045437554,1.16666287895779,7.57541774398796e-06
16.0415999999909,1.16667044529595,1.16666288803739,7.55725855761114e-06
16.0451999999909,1.16667043623812,1.16666289709522,7.53914290108071e-06
16.0487999999909,1.166670427202,1.16666290613133,7.52107067003571e-06
16.0523999999909,1.16667041818755,1.16666291514579,7.50304176011518e-06
16.0559999999909,1.1666704091947,1.16666292413863,7.48505606762428e-06
16.0595999999909,1.16667040022341,1.16666293310992,7.46711348886819e-06
16.0631999999909,1.16667039127363,1.16666294205971,7.44921392081821e-06
16.0667999999909,1.1666703823453,1.16666295098804,7.43135726000155e-06
16.0703999999909,1.16667037343837,1.16666295989496,7.41354340405564e-06
16.0739999999909,1.16667036455279,1.16666296878054,7.3957722499518e-06
16.0775999999909,1.16667035568851,1.16666297764482,7.37804369532746e-06
16.0811999999909,1.16667034684549,1.16666298648785,7.36035763826415e-06
16.0847999999909,1.16667033802365,1.16666299530968,7.34271397662134e-06
16.0883999999909,1.16667032922297,1.16666300411036,7.3251126091467e-06
16.0919999999909,1.16667032044338,1.16666301288995,7.3075534341438e-06
16.0955999999909,1.16667031168484,1.16666302164849,7.29003635080439e-06
16.0991999999909,1.1666703029473,1.16666303038604,7.27256125787612e-06
16.1027999999909,1.16667029423069,1.16666303910264,7.2551280547728e-06
16.1063999999909,1.16667028553499,1.16666304779835,7.2377366413523e-06
16.1099999999909,1.16667027686013,1.16666305647321,7.22038691702842e-06
16.1135999999909,1.16667026820606,1.16666306512728,7.20307878210313e-06
16.1171999999909,1.16667025957274,1.1666630737606,7.18581213710046e-06
16.1207999999909,1.16667025096011,1.16666308237323,7.16858688210031e-06
16.1243999999909,1.16667024236813,1.16666309096521,7.15140291807081e-06
16.1279999999909,1.16667023379674,1.16666309953659,7.13426014620211e-06
16.1315999999909,1.1666702252459,1.16666310808743,7.11715846724026e-06
16.1351999999909,1.16667021671556,1.16666311661777,7.10009778348564e-06
16.1387999999909,1.16667020820566,1.16666312512767,7.0830779961284e-06
16.1423999999909,1.16667019971617,1.16666313361716,7.06609900724686e-06
16.1459999999909,1.16667019124703,1.16666314208631,7.04916071891937e-06
16.1495999999909,1.16667018279818,1.16666315053515,7.03226303389037e-06
16.1531999999909,1.16667017436959,1.16666315896374,7.01540585446025e-06
16.1567999999909,1.16667016596121,1.16666316737212,6.99858908381756e-06
16.1603999999909,1.16667015757298,1.16666317576035,6.98181262492881e-06
16.1639999999908,1.16667014920486,1.16666318412848,6.96507638120458e-06
16.1675999999908,1.16667014085679,1.16666319247654,6.94838025627753e-06
16.1711999999908,1.16667013252874,1.16666320080459,6.93172415400234e-06
16.1747999999908,1.16667012422066,1.16666320911268,6.91510797845574e-06
16.1783999999908,1.16667011593248,1.16666321740085,6.8985316339365e-06
16.1819999999908,1.16667010766418,1.16666322566915,6.8819950247434e-06
16.1855999999908,1.16667009941569,1.16666323391764,6.86549805584136e-06
16.1891999999908,1.16667009118698,1.16666324214635,6.84904063219527e-06
16.1927999999908,1.166670082978,1.16666325035534,6.83262265899209e-06
16.1963999999908,1.16667007478869,1.16666325854465,6.81624404141878e-06
16.1999999999908,1.16667006661901,1.16666326671432,6.79990468555047e-06
16.2035999999908,1.16667005846892,1.16666327486442,6.7836044970182e-06
16.2071999999908,1.16667005033836,1.16666328299498,6.76734338189711e-06
16.2107999999908,1.16667004222729,1.16666329110604,6.75112124692845e-06
16.2143999999908,1.16667003413567,1.16666329919767,6.73493799818736e-06
16.2179999999908,1.16667002606344,1.1666633072699,6.71879354263716e-06
16.2215999999908,1.16667001801056,1.16666331532277,6.70268778724115e-06
16.2251999999908,1.16667000997699,1.16666332335635,6.68662063918468e-06
16.2287999999908,1.16667000196267,1.16666333137066,6.67059200631925e-06
16.2323999999908,1.16666999396756,1.16666333936577,6.65460179583022e-06
16.2359999999908,1.16666998599162,1.16666334734171,6.63864991579111e-06
16.2395999999908,1.1666699780348,1.16666335529853,6.62273627427545e-06
16.2431999999908,1.16666997009706,1.16666336323628,6.60686077957884e-06
16.2467999999908,1.16666996217834,1.166663371155,6.59102334066297e-06
16.2503999999908,1.1666699542786,1.16666337905473,6.57522386582343e-06
16.2539999999908,1.1666699463978,1.16666338693553,6.55946226402193e-06
16.2575999999908,1.16666993853589,1.16666339479744,6.54373844488632e-06
16.2611999999908,1.16666993069283,1.16666340264051,6.52805231760034e-06
16.2647999999908,1.16666992286856,1.16666341046477,6.5124037920139e-06
16.2683999999908,1.16666991506306,1.16666341827028,6.49679277753279e-06
16.2719999999908,1.16666990727626,1.16666342605707,6.48121918467304e-06
16.2755999999908,1.16666989950813,1.1666634338252,6.46568292350658e-06
16.2791999999908,1.16666989175862,1.16666344157471,6.45018390454943e-06
16.2827999999908,1.16666988402769,1.16666344930565,6.43472203876172e-06
16.2863999999908,1.16666987631529,1.16666345701805,6.4192972368815e-06
16.2899999999908,1.16666986862137,1.16666346471196,6.40390941009095e-06
16.2935999999908,1.1666698609459,1.16666347238743,6.38855846979425e-06
16.2971999999908,1.16666985328883,1.1666634800445,6.37324432761766e-06
16.3007999999908,1.16666984565011,1.16666348768322,6.35796689518742e-06
16.3043999999908,1.16666983802971,1.16666349530362,6.34272608457387e-06
16.3079999999908,1.16666983042757,1.16666350290576,6.32752180806939e-06
16.3115999999908,1.16666982284366,1.16666351048968,6.31235397796637e-06
16.3151999999908,1.16666981527792,1.16666351805541,6.29722250700127e-06
16.3187999999908,1.16666980773032,1.16666352560301,6.28212730791056e-06
16.3223999999908,1.16666980020081,1.16666353313252,6.2670682938748e-06
16.3259999999908,1.16666979268936,1.16666354064398,6.25204537807456e-06
16.3295999999908,1.1666697851959,1.16666354813743,6.23705847435652e-06
16.3331999999908,1.16666977772041,1.16666355561292,6.2221074956792e-06
16.3367999999908,1.16666977026284,1.16666356307049,6.20719235633338e-06
16.3403999999908,1.16666976282315,1.16666357051018,6.1923129703878e-06
16.3439999999907,1.16666975540129,1.16666357793204,6.17746925213325e-06
16.3475999999907,1.16666974799722,1.16666358533611,6.16266111608255e-06
16.3511999999907,1.16666974061091,1.16666359272243,6.14788847674852e-06
16.3547999999907,1.16666973324229,1.16666360009104,6.13315124931013e-06
16.3583999999907,1.16666972589134,1.16666360744199,6.11844934894634e-06
16.3619999999907,1.16666971855801,1.16666361477532,6.10378269061407e-06
16.3655999999907,1.16666971124226,1.16666362209107,6.0891511901584e-06
16.3691999999907,1.16666970394405,1.16666362938929,6.07455476298036e-06
16.3727999999907,1.16666969666333,1.16666363667,6.05999332514706e-06
16.3763999999907,1.16666968940006,1.16666364393327,6.04546679316975e-06
16.3799999999907,1.16666968215421,1.16666365117913,6.03097508267147e-06
16.3835999999907,1.16666967492572,1.16666365840761,6.01651811060755e-06
16.3871999999907,1.16666966771456,1.16666366561877,6.00209579393329e-06
16.3907999999907,1.16666966052069,1.16666367281264,5.98770804893789e-06
16.3943999999907,1.16666965334406,1.16666367998927,5.97335479324279e-06
16.3979999999907,1.16666964618464,1.16666368714869,5.95903594402536e-06
16.4015999999907,1.16666963904238,1.16666369429096,5.94475141890705e-06
16.4051999999907,1.16666963191723,1.1666637014161,5.93050113528726e-06
16.4087999999907,1.16666962480917,1.16666370852416,5.91628501145358e-06
16.4123999999907,1.16666961771815,1.16666371561518,5.90210296524951e-06
16.4159999999907,1.16666961064412,1.16666372268921,5.88795491540672e-06
16.4195999999907,1.16666960358706,1.16666372974628,5.87384077976871e-06
16.4231999999907,1.16666959654691,1.16666373678643,5.85976047751124e-06
16.4267999999907,1.16666958952363,1.1666637438097,5.84571392758804e-06
16.4303999999907,1.16666958251719,1.16666375081614,5.83170104873076e-06
16.4339999999907,1.16666957552755,1.16666375780579,5.81772176055928e-06
16.4375999999907,1.16666956855466,1.16666376477868,5.80377598247139e-06
16.4411999999907,1.16666956159848,1.16666377173485,5.78986363386491e-06
16.4447999999907,1.16666955465898,1.16666377867435,5.77598463524787e-06
16.4483999999907,1.16666954773612,1.16666378559721,5.76213890579602e-06
16.4519999999907,1.16666954082985,1.16666379250348,5.74832636623945e-06
16.4555999999907,1.16666953394014,1.1666637993932,5.73454693730824e-06
16.4591999999907,1.16666952706694,1.1666638062664,5.72080053906632e-06
16.4627999999907,1.16666952021021,1.16666381312312,5.70708709268786e-06
16.4663999999907,1.16666951336993,1.16666381996341,5.69340651912498e-06
16.4699999999907,1.16666950654604,1.1666638267873,5.67975873955184e-06
16.4735999999907,1.1666694997385,1.16666383359483,5.66614367536467e-06
16.4771999999907,1.16666949294729,1.16666384038604,5.6525612481817e-06
16.4807999999907,1.16666948617236,1.16666384716098,5.63901137939915e-06
16.4843999999907,1.16666947941366,1.16666385391967,5.62549399130141e-06
16.4879999999907,1.16666947267117,1.16666386066216,5.61200900617287e-06
16.4915999999907,1.16666946594484,1.16666386738849,5.59855634629791e-06
16.4951999999907,1.16666945923463,1.1666638740987,5.58513593396093e-06
16.4987999999907,1.16666945254051,1.16666388079282,5.57174769189039e-06
16.5023999999907,1.16666944586244,1.1666638874709,5.55839154303683e-06
16.5059999999907,1.16666943920037,1.16666389413296,5.54506741035077e-06
16.5095999999907,1.16666943255428,1.16666390077906,5.53177521744885e-06
16.5131999999907,1.16666942592411,1.16666390740922,5.51851488750366e-06
16.5167999999906,1.16666941930984,1.16666391402349,5.50528634413183e-06
16.5203999999906,1.16666941271142,1.16666392062191,5.49208951117208e-06
16.5239999999906,1.16666940612882,1.16666392720451,5.47892431246311e-06
16.5275999999906,1.166669399562,1.16666393377133,5.46579067250974e-06
16.5311999999906,1.16666939301092,1.16666394032241,5.45268851537273e-06
16.5347999999906,1.16666938647555,1.16666394685778,5.43961776577895e-06
16.5383999999906,1.16666937995584,1.16666395337749,5.42657834823324e-06
16.5419999999906,1.16666937345176,1.16666395988157,5.41357018768451e-06
16.5455999999906,1.16666936696327,1.16666396637006,5.40059320930375e-06
16.5491999999906,1.16666936049034,1.166663972843,5.38764733826191e-06
16.5527999999906,1.16666935403292,1.16666397930042,5.37473250017406e-06
16.5563999999906,1.16666934759098,1.16666398574236,5.36184862043321e-06
16.5599999999906,1.16666934116448,1.16666399216885,5.34899562487645e-06
16.5635999999906,1.16666933475339,1.16666399857995,5.3361734393409e-06
16.5671999999906,1.16666932835766,1.16666400497567,5.32338199032978e-06
16.5707999999906,1.16666932197727,1.16666401135606,5.31062120390224e-06
16.5743999999906,1.16666931561217,1.16666401772116,5.29789100656153e-06
16.5779999999906,1.16666930926233,1.166664024071,5.28519132525496e-06
16.5815999999906,1.16666930292771,1.16666403040562,5.27252208648576e-06
16.5851999999906,1.16666929660828,1.16666403672506,5.25988321720128e-06
16.5887999999906,1.16666929030399,1.16666404302934,5.24727464501495e-06
16.5923999999906,1.16666928401482,1.16666404931852,5.23469629709616e-06
16.5959999999906,1.16666927774072,1.16666405559262,5.22214810083632e-06
16.5995999999906,1.16666927148166,1.16666406185167,5.20962998429297e-06
16.6031999999906,1.1666692652376,1.16666406809573,5.19714187485754e-06
16.6067999999906,1.16666925900852,1.16666407432482,5.18468370125369e-06
16.6103999999906,1.16666925279436,1.16666408053897,5.17225539131694e-06
16.6139999999906,1.1666692465951,1.16666408673823,5.15985687354892e-06
16.6175999999906,1.1666692404107,1.16666409292263,5.14748807645127e-06
16.6211999999906,1.16666923424113,1.1666640990922,5.13514892896971e-06
16.6247999999906,1.16666922808635,1.16666410524699,5.12283935960589e-06
16.6283999999906,1.16666922194632,1.16666411138702,5.11055929774962e-06
16.6319999999906,1.166669215821,1.16666411751233,5.09830867301275e-06
16.6355999999906,1.16666920971037,1.16666412362296,5.08608741434102e-06
16.6391999999906,1.16666920361439,1.16666412971894,5.07389545156833e-06
16.6427999999906,1.16666919753302,1.16666413580031,5.0617327140845e-06
16.6463999999906,1.16666919146623,1.1666641418671,5.0495991326116e-06
16.6499999999906,1.16666918541399,1.16666414791935,5.03749463653946e-06
16.6535999999906,1.16666917937624,1.16666415395709,5.02541915636812e-06
16.6571999999906,1.16666917335298,1.16666415998036,5.0133726225976e-06
16.6607999999906,1.16666916734415,1.16666416598918,5.00135496572796e-06
16.6643999999906,1.16666916134973,1.16666417198361,4.98936611692535e-06
16.6679999999906,1.16666915536967,1.16666417796366,4.97740600646779e-06
16.6715999999906,1.16666914940395,1.16666418392938,4.96547456596552e-06
16.6751999999906,1.16666914345253,1.1666641898808,4.95357172680677e-06
16.6787999999906,1.16666913751538,1.16666419581796,4.94169741993566e-06
16.6823999999906,1.16666913159246,1.16666420174088,4.92985157696246e-06
16.6859999999906,1.16666912568373,1.1666642076496,4.91803413038561e-06
16.6895999999906,1.16666911978917,1.16666421354416,4.90624501137127e-06
16.6931999999906,1.16666911390874,1.16666421942459,4.89448415241789e-06
16.6967999999905,1.16666910804241,1.16666422529092,4.88275148557982e-06
16.7003999999905,1.16666910219014,1.16666423114319,4.87104694335549e-06
16.7039999999905,1.1666690963519,1.16666423698144,4.85937045824336e-06
16.7075999999905,1.16666909052765,1.16666424280569,4.84772196318595e-06
16.7111999999905,1.16666908471736,1.16666424861597,4.83610139090374e-06
16.7147999999905,1.166669078921,1.16666425441233,4.8245086745613e-06
16.7183999999905,1.16666907313854,1.16666426019479,4.81294374732322e-06
16.7219999999905,1.16666906736994,1.1666642659634,4.8014065425761e-06
16.7255999999905,1.16666906161516,1.16666427171817,4.78989699392862e-06
16.7291999999905,1.16666905587418,1.16666427745915,4.77841503521148e-06
16.7327999999905,1.16666905014697,1.16666428318637,4.7669605998113e-06
16.7363999999905,1.16666904443348,1.16666428889986,4.75553362222492e-06
16.7399999999905,1.16666903873369,1.16666429459965,4.74413403672713e-06
16.7435999999905,1.16666903304756,1.16666430028578,4.73276177714865e-06
16.7471999999905,1.16666902737506,1.16666430595828,4.72141677820836e-06
16.7507999999905,1.16666902171615,1.16666431161718,4.71009897462515e-06
16.7543999999905,1.16666901607082,1.16666431726252,4.69880830133995e-06
16.7579999999905,1.16666901043901,1.16666432289432,4.6875446928496e-06
16.7615999999905,1.16666900482071,1.16666432851262,4.67630808453912e-06
16.7651999999905,1.16666899921587,1.16666433411746,4.66509841201557e-06
16.7687999999905,1.16666899362447,1.16666433970886,4.65391561021988e-06
16.7723999999905,1.16666898804647,1.16666434528686,4.64275961520322e-06
16.7759999999905,1.16666898248185,1.16666435085149,4.63163036212855e-06
16.7795999999905,1.16666897693056,1.16666435640277,4.62052778726907e-06
16.7831999999905,1.16666897139258,1.16666436194075,4.60945182712003e-06
16.7867999999905,1.16666896586788,1.16666436746546,4.59840241684439e-06
16.7903999999905,1.16666896035641,1.16666437297692,4.5873794933815e-06
16.7939999999905,1.16666895485816,1.16666437847517,4.5763829932266e-06
16.7975999999905,1.16666894937309,1.16666438396024,4.56541285309697e-06
16.8011999999905,1.16666894390117,1.16666438943216,4.5544690097099e-06
16.8047999999905,1.16666893844237,1.16666439489097,4.54355140000473e-06
16.8083999999905,1.16666893299665,1.16666440033669,4.53265996092078e-06
16.8119999999905,1.16666892756398,1.16666440576935,4.52179463006352e-06
16.8155999999905,1.16666892214434,1.16666441118899,4.51095534459434e-06
16.8191999999905,1.16666891673769,1.16666441659565,4.50014204234073e-06
16.8227999999905,1.166668911344,1.16666442198934,4.48935466113021e-06
16.8263999999905,1.16666890596324,1.1666644273701,4.47859313812415e-06
16.8299999999905,1.16666890059537,1.16666443273796,4.46785741203826e-06
16.8335999999905,1.16666889524038,1.16666443809296,4.45714742070003e-06
16.8371999999905,1.16666888989822,1.16666444343512,4.44646310238106e-06
16.8407999999905,1.16666888456886,1.16666444876447,4.43580439579705e-06
16.8443999999905,1.16666887925229,1.16666445408105,4.42517123944164e-06
16.8479999999905,1.16666887394845,1.16666445938488,4.41456357180847e-06
16.8515999999905,1.16666886865733,1.166664464676,4.40398133227937e-06
16.8551999999905,1.1666688633789,1.16666446995444,4.39342445957003e-06
16.8587999999905,1.16666885811311,1.16666447522022,4.38289289306226e-06
16.8623999999905,1.16666885285995,1.16666448047338,4.37238657191585e-06
16.8659999999905,1.16666884761938,1.16666448571395,4.36190543529058e-06
16.8695999999905,1.16666884239138,1.16666449094195,4.35144942367849e-06
16.8731999999904,1.1666688371759,1.16666449615743,4.34101847623936e-06
16.8767999999904,1.16666883197293,1.1666645013604,4.33061253324318e-06
16.8803999999904,1.16666882678243,1.1666645065509,4.32023153429384e-06
16.8839999999904,1.16666882160438,1.16666451172896,4.30987541988337e-06
16.8875999999904,1.16666881643873,1.1666645168946,4.29954413028177e-06
16.8911999999904,1.16666881128547,1.16666452204786,4.2892376059811e-06
16.8947999999904,1.16666880614456,1.16666452718877,4.27895578769544e-06
16.8983999999904,1.16666880101597,1.16666453231736,4.26869861613888e-06
16.9019999999904,1.16666879589968,1.16666453743365,4.2584660324696e-06
16.9055999999904,1.16666879079566,1.16666454253768,4.24825797740169e-06
16.9091999999904,1.16666878570386,1.16666454762947,4.23807439209334e-06
16.9127999999904,1.16666878062428,1.16666455270906,4.22791521836885e-06
16.9163999999904,1.16666877555687,1.16666455777647,4.21778039716436e-06
16.9199999999904,1.1666687705016,1.16666456283173,4.20766987052623e-06
16.9235999999904,1.16666876545846,1.16666456787488,4.19758357983468e-06
16.9271999999904,1.1666687604274,1.16666457290593,4.18752146735812e-06
16.9307999999904,1.1666687554084,1.16666457792493,4.17748347492086e-06
16.9343999999904,1.16666875040144,1.16666458293189,4.1674695447913e-06
16.9379999999904,1.16666874540648,1.16666458792686,4.15747961923785e-06
16.9415999999904,1.16666874042349,1.16666459290985,4.1475136405289e-06
16.9451999999904,1.16666873545244,1.16666459788089,4.13757155182104e-06
16.9487999999904,1.16666873049331,1.16666460284002,4.12765329538267e-06
16.9523999999904,1.16666872554607,1.16666460778726,4.11775881392629e-06
16.9559999999904,1.16666872061069,1.16666461272264,4.10788805105256e-06
16.9595999999904,1.16666871568714,1.16666461764619,4.09804094925192e-06
16.9631999999904,1.16666871077539,1.16666462255794,4.08821745234711e-06
16.9667999999904,1.16666870587542,1.16666462745791,4.07841750349469e-06
16.9703999999904,1.16666870098719,1.16666463234614,4.06864104651739e-06
16.9739999999904,1.16666869611068,1.16666463722265,4.05888802457177e-06
16.9775999999904,1.16666869124586,1.16666464208748,4.04915838192466e-06
16.9811999999904,1.1666686863927,1.16666464694064,4.03945206239875e-06
16.9847999999904,1.16666868155117,1.16666465178216,4.02976901003882e-06
16.9883999999904,1.16666867672125,1.16666465661208,4.02010916933371e-06
16.9919999999904,1.16666867190291,1.16666466143042,4.01047248410613e-06
16.9955999999904,1.16666866709612,1.16666466623722,4.00085889928903e-06
16.9991999999904,1.16666866230085,1.16666467103249,3.99126835937125e-06
17.0027999999904,1.16666865751707,1.16666467581626,3.98170080928573e-06
17.0063999999904,1.16666865274476,1.16666468058857,3.97215619352131e-06
17.0099999999904,1.1666686479839,1.16666468534944,3.96263445767708e-06
17.0135999999904,1.16666864323444,1.16666469009889,3.95313554624188e-06
17.0171999999904,1.16666863849637,1.16666469483696,3.94365940503683e-06
17.0207999999904,1.16666863376966,1.16666469956368,3.93420597899485e-06
17.0243999999904,1.16666862905427,1.16666470427906,3.92477521438117e-06
17.0279999999904,1.16666862435019,1.16666470898314,3.91536705635076e-06
17.0315999999904,1.16666861965739,1.16666471367594,3.90598145050269e-06
17.0351999999904,1.16666861497584,1.16666471835749,3.89661834332422e-06
17.0387999999904,1.16666861030551,1.16666472302783,3.88727768041441e-06
17.0423999999904,1.16666860564637,1.16666472768696,3.87795940848257e-06
17.0459999999904,1.1666686009984,1.16666473233493,3.8686634733498e-06
17.0495999999903,1.16666859636158,1.16666473697176,3.85938982194745e-06
17.0531999999903,1.16666859173587,1.16666474159747,3.85013840031867e-06
17.0567999999903,1.16666858712124,1.16666474621209,3.8409091558389e-06
17.0603999999903,1.16666858251768,1.16666475081565,3.8317020345513e-06
17.0639999999903,1.16666857792516,1.16666475540817,3.82251698383129e-06
17.0675999999903,1.16666857334364,1.16666475998969,3.81335395105431e-06
17.0711999999903,1.16666856877311,1.16666476456023,3.80421288315169e-06
17.0747999999903,1.16666856421353,1.1666647691198,3.79509372727682e-06
17.0783999999903,1.16666855966488,1.16666477366845,3.78599643124922e-06
17.0819999999903,1.16666855512714,1.1666647782062,3.77692094244431e-06
17.0855999999903,1.16666855060027,1.16666478273306,3.76786720868161e-06
17.0891999999903,1.16666854608426,1.16666478724908,3.75883517800268e-06
17.0927999999903,1.16666854157907,1.16666479175427,3.74982479800501e-06
17.0963999999903,1.16666853708468,1.16666479624866,3.74083601695219e-06
17.0999999999903,1.16666853260106,1.16666480073228,3.73186878310783e-06
17.1035999999903,1.16666852812819,1.16666480520514,3.72292304473554e-06
17.1071999999903,1.16666852366604,1.16666480966729,3.71399875054301e-06
17.1107999999903,1.16666851921459,1.16666481411874,3.70509584879386e-06
17.1143999999903,1.16666851477381,1.16666481855952,3.69621428863987e-06
17.1179999999903,1.16666851034368,1.16666482298966,3.68735401834464e-06
17.1215999999903,1.16666850592416,1.16666482740917,3.678514987282e-06
17.1251999999903,1.16666850151524,1.16666483181809,3.6696971443817e-06
17.1287999999903,1.16666849711689,1.16666483621645,3.66090043901757e-06
17.1323999999903,1.16666849272908,1.16666484060426,3.65212482034138e-06
17.1359999999903,1.16666848835179,1.16666484498155,3.64337023794903e-06
17.1395999999903,1.16666848398499,1.16666484934835,3.63463664143637e-06
17.1431999999903,1.16666847962866,1.16666485370468,3.6259239799552e-06
17.1467999999903,1.16666847528277,1.16666485805056,3.61723220421162e-06
17.1503999999903,1.1666684709473,1.16666486238603,3.60856126380149e-06
17.1539999999903,1.16666846662222,1.16666486671111,3.59991110809865e-06
17.1575999999903,1.16666846230751,1.16666487102582,3.59128168825329e-06
17.1611999999903,1.16666845800314,1.16666487533019,3.58267295408332e-06
17.1647999999903,1.16666845370909,1.16666487962424,3.57408485629485e-06
17.1683999999903,1.16666844942534,1.16666488390799,3.56551734514987e-06
17.1719999999903,1.16666844515185,1.16666488818148,3.55697037091041e-06
17.1755999999903,1.16666844088861,1.16666489244472,3.54844388517073e-06
17.1791999999903,1.16666843663559,1.16666489669775,3.53993783863693e-06
17.1827999999903,1.16666843239276,1.16666490094058,3.53145218157103e-06
17.1863999999903,1.1666684281601,1.16666490517323,3.52298686601138e-06
17.1899999999903,1.16666842393759,1.16666490939575,3.51454184266409e-06
17.1935999999903,1.1666684197252,1.16666491360814,3.50611706312343e-06
17.1971999999903,1.16666841552291,1.16666491781043,3.49771247876163e-06
17.2007999999903,1.16666841133069,1.16666492200265,3.48932804139501e-06
17.2043999999903,1.16666840714852,1.16666492618482,3.48096370239581e-06
17.2079999999903,1.16666840297637,1.16666493035696,3.47261941358035e-06
17.2115999999903,1.16666839881423,1.1666649345191,3.46429512720903e-06
17.2151999999903,1.16666839466206,1.16666493867127,3.45599079509817e-06
17.2187999999903,1.16666839051985,1.16666494281348,3.44770636928615e-06
17.2223999999903,1.16666838638757,1.16666494694577,3.43944180247746e-06
17.2259999999903,1.16666838226519,1.16666495106814,3.43119704671047e-06
17.2295999999902,1.16666837815269,1.16666495518064,3.42297205468967e-06
17.2331999999902,1.16666837405006,1.16666495928328,3.41476677889752e-06
17.2367999999902,1.16666836995725,1.16666496337608,3.40658117226056e-06
17.2403999999902,1.16666836587426,1.16666496745907,3.39841518726125e-06
17.2439999999902,1.16666836180106,1.16666497153228,3.39026877749227e-06
17.2475999999902,1.16666835773761,1.16666497559572,3.38214189521402e-06
17.2511999999902,1.16666835368391,1.16666497964942,3.37403449424123e-06
17.2547999999902,1.16666834963993,1.1666649836934,3.36594652772249e-06
17.2583999999902,1.16666834560564,1.16666498772769,3.35787794902842e-06
17.2619999999902,1.16666834158102,1.16666499175231,3.34982871152967e-06
17.2655999999902,1.16666833756605,1.16666499576728,3.34179876926299e-06
17.2691999999902,1.1666683335607,1.16666499977263,3.33378807559903e-06
17.2727999999902,1.16666832956496,1.16666500376837,3.32579658457455e-06
17.2763999999902,1.16666832557879,1.16666500775454,3.31782425000426e-06
17.2799999999902,1.16666832160218,1.16666501173115,3.30987102614699e-06
17.2835999999902,1.1666683176351,1.16666501569823,3.30193686726155e-06
17.2871999999902,1.16666831367753,1.1666650196558,3.29402172738469e-06
17.2907999999902,1.16666830972945,1.16666502360389,3.28612556099728e-06
17.2943999999902,1.16666830579083,1.16666502754251,3.27824832280221e-06
17.2979999999902,1.16666830186165,1.16666503147168,3.27038996705831e-06
17.3015999999902,1.16666829794189,1.16666503539144,3.26255044913459e-06
17.3051999999902,1.16666829403153,1.16666503930181,3.25472972306784e-06
17.3087999999902,1.16666829013054,1.16666504320279,3.24692774422708e-06
17.3123999999902,1.1666682862389,1.16666504709443,3.23914446798135e-06
17.3159999999902,1.16666828235659,1.16666505097674,3.2313798488115e-06
17.3195999999902,1.16666827848359,1.16666505484975,3.2236338427527e-06
17.3231999999902,1.16666827461987,1.16666505871346,3.21590640450786e-06
17.3267999999902,1.16666827076541,1.16666506256792,3.2081974898901e-06
17.3303999999902,1.16666826692019,1.16666506641314,3.20050705471253e-06
17.3339999999902,1.16666826308419,1.16666507024914,3.19283505412216e-06
17.3375999999902,1.16666825925739,1.16666507407594,3.18518144415414e-06
17.3411999999902,1.16666825543976,1.16666507789358,3.17754618106569e-06
17.3447999999902,1.16666825163128,1.16666508170206,3.16992922066994e-06
17.3483999999902,1.16666824783193,1.16666508550141,3.16233051900205e-06
17.3519999999902,1.16666824404168,1.16666508929165,3.1547500320972e-06
17.3555999999902,1.16666824026053,1.16666509307281,3.14718771687872e-06
17.3591999999902,1.16666823648843,1.1666650968449,3.13964352938179e-06
17.3627999999902,1.16666823272538,1.16666510060795,3.13211742608566e-06
17.3663999999902,1.16666822897135,1.16666510436198,3.12460936369163e-06
17.3699999999902,1.16666822522632,1.16666510810702,3.11711929912306e-06
17.3735999999902,1.16666822149026,1.16666511184307,3.10964718930329e-06
17.3771999999902,1.16666821776316,1.16666511557017,3.10219299071157e-06
17.3807999999902,1.166668214045,1.16666511928834,3.09475666071535e-06
17.3843999999902,1.16666821033575,1.16666512299759,3.08733815668205e-06
17.3879999999902,1.16666820663538,1.16666512669795,3.07993743575707e-06
17.3915999999902,1.16666820294389,1.16666513038944,3.07255445508581e-06
17.3951999999902,1.16666819926125,1.16666513407208,3.06518917247978e-06
17.3987999999901,1.16666819558744,1.16666513774589,3.05784154508437e-06
17.4023999999901,1.16666819192243,1.1666651414109,3.05051153115521e-06
17.4059999999901,1.16666818826621,1.16666514506712,3.04319908761563e-06
17.4095999999901,1.16666818461875,1.16666514871458,3.03590417338739e-06
17.4131999999901,1.16666818098004,1.16666515235329,3.02862674583793e-06
17.4167999999901,1.16666817735005,1.16666515598329,3.02136676322284e-06
17.4203999999901,1.16666817372876,1.16666515960457,3.01412418335367e-06
17.4239999999901,1.16666817011615,1.16666516321718,3.00689896515216e-06
17.4275999999901,1.1666681665122,1.16666516682113,2.99969106642983e-06
17.4311999999901,1.16666816291689,1.16666517041644,2.99250044588639e-06
17.4347999999901,1.1666681593302,1.16666517400314,2.98532706222154e-06
17.4383999999901,1.1666681557521,1.16666517758123,2.97817087413499e-06
17.4419999999901,1.16666815218259,1.16666518115075,2.97103184010439e-06
17.4455999999901,1.16666814862163,1.16666518471171,2.96390991927353e-06
17.4491999999901,1.1666681450692,1.16666518826413,2.95680507078622e-06
17.4527999999901,1.16666814152529,1.16666519180804,2.9497172531201e-06
17.4563999999901,1.16666813798988,1.16666519534345,2.94264642586306e-06
17.4599999999901,1.16666813446294,1.16666519887039,2.93559254838094e-06
17.4635999999901,1.16666813094446,1.16666520238888,2.92855557959548e-06
17.4671999999901,1.16666812743441,1.16666520589893,2.92153547953866e-06
17.4707999999901,1.16666812393277,1.16666520940056,2.91453220735427e-06
17.4743999999901,1.16666812043953,1.16666521289381,2.90754572307428e-06
17.4779999999901,1.16666811695466,1.16666521637867,2.90057598584248e-06
17.4815999999901,1.16666811347814,1.16666521985519,2.89362295635698e-06
17.4851999999901,1.16666811000996,1.16666522332337,2.88668659376157e-06
17.4887999999901,1.1666681065501,1.16666522678324,2.87976685875435e-06
17.4923999999901,1.16666810309852,1.16666523023481,2.87286371114526e-06
17.4959999999901,1.16666809965522,1.16666523367811,2.86597711096626e-06
17.4995999999901,1.16666809622018,1.16666523711316,2.85910701891545e-06
17.5031999999901,1.16666809279336,1.16666524053997,2.85225339524686e-06
17.5067999999901,1.16666808937477,1.16666524395857,2.84541620065859e-06
17.5103999999901,1.16666808596436,1.16666524736897,2.83859539540465e-06
17.5139999999901,1.16666808256214,1.1666652507712,2.83179094062724e-06
17.5175999999901,1.16666807916807,1.16666525416527,2.82500279702447e-06
17.5211999999901,1.16666807578213,1.1666652575512,2.81823092529443e-06
17.5247999999901,1.16666807240431,1.16666526092902,2.81147528657932e-06
17.5283999999901,1.16666806903459,1.16666526429875,2.80473584202134e-06
17.5319999999901,1.16666806567294,1.16666526766039,2.79801255254064e-06
17.5355999999901,1.16666806231936,1.16666527101398,2.7913053797235e-06
17.5391999999901,1.16666805897381,1.16666527435952,2.78461428493415e-06
17.5427999999901,1.16666805563628,1.16666527769705,2.77793922909275e-06
17.5463999999901,1.16666805230675,1.16666528102658,2.77128017445172e-06
17.5499999999901,1.16666804898521,1.16666528434813,2.76463708259733e-06
17.5535999999901,1.16666804567162,1.16666528766171,2.75800991467179e-06
17.5571999999901,1.16666804236598,1.16666529096735,2.75139863314955e-06
17.5607999999901,1.16666803906827,1.16666529426507,2.74480319917281e-06
17.5643999999901,1.16666803577845,1.16666529755488,2.73822357566011e-06
17.5679999999901,1.16666803249653,1.1666653008368,2.73165972419775e-06
17.5715999999901,1.16666802922247,1.16666530411086,2.72511160703814e-06
17.5751999999901,1.16666802595626,1.16666530737707,2.7185791864337e-06
17.57879999999,1.16666802269788,1.16666531063545,2.71206242485889e-06
17.58239999999,1.16666801944731,1.16666531388602,2.70556128501021e-06
17.58599999999,1.16666801620453,1.1666653171288,2.69907572869599e-06
17.58959999999,1.16666801296953,1.16666532036381,2.69260571950092e-06
17.59319999999,1.16666800974228,1.16666532359106,2.68615121945537e-06
17.59679999999,1.16666800652276,1.16666532681057,2.67971219147789e-06
17.60039999999,1.16666800331097,1.16666533002237,2.67328859893112e-06
17.60399999999,1.16666800010687,1.16666533322646,2.66688040428953e-06
17.60759999999,1.16666799691045,1.16666533642288,2.66048757091575e-06
17.61119999999,1.1666679937217,1.16666533961164,2.65411006217242e-06
17.61479999999,1.16666799054059,1.16666534279275,2.64774784075605e-06
17.61839999999,1.1666679873671,1.16666534596623,2.64140087047338e-06
17.62199999999,1.16666798420122,1.16666534913211,2.63506911468703e-06
17.62559999999,1.16666798104294,1.1666653522904,2.62875253675965e-06
17.62919999999,1.16666797789222,1.16666535544112,2.62245110049797e-06
17.63279999999,1.16666797474905,1.16666535858428,2.61616476948667e-06
17.63639999999,1.16666797161342,1.16666536171991,2.60989350775453e-06
17.63999999999,1.16666796848531,1.16666536484803,2.60363727888624e-06
17.64359999999,1.16666796536469,1.16666536796864,2.59739604668852e-06
17.64719999999,1.16666796225155,1.16666537108178,2.59116977585627e-06
17.65079999999,1.16666795914588,1.16666537418745,2.58495842975215e-06
17.65439999999,1.16666795604765,1.16666537728568,2.5787619732931e-06
17.65799999999,1.16666795295685,1.16666538037648,2.57258037028585e-06
17.66159999999,1.16666794987346,1.16666538345987,2.56641358564735e-06
17.66519999999,1.16666794679746,1.16666538653588,2.56026158318434e-06
17.66879999999,1.16666794372883,1.1666653896045,2.55412432803581e-06
17.67239999999,1.16666794066756,1.16666539266577,2.54800178467463e-06
17.67599999999,1.16666793761363,1.16666539571971,2.54189391757365e-06
17.67959999999,1.16666793456701,1.16666539876632,2.53580069187187e-06
17.68319999999,1.1666679315277,1.16666540180563,2.52972207248625e-06
17.68679999999,1.16666792849568,1.16666540483765,2.52365802388965e-06
17.69039999999,1.16666792547092,1.16666540786241,2.5176085118872e-06
17.69399999999,1.16666792245342,1.16666541087992,2.51157350117381e-06
17.69759999999,1.16666791944315,1.16666541389019,2.50555295711052e-06
17.70119999999,1.16666791644009,1.16666541689324,2.49954684505838e-06
17.70479999999,1.16666791344423,1.1666654198891,2.49355513015637e-06
17.70839999999,1.16666791045556,1.16666542287778,2.48757777843167e-06
17.71199999999,1.16666790747404,1.16666542585929,2.48161475480124e-06
17.71559999999,1.16666790449968,1.16666542883365,2.47566602529226e-06
17.71919999999,1.16666790153244,1.16666543180089,2.46973155593189e-06
17.72279999999,1.16666789857232,1.16666543476101,2.46381131208118e-06
17.72639999999,1.1666678956193,1.16666543771404,2.4579052597673e-06
17.72999999999,1.16666789267335,1.16666544065998,2.45201336479539e-06
17.73359999999,1.16666788973446,1.16666544359887,2.44613559363671e-06
17.73719999999,1.16666788680262,1.16666544653071,2.44027191209639e-06
17.74079999999,1.16666788387781,1.16666544945552,2.4344222866457e-06
17.74439999999,1.16666788096001,1.16666545237333,2.42858668308976e-06
17.74799999999,1.1666678780492,1.16666545528413,2.42276506856598e-06
17.75159999999,1.16666787514537,1.16666545818796,2.41695740865744e-06
17.7551999999899,1.1666678722485,1.16666546108483,2.41116367094563e-06
17.7587999999899,1.16666786935858,1.16666546397476,2.40538382123567e-06
17.7623999999899,1.16666786647558,1.16666546685775,2.39961782644293e-06
17.7659999999899,1.16666786359949,1.16666546973384,2.39386565392685e-06
17.7695999999899,1.1666678607303,1.16666547260303,2.38812726949256e-06
17.7731999999899,1.16666785786799,1.16666547546535,2.38240264072154e-06
17.7767999999899,1.16666785501253,1.1666654783208,2.37669173497324e-06
17.7803999999899,1.16666785216393,1.16666548116941,2.37099451871892e-06
17.7839999999899,1.16666784932215,1.16666548401119,2.36531095931802e-06
17.7875999999899,1.16666784648718,1.16666548684615,2.35964102413e-06
17.7911999999899,1.16666784365901,1.16666548967433,2.35398468029224e-06
17.7947999999899,1.16666784083761,1.16666549249572,2.34834189560829e-06
17.7983999999899,1.16666783802299,1.16666549531035,2.34271263721553e-06
17.8019999999899,1.1666678352151,1.16666549811823,2.33709687313954e-06
17.8055999999899,1.16666783241395,1.16666550091938,2.33149457051773e-06
17.8091999999899,1.16666782961952,1.16666550371382,2.32590569715363e-06
17.8127999999899,1.16666782683178,1.16666550650156,2.32033022107281e-06
17.8163999999899,1.16666782405072,1.16666550928261,2.31476810985676e-06
17.8199999999899,1.16666782127633,1.166665512057,2.30921933219719e-06
17.8235999999899,1.16666781850859,1.16666551482474,2.3036838552315e-06
17.8271999999899,1.16666781574749,1.16666551758584,2.2981616476514e-06
17.8307999999899,1.16666781299301,1.16666552034033,2.29265267748247e-06
17.8343999999899,1.16666781024512,1.16666552308821,2.28715691275028e-06
17.8379999999899,1.16666780750383,1.16666552582951,2.28167432236859e-06
17.8415999999899,1.1666678047691,1.16666552856423,2.27620487436297e-06
17.8451999999899,1.16666780204094,1.1666655312924,2.27074853698106e-06
17.8487999999899,1.16666779931931,1.16666553401403,2.2653052791366e-06
17.8523999999899,1.1666677966042,1.16666553672913,2.2598750695213e-06
17.8559999999899,1.16666779389561,1.16666553943773,2.25445787704892e-06
17.8595999999899,1.1666677911935,1.16666554213983,2.24905366974504e-06
17.8631999999899,1.16666778849788,1.16666554483546,2.24366241741158e-06
17.8667999999899,1.16666778580871,1.16666554752462,2.23828408851823e-06
17.8703999999899,1.16666778312599,1.16666555020734,2.23291865175668e-06
17.8739999999899,1.1666677804497,1.16666555288363,2.22756607670682e-06
17.8775999999899,1.16666777777983,1.1666655555535,2.22222633272651e-06
17.8811999999899,1.16666777511636,1.16666555821697,2.21689938850744e-06
17.8847999999899,1.16666777245927,1.16666556087406,2.21158521362952e-06
17.8883999999899,1.16666776980856,1.16666556352478,2.20628377745058e-06
17.8919999999899,1.16666776716419,1.16666556616914,2.20099504955051e-06
17.8955999999899,1.16666776452617,1.16666556880717,2.19571899928717e-06
17.8991999999899,1.16666776189446,1.16666557143887,2.19045559646247e-06
17.9027999999899,1.16666775926907,1.16666557406426,2.18520481065632e-06
17.9063999999899,1.16666775664997,1.16666557668336,2.17996661144859e-06
17.9099999999899,1.16666775403715,1.16666557929618,2.17474096864123e-06
17.9135999999899,1.16666775143059,1.16666558190274,2.1695278527023e-06
17.9171999999899,1.16666774883028,1.16666558450305,2.16432723298965e-06
17.9207999999899,1.16666774623621,1.16666558709713,2.15913907997134e-06
17.9243999999899,1.16666774364835,1.16666558968498,2.15396336344931e-06
17.9279999999899,1.16666774106669,1.16666559226664,2.14880005366958e-06
17.9315999999898,1.16666773849123,1.16666559484211,2.14364912132226e-06
17.9351999999898,1.16666773592193,1.1666655974114,2.13851053598724e-06
17.9387999999898,1.1666677333588,1.16666559997453,2.13338426857668e-06
17.9423999999898,1.16666773080181,1.16666560253152,2.12827028955864e-06
17.9459999999898,1.16666772825095,1.16666560508238,2.12316856962325e-06
17.9495999999898,1.16666772570621,1.16666560762713,2.11807907857242e-06
17.9531999999898,1.16666772316756,1.16666561016577,2.11300178776241e-06
17.9567999999898,1.166667720635,1.16666561269833,2.10793666788334e-06
17.9603999999898,1.16666771810851,1.16666561522482,2.10288369006939e-06
17.9639999999898,1.16666771558808,1.16666561774525,2.09784282434455e-06
17.9675999999898,1.16666771307369,1.16666562025965,2.09281404228712e-06
17.9711999999898,1.16666771056532,1.16666562276801,2.08779731480924e-06
17.9747999999898,1.16666770806297,1.16666562527036,2.08279261326716e-06
17.9783999999898,1.16666770556662,1.16666562776671,2.077799908351e-06
17.9819999999898,1.16666770307625,1.16666563025708,2.07281917163904e-06
17.9855999999898,1.16666770059185,1.16666563274148,2.06785037448753e-06
17.9891999999898,1.16666769811341,1.16666563521992,2.06289348803068e-06
17.9927999999898,1.16666769564091,1.16666563769242,2.05794848362473e-06
17.9963999999898,1.16666769317433,1.166665640159,2.05301533329205e-06
17.9999999999898,1.16666769071367,1.16666564261966,2.04809400816686e-06
