t,Tv,Ti,absdT
0,1.4,0.999999999999995,0.400000000000007
2.70710629606392e-05,1.39958197869375,1.00062703195937,0.398954946734381
5.41421259212785e-05,1.39916507966359,1.00125238050461,0.397912699158973
8.12131888819177e-05,1.39874929977164,1.00187605034253,0.396873249429112
0.000108284251842557,1.39833463588934,1.00249804616599,0.395836589723354
0.000135355314803196,1.39792108489736,1.00311837265395,0.394802712243411
0.000162426377763835,1.39750864368563,1.00373703447155,0.393771609214077
0.000189497440724475,1.39709730915326,1.00435403627011,0.392743272883153
0.000216568503685114,1.39668707820855,1.00496938268717,0.391717695521373
0.000243639566645753,1.39627794776893,1.0055830783466,0.390694869422332
0.000270710629606392,1.39586991476096,1.00619512785855,0.389674786902412
0.000297781692567032,1.39546297612028,1.00680553581957,0.388657440300707
0.000324852755527671,1.39505712879158,1.00741430681262,0.387642821978958
0.00035192381848831,1.39465236972858,1.00802144540711,0.38663092432147
0.000378994881448949,1.39424869589401,1.00862695615897,0.385621739735049
0.000406065944409589,1.39384610425957,1.00923084361064,0.384615260648925
0.000433137007370228,1.39344459180587,1.00983311229118,0.383611479514684
0.000460208070330867,1.39304415552247,1.01043376671628,0.382610388806193
0.000487279133291506,1.39264479240781,1.01103281138828,0.381611981019531
0.000514350196252146,1.39224649946916,1.01163025079624,0.380616248672919
0.000541421259212785,1.39184927372265,1.012226089416,0.379623184306648
0.000568492322173424,1.3914531121932,1.01282033171019,0.37863278048301
0.000595563385134063,1.39105801191448,1.01341298212826,0.377645029786225
0.000622634448094703,1.39066396992894,1.01400404510657,0.376659924822376
0.000649705511055342,1.39027098328773,1.01459352506839,0.375677458219336
0.000676776574015981,1.38987904905067,1.01518142642397,0.374697622626698
0.00070384763697662,1.38948816428628,1.01576775357057,0.373720410715709
0.00073091869993726,1.38909832607167,1.01635251089247,0.3727458151792
0.000757989762897899,1.3887095314926,1.01693570276108,0.371773828731516
0.000785060825858538,1.38832177764337,1.01751733353492,0.370804444108449
0.000812131888819177,1.38793506162686,1.01809740755969,0.369837654067171
0.000839202951779817,1.38754938055446,1.01867592916829,0.368873451386161
0.000866274014740456,1.38716473154605,1.0192529026809,0.367911828865146
0.000893345077701095,1.38678111173,1.01982833240498,0.366952779325026
0.000920416140661734,1.38639851824311,1.0204022226353,0.365996295607809
0.000947487203622374,1.38601694823061,1.02097457765406,0.365042370576546
0.000974558266583013,1.3856363988461,1.02154540173083,0.364090997115264
0.00100162932954365,1.38525686725155,1.02211469912265,0.363142168128897
0.00102870039250429,1.38487835061728,1.02268247407406,0.36219587654322
0.00105577145546493,1.3845008461219,1.02324873081712,0.361252115304787
0.00108284251842557,1.38412435095233,1.02381347357147,0.360310877380862
0.00110991358138621,1.38374886230373,1.02437670654438,0.359372155759354
0.00113698464434685,1.38337437737949,1.02493843393074,0.358435943448749
0.00116405570730749,1.38300089339121,1.02549865991316,0.357502233478053
0.00119112677026813,1.38262840755867,1.02605738866196,0.356571018896717
0.00121819783322877,1.38225691710982,1.02661462433524,0.355642292774579
0.00124526889618941,1.38188641928071,1.02717037107891,0.3547160482018
0.00127233995915004,1.3815169113155,1.02772463302671,0.353792278288793
0.00129941102211068,1.38114839046645,1.02827741430029,0.352870976166167
0.00132648208507132,1.38078085399385,1.02882871900919,0.351952134984661
0.00135355314803196,1.38041429916602,1.02937855125094,0.351035747915075
0.0013806242109926,1.38004872325927,1.02992691511106,0.350121808148216
0.00140769527395324,1.37968412355792,1.03047381466309,0.349210308894827
0.00143476633691388,1.3793204973542,1.03101925396867,0.348301243385528
0.00146183739987452,1.37895784194829,1.03156323707753,0.347394604870754
0.00148890846283516,1.37859615464826,1.03210576802757,0.346490386620689
0.0015159795257958,1.37823543277007,1.03264685084486,0.345588581925208
0.00154305058875644,1.37787567363751,1.0331864895437,0.344689184093812
0.00157012165171708,1.37751687458221,1.03372468812664,0.343792186455568
0.00159719271467772,1.3771590329436,1.03426145058456,0.342897582359043
0.00162426377763835,1.37680214606889,1.03479678089663,0.342005365172254
0.00165133484059899,1.37644621131302,1.03533068303043,0.341115528282593
0.00167840590355963,1.37609122603869,1.03586316094192,0.340228065096773
0.00170547696652027,1.37573718761629,1.03639421857552,0.33934296904077
0.00173254802948091,1.37538409342389,1.03692385986413,0.338460233559754
0.00175961909244155,1.3750319408472,1.03745208872916,0.33757985211804
0.00178669015540219,1.37468072727959,1.03797890908057,0.336701818199017
0.00181376121836283,1.37433045012202,1.03850432481693,0.335826125305094
0.00184083228132347,1.37398110678304,1.0390283398254,0.33495276695764
0.00186790334428411,1.37363269467875,1.03955095798183,0.334081736696924
0.00189497440724475,1.3732852112328,1.04007218315075,0.333213028082055
0.00192204547020539,1.37293865387635,1.04059201918543,0.332346634690923
0.00194911653316603,1.37259302004804,1.0411104699279,0.33148255012014
0.00197618759612666,1.37224830719398,1.04162753920899,0.330620767984985
0.0020032586590873,1.37190451276772,1.04214323084838,0.329761281919339
0.00203032972204794,1.37156163423023,1.0426575486546,0.328904085575631
0.00205740078500858,1.37121966904989,1.04317049642511,0.328049172624782
0.00208447184796922,1.37087861470244,1.0436820779463,0.327196536756141
0.00211154291092986,1.37053846867095,1.04419229699352,0.326346171677433
0.0021386139738905,1.37019922844586,1.04470115733116,0.325498071114697
0.00216568503685114,1.36986089152487,1.04520866271264,0.324652228812233
0.00219275609981178,1.369523455413,1.04571481688045,0.323808638532543
0.00221982716277242,1.36918691762249,1.04621962356622,0.322967294056273
0.00224689822573306,1.36885127567284,1.04672308649068,0.322128189182157
0.0022739692886937,1.36851652709076,1.0472252093638,0.321291317726963
0.00230104035165434,1.36818266941015,1.04772599588472,0.320456673525433
0.00232811141461498,1.36784970017207,1.04822544974184,0.319624250430229
0.00235518247757561,1.36751761692473,1.04872357461285,0.318794042311877
0.00238225354053625,1.36718641722346,1.04922037416475,0.317966043058711
0.00240932460349689,1.36685609863071,1.04971585205389,0.317140246576818
0.00243639566645753,1.36652665871597,1.05021001192599,0.316316646789981
0.00246346672941817,1.36619809505583,1.0507028574162,0.315495237639625
0.00249053779237881,1.36587040523388,1.05119439214912,0.314676013084763
0.00251760885533945,1.36554358684075,1.05168461973881,0.313858967101941
0.00254467991830009,1.36521763747405,1.05217354378887,0.31304409368518
0.00257175098126073,1.36489255473835,1.05266116789242,0.312231386845928
0.00259882204422137,1.36456833624518,1.05314749563218,0.311420840612999
0.00262589310718201,1.36424497961299,1.05363253058046,0.310612449032524
0.00265296417014265,1.36392248246713,1.05411627629924,0.309806206167896
0.00268003523310329,1.36360084243986,1.05459873634015,0.309002106099712
0.00270710629606392,1.36328005717027,1.05507991424454,0.308200142925728
0.00273417735902456,1.36296012430429,1.0555598135435,0.307400310760796
0.0027612484219852,1.3626410414947,1.05603843775788,0.306602603736822
0.00278831948494584,1.36232280640106,1.05651579039835,0.305807016002701
0.00281539054790648,1.36200541668968,1.05699187496541,0.305013541724273
0.00284246161086712,1.36168887003368,1.05746669494941,0.304222175084267
0.00286953267382776,1.36137316411287,1.05794025383062,0.30343291028225
0.0028966037367884,1.3610582966138,1.05841255507923,0.302645741534572
0.00292367479974904,1.3607442652297,1.05888360215538,0.301860663074319
0.00295074586270968,1.36043106766048,1.05935339850922,0.301077669151256
0.00297781692567032,1.36011870161268,1.05982194758091,0.300296754031777
0.00300488798863096,1.35980716479952,1.06028925280066,0.299517911998855
0.0030319590515916,1.35949645494077,1.06075531758878,0.29874113735199
0.00305903011455223,1.35918656976284,1.06122014535568,0.297966424407157
0.00308610117751287,1.35887750699867,1.06168373950192,0.297193767496754
0.00311317224047351,1.35856926438779,1.06214610341824,0.296423160969556
0.00314024330343415,1.35826183967623,1.06260724048558,0.295654599190656
0.00316731436639479,1.35795523061654,1.06306715407512,0.294888076541426
0.00319438542935543,1.35764943496775,1.0635258475483,0.294123587419454
0.00322145649231607,1.35734445049537,1.06398332425687,0.293361126238505
0.00324852755527671,1.35704027497136,1.06443958754289,0.292600687428462
0.00327559861823735,1.35673690617408,1.0648946407388,0.291842265435283
0.00330266968119799,1.35643434188835,1.0653484871674,0.29108585472095
0.00332974074415863,1.35613257990534,1.06580113014192,0.290331449763416
0.00335681180711927,1.35583161802259,1.06625257296604,0.289579045056556
0.00338388287007991,1.35553145404402,1.0667028189339,0.288828635110125
0.00341095393304054,1.35523208577985,1.06715187133015,0.2880802144497
0.00343802499600118,1.35493351104662,1.06759973342999,0.287333777616638
0.00346509605896182,1.35463572766718,1.06804640849916,0.286589319168021
0.00349216712192246,1.35433873347062,1.068491899794,0.285846833676615
0.0035192381848831,1.35404252629229,1.06893621056148,0.285106315730815
0.00354630924784374,1.35374710397381,1.06937934403921,0.2843677599346
0.00357338031080438,1.35345246436296,1.06982130345548,0.283631160907486
0.00360045137376502,1.35315860531376,1.07026209202928,0.282896513284475
0.00362752243672566,1.35286552468637,1.07070171297036,0.282163811716011
0.0036545934996863,1.35257322034714,1.07114016947921,0.281433050867929
0.00368166456264694,1.35228169016853,1.07157746474712,0.280704225421411
0.00370873562560758,1.35199093202914,1.07201360195621,0.279977330072936
0.00373580668856822,1.35170094381366,1.07244858427943,0.279252359534235
0.00376287775152886,1.35141172341286,1.07288241488062,0.278529308532241
0.00378994881448949,1.35112326872359,1.07331509691454,0.277808171809048
0.00381701987745013,1.35083557764871,1.07374663352685,0.277088944121859
0.00384409094041077,1.35054864809714,1.0741770278542,0.276371620242941
0.00387116200337141,1.3502624779838,1.07460628302422,0.275656194959582
0.00389823306633205,1.34997706522958,1.07503440215554,0.274942663074041
0.00392530412929269,1.34969240776137,1.07546138835787,0.274231019403501
0.00395237519225333,1.34940850351198,1.07588724473195,0.273521258780029
0.00397944625521397,1.34912535042018,1.07631197436965,0.272813376050526
0.00400651731817461,1.34884294643064,1.07673558035396,0.272107366076683
0.00403358838113525,1.34856128949394,1.07715806575901,0.271403223734933
0.00406065944409589,1.34828037756653,1.07757943365012,0.270700943916411
0.00408773050705653,1.34800020861073,1.07799968708382,0.270000521526904
0.00411480157001717,1.34772078059469,1.07841882910788,0.26930195148681
0.00414187263297781,1.3474420914924,1.07883686276131,0.268605228731088
0.00416894369593844,1.34716413928365,1.07925379107443,0.267910348209221
0.00419601475889908,1.34688692195403,1.07966961706886,0.267217304885166
0.00422308582185972,1.34661043749489,1.08008434375758,0.26652609373731
0.00425015688482036,1.34633468390333,1.08049797414491,0.265836709758428
0.004277227947781,1.34605965918222,1.08091051122658,0.265149147955638
0.00430429901074164,1.34578536134011,1.08132195798975,0.264463403350359
0.00433137007370228,1.34551178839127,1.08173231741301,0.263779470978262
0.00435844113666292,1.34523893835566,1.08214159246642,0.263097345889233
0.00438551219962356,1.34496680925889,1.08254978611157,0.262417023147326
0.0044125832625842,1.34469539913225,1.08295690130153,0.26173849783072
0.00443965432554484,1.34442470601263,1.08336294098096,0.261061765031677
0.00446672538850548,1.34415472794256,1.08376790808606,0.260386819856496
0.00449379645146611,1.34388546297015,1.08417180554468,0.259713657425476
0.00452086751442675,1.34361690914911,1.08457463627624,0.259042272872869
0.00454793857738739,1.3433490645387,1.08497640319186,0.258372661346836
0.00457500964034803,1.34308192720372,1.08537710919432,0.257704818009408
0.00460208070330867,1.34281549521454,1.08577675717809,0.257038738036445
0.00462915176626931,1.342549766647,1.08617535002941,0.256374416617589
0.00465622282922995,1.34228473958245,1.08657289062623,0.255711848956225
0.00468329389219059,1.34202041210774,1.0869693818383,0.255051030269439
0.00471036495515123,1.34175678231515,1.08736482652717,0.254391955787976
0.00473743601811187,1.34149384830244,1.08775922754624,0.2537346207562
0.00476450708107251,1.34123160817278,1.08815258774073,0.253079020432048
0.00479157814403315,1.34097006003476,1.08854490994776,0.252425150086994
0.00481864920699379,1.34070920200236,1.08893619699636,0.251773005006005
0.00484572026995443,1.34044903219496,1.08932645170746,0.2511225804875
0.00487279133291506,1.34018954873728,1.08971567689397,0.250473871843311
0.0048998623958757,1.33993074975942,1.09010387536077,0.249826874398642
0.00492693345883634,1.33967263339677,1.09049104990475,0.249181583492023
0.00495400452179698,1.33941519779007,1.09087720331479,0.248537994475278
0.00498107558475762,1.33915844108535,1.09126233837187,0.24789610271348
0.00500814664771826,1.33890236143392,1.09164645784901,0.247255903584909
0.0050352177106789,1.33864695699236,1.09202956451135,0.246617392481017
0.00506228877363954,1.33839222592251,1.09241166111613,0.245980564806383
0.00508935983660018,1.33813816639143,1.09279275041275,0.245345415978679
0.00511643089956082,1.33788477657141,1.09317283514278,0.244711941428623
0.00514350196252146,1.33763205463994,1.09355191803999,0.244080136599945
0.0051705730254821,1.3373799987797,1.09393000183035,0.243449996949345
0.00519764408844274,1.33712860717854,1.09430708923208,0.242821517946458
0.00522471515140337,1.33687787802948,1.09468318295567,0.242194695073806
0.00525178621436401,1.33662780953066,1.0950582857039,0.241569523826769
0.00527885727732465,1.33637839988537,1.09543240017183,0.240945999713539
0.00530592834028529,1.33612964730199,1.09580552904691,0.240324118255084
0.00533299940324593,1.335881549994,1.09617767500889,0.23970387498511
0.00536007046620657,1.33563410617996,1.09654884072994,0.239085265450021
0.00538714152916721,1.33538731408351,1.09691902887463,0.238468285208881
0.00541421259212785,1.33514117193331,1.09728824209993,0.237852929833375
0.00544128365508849,1.33489567796307,1.09765648305529,0.237239194907775
0.00546835471804913,1.33465083041151,1.09802375438262,0.236627076028894
0.00549542578100977,1.33440662752238,1.09839005871632,0.236016568806056
0.00552249684397041,1.33416306754438,1.09875539868332,0.235407668861054
0.00554956790693105,1.3339201487312,1.09911977690309,0.234800371828115
0.00557663896989169,1.3336778693415,1.09948319598764,0.234194673353858
0.00560371003285232,1.33343622763886,1.0998456585416,0.233590569097261
0.00563078109581296,1.3331952218918,1.10020716716218,0.232988054729623
0.0056578521587736,1.33295485037376,1.10056772443924,0.232387125934525
0.00568492322173424,1.33271511136307,1.10092733295528,0.231787778407793
0.00571199428469488,1.33247600314294,1.10128599528548,0.231190007857464
0.00573906534765552,1.33223752400145,1.10164371399771,0.230593810003747
0.00576613641061616,1.33199967223155,1.10200049165256,0.229999180578984
0.0057932074735768,1.331762446131,1.10235633080338,0.22940611532762
0.00582027853653744,1.33152584400242,1.10271123399626,0.228814610006161
0.00584734959949808,1.33128986415321,1.10306520377007,0.228224660383137
0.00587442066245872,1.33105450489558,1.10341824265651,0.227636262239071
0.00590149172541936,1.33081976454653,1.10377035318009,0.22704941136644
0.00592856278838,1.33058564142781,1.10412153785817,0.226464103569636
0.00595563385134063,1.33035213386593,1.10447179920099,0.225880334664938
0.00598270491430127,1.33011924019214,1.10482113971167,0.225298100480467
0.00600977597726191,1.32988695874241,1.10516956188626,0.224717396856156
0.00603684704022255,1.32965528785744,1.10551706821372,0.224138219643716
0.00606391810318319,1.32942422588259,1.105863661176,0.223560564706594
0.00609098916614383,1.32919377116793,1.10620934324798,0.222984427919945
0.00611806022910447,1.32896392206819,1.1065541168976,0.222409805170592
0.00614513129206511,1.32873467694275,1.10689798458576,0.221836692356992
0.00617220235502575,1.32850603415563,1.10724094876643,0.221265085389203
0.00619927341798639,1.32827799207549,1.10758301188664,0.220694980188846
0.00622634448094703,1.32805054907558,1.10792417638651,0.220126372689075
0.00625341554390767,1.32782370353376,1.10826444469923,0.219559258834537
0.00628048660686831,1.32759745383249,1.10860381925115,0.218993634581339
0.00630755766982895,1.32737179835876,1.10894230246174,0.218429495897019
0.00633462873278958,1.32714673550415,1.10927989674365,0.217866838760503
0.00636169979575022,1.32692226366478,1.1096166045027,0.217305659162077
0.00638877085871086,1.32669838124129,1.10995242813794,0.216745953103352
0.0064158419216715,1.32647508663884,1.11028737004161,0.216187716597229
0.00644291298463214,1.32625237826709,1.11062143259923,0.215630945667864
0.00646998404759278,1.3260302545402,1.11095461818957,0.215075636350637
0.00649705511055342,1.3258087138768,1.11128692918468,0.214521784692119
0.00652412617351406,1.32558775469996,1.11161836794993,0.213969386750033
0.0065511972364747,1.32536737543724,1.11194893684401,0.213418438593226
0.00657826829943534,1.3251475745206,1.11227863821897,0.212868936301636
0.00660533936239598,1.32492835038645,1.1126074744202,0.212320875966254
0.00663241042535662,1.32470970147559,1.11293544778649,0.211774253689097
0.00665948148831725,1.32449162623321,1.11326256065005,0.211229065583168
0.00668655255127789,1.32427412310892,1.11358881533649,0.21068530777243
0.00671362361423853,1.32405719055666,1.11391421416489,0.21014297639177
0.00674069467719917,1.32384082703473,1.11423875944777,0.209602067586967
0.00676776574015981,1.32362503100581,1.11456245349115,0.209062577514658
0.00679483680312045,1.32340980093687,1.11488529859456,0.208524502342307
0.00682190786608109,1.32319513529922,1.11520729705104,0.207987838248174
0.00684897892904173,1.32298103256846,1.11552845114718,0.20745258142128
0.00687604999200237,1.3227674912245,1.11584876316312,0.206918728061376
0.00690312105496301,1.32255450975151,1.1161682353726,0.206386274378913
0.00693019211792365,1.32234208663795,1.11648687004294,0.205855216595005
0.00695726318088429,1.32213022037651,1.1168046694351,0.205325550941404
0.00698433424384493,1.32191890946413,1.11712163580367,0.204797273660463
0.00701140530680557,1.32170815240199,1.11743777139688,0.204270381005106
0.0070384763697662,1.32149794769546,1.11775307845667,0.203744869238798
0.00706554743272684,1.32128829385415,1.11806755921864,0.203220734635511
0.00709261849568748,1.32107918939182,1.11838121591213,0.202697973479695
0.00711968955864812,1.32087063282644,1.1186940507602,0.202176582066246
0.00714676062160876,1.32066262268013,1.11900606597966,0.201656556700473
0.0071738316845694,1.32045515747917,1.1193172637811,0.201137893698071
0.00720090274753004,1.32024823575398,1.11962764636889,0.200620589385087
0.00722797381049068,1.3200418560391,1.11993721594121,0.20010464009789
0.00725504487345132,1.3198360168732,1.12024597469006,0.199590042183141
0.00728211593641196,1.31963071679905,1.12055392480129,0.19907679199776
0.0073091869993726,1.3194259543635,1.1208610684546,0.1985648859089
0.00733625806233324,1.31922172811751,1.1211674078236,0.198054320293911
0.00736332912529388,1.31901803661607,1.12147294507575,0.197545091540317
0.00739040018825451,1.31881487841825,1.12177768237248,0.197037196045776
0.00741747125121515,1.31861225208717,1.12208162186911,0.19653063021806
0.00744454231417579,1.31841015618995,1.12238476571493,0.196025390475018
0.00747161337713643,1.31820858929776,1.12268711605321,0.195521473244548
0.00749868444009707,1.31800754998577,1.1229886750212,0.195018874964569
0.00752575550305771,1.31780703683314,1.12328944475015,0.19451759208299
0.00755282656601835,1.31760704842301,1.12358942736534,0.194017621057679
0.00757989762897899,1.31740758334252,1.12388862498608,0.193518958356435
0.00760696869193963,1.31720864018273,1.12418703972577,0.193021600456958
0.00763403975490027,1.31701021753867,1.12448467369185,0.192525543846823
0.00766111081786091,1.31681231400932,1.12478152898588,0.192030785023442
0.00768818188082155,1.31661492819756,1.12507760770351,0.191537320494046
0.00771525294378219,1.3164180587102,1.12537291193455,0.191045146775648
0.00774232400674283,1.31622170415795,1.12566744376293,0.190554260395016
0.00776939506970346,1.3160258631554,1.12596120526675,0.190064657888645
0.0077964661326641,1.31583053432103,1.1262541985183,0.189576335802729
0.00782353719562474,1.31563571627719,1.12654642558406,0.189089290693131
0.00785060825858538,1.31544140765008,1.12683788852473,0.188603519125352
0.00787767932154602,1.31524760706974,1.12712858939524,0.188119017674508
0.00790475038450666,1.31505431317006,1.12741853024476,0.187635782925297
0.0079318214474673,1.31486152458873,1.12770771311676,0.187153811471972
0.00795889251042794,1.31466923996727,1.12799614004895,0.186673099918316
0.00798596357338858,1.31447745795098,1.12828381307338,0.186193644877606
0.00801303463634922,1.31428617718898,1.12857073421638,0.185715442972595
0.00804010569930986,1.31409539633413,1.12885690549866,0.185238490835474
0.0080671767622705,1.31390511404308,1.12914232893523,0.184762785107852
0.00809424782523114,1.31371532897623,1.1294270065355,0.184288322440725
0.00812131888819177,1.31352603979772,1.12971094030327,0.183815099494447
0.00814838995115241,1.31333724517542,1.12999413223672,0.183343112938706
0.00817546101411305,1.31314894378094,1.13027658432844,0.182872359452491
0.00820253207707369,1.31296113428957,1.1305582985655,0.18240283572407
0.00822960314003433,1.31277381538032,1.13083927692936,0.181934538450962
0.00825667420299497,1.3125869857359,1.131119521396,0.181467464339905
0.00828374526595561,1.31240064404267,1.13139903393584,0.181001610106834
0.00831081632891625,1.31221478899068,1.13167781651383,0.180536972476852
0.00833788739187689,1.31202941927362,1.13195587108942,0.180073548184201
0.00836495845483753,1.31184453358883,1.13223319961659,0.17961133397224
0.00839202951779817,1.3116601306373,1.13250980404389,0.179150326593413
0.00841910058075881,1.31147620912363,1.1327856863144,0.178690522809224
0.00844617164371944,1.31129276775602,1.13306084836581,0.178231919390214
0.00847324270668008,1.31110980524631,1.13333529213038,0.177774513115927
0.00850031376964072,1.31092732030989,1.133609019535,0.177318300774889
0.00852738483260136,1.31074531166577,1.13388203250119,0.176863279164583
0.008554455895562,1.3105637780365,1.13415433294509,0.176409445091416
0.00858152695852264,1.31038271814822,1.13442592277752,0.175956795370698
0.00860859802148328,1.31020213073058,1.13469680390397,0.175505326826615
0.00863566908444392,1.31002201451682,1.13496697822462,0.175055036292203
0.00866274014740456,1.30984236824366,1.13523644763435,0.174605920609319
0.0086898112103652,1.30966319065138,1.13550521402276,0.17415797662862
0.00871688227332584,1.30948448048375,1.13577327927422,0.173711201209533
0.00874395333628648,1.30930623648803,1.1360406452678,0.17326559122023
0.00877102439924712,1.30912845741498,1.13630731387737,0.172821143537607
0.00879809546220776,1.30895114201884,1.13657328697159,0.17237785504725
0.0088251665251684,1.3087742890573,1.13683856641389,0.171935722643416
0.00885223758812903,1.30859789729154,1.13710315406253,0.171494743229007
0.00887930865108967,1.30842196548615,1.13736705177061,0.171054913715541
0.00890637971405031,1.30824649240919,1.13763026138606,0.170616231023131
0.00893345077701095,1.30807147683212,1.13789278475166,0.170178692080454
0.00896052183997159,1.30789691752983,1.13815462370509,0.169742293824735
0.00898759290293223,1.30772281328062,1.13841578007891,0.169307033201713
0.00901466396589287,1.30754916286618,1.13867625570056,0.168872907165619
0.00904173502885351,1.3073759650716,1.13893605239244,0.168439912679156
0.00906880609181415,1.30720321868532,1.13919517197186,0.168008046713465
0.00909587715477479,1.30703092249918,1.13945361625107,0.16757730624811
0.00912294821773543,1.30685907530835,1.13971138703731,0.167147688271043
0.00915001928069607,1.30668767591137,1.13996848613278,0.16671918977859
0.0091770903436567,1.3065167231101,1.14022491533468,0.16629180777542
0.00920416140661734,1.30634621570974,1.14048067643522,0.16586553927452
0.00923123246957798,1.3061761525188,1.14073577122163,0.165440381297177
0.00925830353253862,1.30600653234911,1.14099020147617,0.165016330872944
0.00928537459549926,1.30583735401578,1.14124396897616,0.164593385039627
0.0093124456584599,1.30566861633723,1.14149707549398,0.164171540843251
0.00933951672142054,1.30550031813515,1.14174952279711,0.163750795338042
0.00936658778438118,1.30533245823449,1.14200131264809,0.163331145586402
0.00939365884734182,1.30516503546349,1.1422524468046,0.162912588658881
0.00942072991030246,1.3049980486536,1.14250292701944,0.16249512163416
0.0094478009732631,1.30483149663954,1.14275275504052,0.162078741599023
0.00947487203622374,1.30466537825927,1.14300193261093,0.161663445648333
0.00950194309918438,1.30449969235394,1.14325046146893,0.161249230885009
0.00952901416214502,1.30433443776793,1.14349834334793,0.160836094420005
0.00955608522510566,1.30416961334885,1.14374557997656,0.160424033372284
0.00958315628806629,1.30400521794745,1.14399217307866,0.160013044868794
0.00961022735102693,1.30384125041771,1.14423812437326,0.159603126044448
0.00963729841398757,1.30367770961677,1.14448343557467,0.159194274042095
0.00966436947694821,1.30351459440493,1.14472810839243,0.158786486012505
0.00969144053990885,1.30335190364567,1.14497214453133,0.158379759114338
0.00971851160286949,1.30318963620558,1.14521554569146,0.157974090514127
0.00974558266583013,1.30302779095443,1.14545831356818,0.15756947738625
0.00977265372879077,1.3028663667651,1.14570044985218,0.157165916912911
0.00979972479175141,1.30270536251358,1.14594195622946,0.156763406284116
0.00982679585471205,1.30254477707899,1.14618283438134,0.156361942697649
0.00985386691767269,1.30238460934355,1.1464230859845,0.155961523359053
0.00988093798063333,1.30222485819257,1.14666271271097,0.155562145481601
0.00990800904359396,1.30206552251444,1.14690171622816,0.155163806286281
0.0099350801065546,1.30190660120064,1.14714009819887,0.154766503001768
0.00996215116951524,1.30174809314569,1.14737786028129,0.154370232864404
0.00998922223247588,1.3015899972472,1.14761500412902,0.153974993118175
0.0100162932954365,1.30143231240581,1.14785153139112,0.153580781014689
0.0100433643583972,1.30127503752519,1.14808744371204,0.153187593813155
0.0100704354213578,1.30111817151207,1.14832274273171,0.15279542878036
0.0100975064843184,1.30096171327619,1.14855743008554,0.152404283190643
0.0101245775472791,1.30080566173028,1.1487915074044,0.152014154325882
0.0101516486102397,1.30065001579011,1.14902497631465,0.151625039475462
0.0101787196732004,1.30049477437443,1.14925783843817,0.151236935936264
0.010205790736161,1.30033993640498,1.14949009539235,0.15084984101263
0.0102328617991216,1.30018550080647,1.14972174879012,0.150463752016356
0.0102599328620823,1.30003146650659,1.14995280023993,0.150078666266658
0.0102870039250429,1.29987783243599,1.15018325134583,0.149694581090156
0.0103140749880036,1.29972459752827,1.15041310370741,0.149311493820856
0.0103411460509642,1.29957176071998,1.15064235891986,0.148929401800119
0.0103682171139248,1.29941932095059,1.15087101857394,0.14854830237665
0.0103952881768855,1.29926727716252,1.15109908425605,0.148168192906469
0.0104223592398461,1.29911562830109,1.15132655754819,0.147789070752894
0.0104494303028067,1.29896437331453,1.15155344002802,0.147410933286518
0.0104765013657674,1.298813511154,1.15177973326881,0.147033777885188
0.010503572428728,1.29866304077352,1.15200543883953,0.146657601933988
0.0105306434916887,1.29851296113001,1.1522305583048,0.146282402825208
0.0105577145546493,1.29836327118326,1.15245509322492,0.145908177958337
0.0105847856176099,1.29821396989594,1.15267904515591,0.14553492474003
0.0106118566805706,1.29806505623356,1.15290241564947,0.145162640584093
0.0106389277435312,1.29791652916451,1.15312520625305,0.144791322911461
0.0106659988064919,1.29776838766,1.15334741850982,0.144420969150181
0.0106930698694525,1.29762063069408,1.1535690539587,0.144051576735383
0.0107201409324131,1.29747325724363,1.15379011413437,0.143683143109268
0.0107472119953738,1.29732626628836,1.15401060056728,0.143315665721084
0.0107742830583344,1.29717965681077,1.15423051478366,0.142949142027105
0.0108013541212951,1.29703342779617,1.15444985830556,0.142583569490611
0.0108284251842557,1.29688757823267,1.1546686326508,0.14221894558187
0.0108554962472163,1.29674210711117,1.15488683933306,0.141855267778115
0.010882567310177,1.29659701342534,1.15510447986181,0.141492533563525
0.0109096383731376,1.29645229617161,1.1553215557424,0.141130740429203
0.0109367094360983,1.29630795434919,1.15553806847603,0.140769885873163
0.0109637804990589,1.29616398696004,1.15575401955975,0.140409967400298
0.0109908515620195,1.29602039300887,1.1559694104865,0.140050982522374
0.0110179226249802,1.29587717150312,1.15618424274513,0.139692928757997
0.0110449936879408,1.29573432145297,1.15639851782036,0.139335803632604
0.0110720647509015,1.2955918418713,1.15661223719286,0.138979604678437
0.0110991358138621,1.29544973177373,1.15682540233921,0.138624329434524
0.0111262068768227,1.29530799017859,1.15703801473193,0.138269975446663
0.0111532779397834,1.29516661610688,1.15725007583949,0.137916540267397
0.011180349002744,1.29502560858232,1.15746158712632,0.137564021456001
0.0112074200657046,1.29488496663131,1.15767255005285,0.137212416578456
0.0112344911286653,1.2947446892829,1.15788296607546,0.136861723207435
0.0112615621916259,1.29460477556884,1.15809283664656,0.13651193892228
0.0112886332545866,1.29446522452352,1.15830216321453,0.136163061308985
0.0113157043175472,1.29432603518399,1.15851094722382,0.135815087960176
0.0113427753805078,1.29418720658996,1.15871919011487,0.135468016475094
0.0113698464434685,1.29404873778375,1.15892689332418,0.135121844459569
0.0113969175064291,1.29391062781033,1.15913405828432,0.134776569526012
0.0114239885693898,1.29377287571728,1.15934068642389,0.134432189293386
0.0114510596323504,1.2936354805548,1.15954677916761,0.134088701387193
0.011478130695311,1.2934984413757,1.15975233793625,0.133746103439452
0.0115052017582717,1.2933617572354,1.15995736414671,0.133404393088683
0.0115322728212323,1.29322542719188,1.16016185921199,0.133063567979887
0.011559343884193,1.29308945030573,1.16036582454121,0.132723625764526
0.0115864149471536,1.29295382564013,1.16056926153962,0.132384564100507
0.0116134860101142,1.29281855226079,1.16077217160863,0.132046380652162
0.0116405570730749,1.29268362923601,1.16097455614578,0.131709073090229
0.0116676281360355,1.29254905563666,1.16117641654482,0.131372639091835
0.0116946991989962,1.29241483053611,1.16137775419564,0.131037076340476
0.0117217702619568,1.29228095301032,1.16157857048432,0.130702382526003
0.0117488413249174,1.29214742213776,1.16177886679316,0.130368555344595
0.0117759123878781,1.29201423699942,1.16197864450067,0.13003559249875
0.0118029834508387,1.29188139667883,1.16217790498156,0.129703491697263
0.0118300545137994,1.291748900262,1.1623766496068,0.129372250655206
0.01185712557676,1.29161674683749,1.16257487974357,0.129041867093915
0.0118841966397206,1.29148493549631,1.16277259675534,0.128712338740966
0.0119112677026813,1.29135346533199,1.16296980200182,0.128383663330162
0.0119383387656419,1.29122233544053,1.16316649683901,0.128055838601513
0.0119654098286025,1.29109154492041,1.16336268261919,0.127728862301217
0.0119924808915632,1.29096109287258,1.16355836069093,0.127402732181646
0.0120195519545238,1.29083097840045,1.16375353239913,0.127077446001325
0.0120466230174845,1.29070120060989,1.16394819908497,0.126753001524915
0.0120736940804451,1.2905717586092,1.164142362086,0.126429396523196
0.0121007651434057,1.29044265150914,1.16433602273609,0.12610662877305
0.0121278362063664,1.2903138784229,1.16452918236546,0.125784696057442
0.012154907269327,1.29018543846608,1.16472184230068,0.125463596165403
0.0121819783322877,1.29005733075673,1.16491400386471,0.125143326892014
0.0122090493952483,1.28992955441527,1.16510566837689,0.124823886038388
0.0122361204582089,1.28980210856458,1.16529683715293,0.12450527141165
0.0122631915211696,1.28967499232989,1.16548751150496,0.124187480824926
0.0122902625841302,1.28954820483885,1.16567769274153,0.123870512097318
0.0123173336470909,1.28942174522148,1.16586738216758,0.123554363053894
0.0123444047100515,1.28929561261019,1.16605658108452,0.123239031525666
0.0123714757730121,1.28916980613975,1.16624529079017,0.122924515349576
0.0123985468359728,1.28904432494731,1.16643351257883,0.122610812368477
0.0124256178989334,1.28891916817237,1.16662124774125,0.122297920431118
0.0124526889618941,1.28879433495677,1.16680849756464,0.121985837392125
0.0124797600248547,1.28866982444471,1.16699526333273,0.121674561111986
0.0125068310878153,1.28854563578273,1.1671815463257,0.121364089457034
0.012533902150776,1.28842176811969,1.16736734782026,0.121054420299428
0.0125609732137366,1.28829822060678,1.16755266908963,0.120745551517142
0.0125880442766972,1.28817499239749,1.16773751140355,0.12043748099394
0.0126151153396579,1.28805208264767,1.1679218760283,0.120130206619368
0.0126421864026185,1.28792949051541,1.16810576422668,0.119823726288732
0.0126692574655792,1.28780721516115,1.16828917725807,0.119518037903082
0.0126963285285398,1.2876852557476,1.1684721163784,0.119213139369199
0.0127233995915004,1.28756361143975,1.16865458284017,0.118909028599575
0.0127504706544611,1.28744228140488,1.16883657789248,0.118605703512399
0.0127775417174217,1.28732126481253,1.16901810278099,0.118303162031538
0.0128046127803824,1.28720056083453,1.169199158748,0.118001402086525
0.012831683843343,1.28708016864493,1.16937974703239,0.117700421612539
0.0128587549063036,1.28696008742007,1.16955986886968,0.117400218550393
0.0128858259692643,1.28684031633852,1.16973952549201,0.11710079084651
0.0129128970322249,1.28672085458108,1.16991871812817,0.116802136452919
0.0129399680951856,1.28660170133081,1.17009744800358,0.116504253327227
0.0129670391581462,1.28648285577296,1.17027571634035,0.116207139432611
0.0129941102211068,1.28636431709504,1.17045352435724,0.1159107927378
0.0130211812840675,1.28624608448674,1.17063087326968,0.115615211217057
0.0130482523470281,1.28612815713998,1.17080776428982,0.115320392850167
0.0130753234099888,1.28601053424888,1.17098419862646,0.115026335622419
0.0131023944729494,1.28589321500975,1.17116017748516,0.114733037524588
0.01312946553591,1.28577619862109,1.17133570206816,0.114440496552927
0.0131565365988707,1.28565948428357,1.17151077357443,0.114148710709142
0.0131836076618313,1.28554307120007,1.17168539319969,0.113857678000383
0.013210678724792,1.28542695857561,1.17185956213638,0.113567396439227
0.0132377497877526,1.28531114561738,1.17203328157372,0.11327786404366
0.0132648208507132,1.28519563153474,1.17220655269768,0.112989078837065
0.0132918919136739,1.2850804155392,1.17237937669099,0.112701038848207
0.0133189629766345,1.2849654968444,1.17255175473319,0.112413742111212
0.0133460340395951,1.28485087466614,1.17272368800058,0.112127186665559
0.0133731051025558,1.28473654822234,1.17289517766628,0.111841370556061
0.0134001761655164,1.28462251673305,1.17306622490021,0.111556291832849
0.0134272472284771,1.28450877942046,1.1732368308691,0.11127194855136
0.0134543182914377,1.28439533550884,1.17340699673652,0.11098833877232
0.0134813893543983,1.28428218422461,1.17357672366288,0.110705460561728
0.013508460417359,1.28416932479625,1.17374601280541,0.110423311990843
0.0135355314803196,1.28405675645438,1.17391486531821,0.110141891136169
0.0135626025432803,1.28394447843169,1.17408328235225,0.109861196079439
0.0135896736062409,1.28383248996295,1.17425126505535,0.109581224907599
0.0136167446692015,1.28372079028503,1.17441881457224,0.109301975712797
0.0136438157321622,1.28360937863686,1.17458593204449,0.109023446592366
0.0136708867951228,1.28349825425944,1.17475261861063,0.108745635648808
0.0136979578580835,1.28338741639583,1.17491887540605,0.108468540989781
0.0137250289210441,1.28327686429115,1.17508470356306,0.108192160728084
0.0137520999840047,1.28316659719257,1.17525010421093,0.107916492981644
0.0137791710469654,1.28305661434931,1.17541507847581,0.107641535873497
0.013806242109926,1.28294691501263,1.17557962748084,0.107367287531781
0.0138333131728867,1.2828374984358,1.17574375234609,0.107093746089711
0.0138603842358473,1.28272836387414,1.17590745418857,0.106820909685577
0.0138874552988079,1.282619510585,1.17607073412228,0.106548776462718
0.0139145263617686,1.28251093782772,1.1762335932582,0.106277344569516
0.0139415974247292,1.28240264486366,1.17639603270429,0.106006612159377
0.0139686684876899,1.2822946309562,1.17655805356548,0.105736577390721
0.0139957395506505,1.2821868953707,1.17671965694373,0.105467238426962
0.0140228106136111,1.28207943737451,1.17688084393801,0.1051985934365
0.0140498816765718,1.28197225623699,1.17704161564429,0.104930640592701
0.0140769527395324,1.28186535122947,1.17720197315558,0.104663378073889
0.014104023802493,1.28175872162524,1.17736191756192,0.104396804063327
0.0141310948654537,1.28165236669959,1.17752144995039,0.104130916749206
0.0141581659284143,1.28154628572976,1.17768057140513,0.103865714324629
0.014185236991375,1.28144047799495,1.17783928300735,0.1036011949876
0.0142123080543356,1.28133494277631,1.17799758583531,0.103337356941006
0.0142393791172962,1.28122967935695,1.17815548096435,0.103074198392607
0.0142664501802569,1.28112468702192,1.1783129694669,0.10281171755502
0.0142935212432175,1.28101996505819,1.17847005241249,0.102549912645708
0.0143205923061782,1.2809155127547,1.17862673086773,0.10228878188696
0.0143476633691388,1.28081132940227,1.17878300589638,0.102028323505887
0.0143747344320994,1.28070741429367,1.17893887855927,0.101768535734399
0.0144018054950601,1.28060376672359,1.17909434991439,0.101509416809197
0.0144288765580207,1.28050038598861,1.17924942101686,0.101250964971758
0.0144559476209814,1.28039727138724,1.17940409291892,0.100993178468322
0.014483018683942,1.28029442221986,1.17955836666998,0.100736055549877
0.0145100897469026,1.28019183778877,1.17971224331662,0.100479594472147
0.0145371608098633,1.28008951739814,1.17986572390256,0.10022379349558
0.0145642318728239,1.27998746035404,1.18001880946871,0.0999686508853295
0.0145913029357846,1.27988566596441,1.18017150105316,0.0997141649112478
0.0146183739987452,1.27978413353906,1.18032379969119,0.0994603338478686
0.0146454450617058,1.27968286238967,1.18047570641527,0.0992071559743943
0.0146725161246665,1.27958185182978,1.1806272222551,0.0989546295746844
0.0146995871876271,1.27948110117481,1.18077834823757,0.0987027529372408
0.0147266582505878,1.27938060974199,1.18092908538679,0.0984515243551953
0.0147537293135484,1.27928037685043,1.18107943472413,0.0982009421262968
0.014780800376509,1.27918040182107,1.18122939726817,0.097951004552898
0.0148078714394697,1.27908068397669,1.18137897403474,0.0977017099419422
0.0148349425024303,1.27898122264189,1.18152816603694,0.097453056604951
0.0148620135653909,1.27888201714311,1.1816769742851,0.0972050428580105
0.0148890846283516,1.27878306680861,1.18182539978685,0.0969576670217593
0.0149161556913122,1.27868437096846,1.18197344354708,0.096710927421376
0.0149432267542729,1.27858592895453,1.18212110656797,0.096464822386565
0.0149702978172335,1.27848774010053,1.18226838984898,0.0962193502515447
0.0149973688801941,1.27838980374192,1.18241529438689,0.0959745093550348
0.0150244399431548,1.27829211921601,1.18256182117576,0.0957302980402435
0.0150515110061154,1.27819468586185,1.182707971207,0.0954867146548553
0.0150785820690761,1.27809750302031,1.1828537454693,0.095243757551017
0.0151056531320367,1.27800057003404,1.18299914494871,0.0950014250853275
0.0151327241949973,1.27790388624744,1.18314417062861,0.094759715618822
0.015159795257958,1.27780745100669,1.18328882348973,0.0945186275169636
0.0151868663209186,1.27771126365976,1.18343310451013,0.0942781591496273
0.0152139373838793,1.27761532355634,1.18357701466525,0.0940383088910899
0.0152410084468399,1.27751963004791,1.1837205549279,0.0937990751200153
0.0152680795098005,1.27742418248769,1.18386372626824,0.0935604562194456
0.0152951505727612,1.27732898023062,1.18400652965384,0.0933224505767856
0.0153222216357218,1.27723402263342,1.18414896604963,0.0930850565837915
0.0153492926986825,1.27713930905453,1.18429103641797,0.0928482726365603
0.0153763637616431,1.27704483885411,1.1844327417186,0.0926120971355149
0.0154034348246037,1.27695061139406,1.18457408290867,0.0923765284853939
0.0154305058875644,1.276856626038,1.18471506094276,0.0921415650952391
0.015457576950525,1.27676288215126,1.18485567677288,0.0919072053783829
0.0154846480134857,1.27666937910088,1.18499593134844,0.0916734477524368
0.0155117190764463,1.27657611625562,1.18513582561634,0.0914402906392791
0.0155387901394069,1.27648309298592,1.18527536052088,0.0912077324650431
0.0155658612023676,1.27639030866395,1.18541453700384,0.090975771660105
0.0155929322653282,1.27629776266354,1.18555335600446,0.0907444066590721
0.0156200033282888,1.27620545436021,1.18569181845944,0.090513635900771
0.0156470743912495,1.2761133831312,1.18582992530296,0.0902834578282359
0.0156741454542101,1.27602154835538,1.18596767746669,0.0900538708886964
0.0157012165171708,1.27592994941333,1.18610507587977,0.0898248735335658
0.0157282875801314,1.27583858568728,1.18624212146885,0.0895964642184299
0.015755358643092,1.27574745656112,1.18637881515808,0.0893686414030346
0.0157824297060527,1.27565656142042,1.18651515786914,0.089141403551275
0.0158095007690133,1.27556589965238,1.1866511505212,0.0889147491311828
0.015836571831974,1.27547547064587,1.18678679403096,0.0886886766149162
0.0158636428949346,1.2753852737914,1.18692208931266,0.0884631844787462
0.0158907139578952,1.27529530848112,1.18705703727808,0.0882382712030476
0.0159177850208559,1.27520557410882,1.18719163883653,0.0880139352722855
0.0159448560838165,1.27511607006991,1.1873258948949,0.0877901751750048
0.0159719271467772,1.27502679576143,1.18745980635761,0.087566989403818
0.0159989982097378,1.27493775058206,1.18759337412667,0.0873443764553961
0.0160260692726984,1.27484893393209,1.18772659910163,0.0871223348304533
0.0160531403356591,1.2747603452134,1.18785948217966,0.0869008630337396
0.0160802113986197,1.27467198382952,1.18799202425549,0.0866799595740271
0.0161072824615804,1.27458384918554,1.18812422622144,0.0864596229640995
0.016134353524541,1.2744959406882,1.18825608896746,0.0862398517207419
0.0161614245875016,1.27440825774579,1.18838761338107,0.0860206443647271
0.0161884956504623,1.27432079976823,1.18851880034742,0.085801999420807
0.0162155667134229,1.27423356616698,1.18864965074928,0.0855839154177003
0.0162426377763835,1.27414655635514,1.18878016546706,0.0853663908880806
0.0162697088393442,1.27405976974733,1.18891034537876,0.0851494243685684
0.0162967799023048,1.27397320575979,1.18904019136007,0.0849330143997158
0.0163238509652655,1.2738868638103,1.1891697042843,0.0847171595259988
0.0163509220282261,1.27380074331823,1.18929888502242,0.0845018582958055
0.0163779930911867,1.27371484370447,1.18942773444305,0.0842871092614241
0.0164050641541474,1.27362916439152,1.18955625341248,0.0840729109790337
0.016432135217108,1.27354370480338,1.18968444279469,0.083859262008692
0.0164592062800687,1.27345846436563,1.18981230345131,0.0836461609143255
0.0164862773430293,1.27337344250539,1.18993983624167,0.0834336062637178
0.0165133484059899,1.2732886386513,1.1900670420228,0.0832215966284999
0.0165404194689506,1.27320405223356,1.19019392164942,0.0830101305841382
0.0165674905319112,1.27311968268387,1.19032047597395,0.0827992067099252
0.0165945615948719,1.27303552943549,1.19044670584652,0.0825888235889676
0.0166216326578325,1.27295159192317,1.190572612115,0.0823789798081767
0.0166487037207931,1.2728678695832,1.19069819562495,0.0821696739582563
0.0166757747837538,1.27278436185338,1.19082345721969,0.0819609046336944
0.0167028458467144,1.272701068173,1.19094839774025,0.0817526704327509
0.0167299169096751,1.27261798798288,1.19107301802543,0.0815449699574466
0.0167569879726357,1.27253512072532,1.19119731891177,0.0813378018135551
0.0167840590355963,1.27245246584414,1.19132130123355,0.0811311646105903
0.016811130098557,1.27237002278462,1.19144496582282,0.0809250569617963
0.0168382011615176,1.27228779099356,1.19156831350942,0.080719477484138
0.0168652722244783,1.27220576991922,1.19169134512093,0.0805144247982896
0.0168923432874389,1.27212395901135,1.19181406148273,0.0803098975286247
0.0169194143503995,1.27204235772118,1.19193646341798,0.0801058943032065
0.0169464854133602,1.27196096550141,1.19205855174764,0.0799024137537763
0.0169735564763208,1.2718797818062,1.19218032729045,0.0796994545157448
0.0170006275392814,1.27179880609117,1.19230179086299,0.0794970152281806
0.0170276986022421,1.27171803781342,1.19242294327962,0.0792950945338011
0.0170547696652027,1.27163747643149,1.19254378535252,0.079093691078961
0.0170818407281634,1.27155712140536,1.19266431789171,0.0788928035136438
0.017108911791124,1.27147697219648,1.19278454170503,0.0786924304914507
0.0171359828540846,1.27139702826774,1.19290445759815,0.0784925706695898
0.0171630539170453,1.27131728908345,1.19302406637458,0.0782932227088686
0.0171901249800059,1.27123775410937,1.19314336883569,0.0780943852736813
0.0172171960429666,1.2711584228127,1.1932623657807,0.077896057032
0.0172442671059272,1.27107929466205,1.19338105800668,0.0776982366553651
0.0172713381688878,1.27100036912745,1.19349944630858,0.077500922818875
0.0172984092318485,1.27092164568037,1.1936175314792,0.0773041142011752
0.0173254802948091,1.27084312379368,1.19373531430923,0.0771078094844513
0.0173525513577698,1.27076480294167,1.19385279558725,0.0769120073544161
0.0173796224207304,1.27068668260002,1.19396997609972,0.0767167065003
0.017406693483691,1.27060876224584,1.19408685663099,0.0765219056148445
0.0174337645466517,1.27053104135762,1.19420343796333,0.076327603394289
0.0174608356096123,1.27045351941524,1.19431972087688,0.0761337985383619
0.017487906672573,1.27037619590001,1.19443570614974,0.0759404897502725
0.0175149777355336,1.27029907029458,1.19455139455788,0.0757476757366988
0.0175420487984942,1.27022214208301,1.19466678687523,0.0755553552077806
0.0175691198614549,1.27014541075074,1.19478188387364,0.0753635268771071
0.0175961909244155,1.27006887578458,1.19489668632287,0.0751721894617101
0.0176232619873762,1.26999253667272,1.19501119499067,0.0749813416820524
0.0176503330503368,1.26991639290471,1.19512541064269,0.0747909822620187
0.0176774041132974,1.26984044397146,1.19523933404255,0.0746011099289074
0.0177044751762581,1.26976468936527,1.19535296595185,0.0744117234134192
0.0177315462392187,1.26968912857976,1.19546630713011,0.074222821449649
0.0177586173021793,1.26961376110993,1.19557935833485,0.0740344027750763
0.01778568836514,1.26953858645212,1.19569212032157,0.0738464661305556
0.0178127594281006,1.26946360410402,1.19580459384371,0.0736590102603065
0.0178398304910613,1.26938881356466,1.19591677965276,0.0734720339119055
0.0178669015540219,1.26931421433441,1.19602867849813,0.0732855358362763
0.0178939726169825,1.26923980591497,1.19614029112729,0.0730995147876798
0.0179210436799432,1.26916558780938,1.19625161828567,0.0729139695237062
0.0179481147429038,1.269091559522,1.19636266071674,0.0727288988052641
0.0179751858058645,1.26901772055853,1.19647341916195,0.0725443013965732
0.0180022568688251,1.26894407042596,1.19658389436081,0.0723601760651538
0.0180293279317857,1.26887060863262,1.19669408705081,0.0721765215818178
0.0180563989947464,1.26879733468816,1.1968039979675,0.0719933367206602
0.018083470057707,1.26872424810352,1.19691362784447,0.0718106202590494
0.0181105411206677,1.26865134839094,1.19702297741333,0.0716283709776189
0.0181376121836283,1.268578635064,1.19713204740374,0.071446587660257
0.0181646832465889,1.26850610763754,1.19724083854344,0.0712652690940989
0.0181917543095496,1.2684337656277,1.19734935155819,0.0710844140695182
0.0182188253725102,1.26836160855194,1.19745758717183,0.0709040213801155
0.0182458964354709,1.26828963592898,1.19756554610627,0.0707240898227124
0.0182729674984315,1.26821784727883,1.19767322908149,0.0705446181973413
0.0183000385613921,1.26814624212279,1.19778063681556,0.0703656053072355
0.0183271096243528,1.26807481998343,1.1978877700246,0.0701870499588224
0.0183541806873134,1.26800358038458,1.19799462942287,0.0700089509617137
0.018381251750274,1.26793252285137,1.19810121572268,0.0698313071286958
0.0184083228132347,1.26786164691019,1.19820752963446,0.0696541172757226
0.0184353938761953,1.26779095208866,1.19831357186675,0.0694773802219053
0.018462464939156,1.2677204379157,1.19841934312619,0.0693010947895045
0.0184895360021166,1.26765010392147,1.19852484411754,0.069125259803922
0.0185166070650772,1.26757994963737,1.19863007554368,0.0689498740936905
0.0185436781280379,1.26750997459608,1.19873503810562,0.0687749364904664
0.0185707491909985,1.2674401783315,1.19883973250248,0.0686004458290208
0.0185978202539592,1.26737056037879,1.19894415943156,0.0684264009472306
0.0186248913169198,1.26730112027432,1.19904831958825,0.0682528006860705
0.0186519623798804,1.26723185755574,1.19915221366613,0.0680796438896039
0.0186790334428411,1.26716277176189,1.19925584235691,0.0679069294049739
0.0187061045058017,1.26709386243285,1.19935920635046,0.0677346560823968
0.0187331755687624,1.26702512910996,1.1994623063348,0.067562822775151
0.018760246631723,1.26695657133572,1.19956514299615,0.0673914283395709
0.0187873176946836,1.26688818865391,1.19966771701887,0.0672204716350364
0.0188143887576443,1.26681998060948,1.19977002908551,0.0670499515239671
0.0188414598206049,1.26675194674862,1.19987207987681,0.0668798668718107
0.0188685308835656,1.26668408661871,1.19997387007167,0.066710216547037
0.0188956019465262,1.26661639976835,1.20007540034722,0.0665409994211292
0.0189226730094868,1.26654888574732,1.20017667137875,0.066372214368575
0.0189497440724475,1.26648154410664,1.20027768383978,0.0662038602668584
0.0189768151354081,1.26641437439848,1.20037843840202,0.0660359359964522
0.0190038861983688,1.26634737617622,1.20047893573541,0.0658684404408085
0.0190309572613294,1.26628054899444,1.20057917650808,0.0657013724863516
0.01905802832429,1.26621389240888,1.20067916138641,0.0655347310224699
0.0190850993872507,1.2661474059765,1.20077889103499,0.0653685149415066
0.0191121704502113,1.2660810892554,1.20087836611664,0.0652027231387524
0.0191392415131719,1.26601494180487,1.20097758729243,0.0650373545124374
0.0191663125761326,1.26594896318538,1.20107655522166,0.0648724079637224
0.0191933836390932,1.26588315295857,1.20117527056188,0.0647078823966925
0.0192204547020539,1.26581751068723,1.20127373396889,0.0645437767183461
0.0192475257650145,1.26575203593533,1.20137194609674,0.0643800898385898
0.0192745968279751,1.26568672826799,1.20146990759776,0.0642168206702289
0.0193016678909358,1.26562158725148,1.20156761912252,0.0640539681289596
0.0193287389538964,1.26555661245324,1.20166508131988,0.0638915311333617
0.0193558100168571,1.26549180344185,1.20176229483696,0.0637295086048892
0.0193828810798177,1.26542715978704,1.20185926031917,0.063567899467865
0.0194099521427783,1.26536268105968,1.20195597841021,0.0634067026494691
0.019437023205739,1.26529836683179,1.20205244975205,0.0632459170797353
0.0194640942686996,1.26523421667651,1.20214867498497,0.0630855416915395
0.0194911653316603,1.26517023016813,1.20224465474754,0.0629255754205944
0.0195182363946209,1.26510640688207,1.20234038967663,0.0627660172054405
0.0195453074575815,1.26504274639487,1.20243588040743,0.0626068659874379
0.0195723785205422,1.2649792482842,1.20253112757344,0.062448120710761
0.0195994495835028,1.26491591212885,1.20262613180646,0.062289780322387
0.0196265206464635,1.26485273750873,1.20272089373664,0.0621318437720915
0.0196535917094241,1.26478972400487,1.20281541399243,0.0619743100124397
0.0196806627723847,1.2647268711994,1.20290969320063,0.0618171779987775
0.0197077338353454,1.26466417867558,1.20300373198636,0.0616604466892263
0.019734804898306,1.26460164601776,1.20309753097309,0.0615041150446731
0.0197618759612667,1.2645392728114,1.20319109078263,0.0613481820287642
0.0197889470242273,1.26447705864305,1.20328441203515,0.0611926466078976
0.0198160180871879,1.26441500310038,1.20337749534916,0.0610375077512142
0.0198430891501486,1.26435310577213,1.20347034134154,0.0608827644305923
0.0198701602131092,1.26429136624815,1.20356295062751,0.0607284156206385
0.0198972312760698,1.26422978411936,1.20365532382068,0.0605744602986806
0.0199243023390305,1.2641683589778,1.20374746153304,0.0604208974447604
0.0199513734019911,1.26410709041654,1.20383936437492,0.0602677260416269
0.0199784444649518,1.26404597802978,1.20393103295506,0.0601149450747263
0.0200055155279124,1.26398502141277,1.20402246788057,0.0599625535321984
0.020032586590873,1.26392422016184,1.20411366975697,0.0598105504048656
0.0200596576538337,1.26386357387438,1.20420463918815,0.0596589346862284
0.0200867287167943,1.26380308214887,1.20429537677642,0.0595077053724566
0.020113799779755,1.26374274458484,1.20438588312246,0.0593568614623809
0.0201408708427156,1.26368256078289,1.2044761588254,0.0592064019574892
0.0201679419056762,1.26362253034466,1.20456620448274,0.0590563258619152
0.0201950129686369,1.26356265287286,1.20465602069043,0.0589066321824339
0.0202220840315975,1.26350292797127,1.20474560804282,0.0587573199284532
0.0202491550945582,1.26344335524469,1.20483496713269,0.058608388112007
0.0202762261575188,1.26338393429899,1.20492409855124,0.0584598357477482
0.0203032972204794,1.26332466474107,1.20501300288813,0.0583116618529409
0.0203303682834401,1.26326554617887,1.20510168073142,0.0581638654474541
0.0203574393464007,1.26320657822139,1.20519013266764,0.0580164455537537
0.0203845104093614,1.26314776047865,1.20527835928175,0.0578694011968963
0.020411581472322,1.2630890925617,1.20536636115718,0.0577227314045214
0.0204386525352826,1.26303057408263,1.20545413887578,0.0575764352068444
0.0204657235982433,1.26297220465455,1.2055416930179,0.0574305116366498
0.0204927946612039,1.2629139838916,1.20562902416232,0.0572849597292848
0.0205198657241645,1.26285591140895,1.2057161328863,0.0571397785226506
0.0205469367871252,1.26279798682277,1.20580301976557,0.056994967057197
0.0205740078500858,1.26274020975026,1.20588968537434,0.0568505243759145
0.0206010789130465,1.26268257980962,1.20597613028529,0.0567064495243279
0.0206281499760071,1.26262509662009,1.2060623550696,0.0565627415504895
0.0206552210389677,1.26256775980188,1.20614836029691,0.0564193995049709
0.0206822921019284,1.26251056897623,1.20623414653537,0.0562764224408585
0.020709363164889,1.26245352376539,1.20631971435164,0.0561338094137436
0.0207364342278497,1.26239662379258,1.20640506431086,0.0559915594817184
0.0207635052908103,1.26233986868204,1.20649019697667,0.0558496717053676
0.0207905763537709,1.26228325805899,1.20657511291123,0.0557081451477617
0.0208176474167316,1.26222679154967,1.20665981267522,0.0555669788744506
0.0208447184796922,1.26217046878127,1.20674429682782,0.0554261719534566
0.0208717895426529,1.262114289382,1.20682856592673,0.0552857234552677
0.0208988606056135,1.26205825298102,1.20691262052819,0.0551456324528314
0.0209259316685741,1.26200235920851,1.20699646118696,0.0550058980215464
0.0209530027315348,1.26194660769559,1.20708008845633,0.0548665192392581
0.0209800737944954,1.26189099807439,1.20716350288814,0.0547274951862498
0.0210071448574561,1.26183552997798,1.20724670503275,0.054588824945238
0.0210342159204167,1.26178020304043,1.20732969543907,0.0544505076013644
0.0210612869833773,1.26172501689676,1.20741247465457,0.0543125422421893
0.021088358046338,1.26166997118296,1.20749504322528,0.0541749279576862
0.0211154291092986,1.26161506553598,1.20757740169575,0.0540376638402338
0.0211425001722593,1.26156029959373,1.20765955060912,0.0539007489846102
0.0211695712352199,1.26150567299508,1.2077414905071,0.0537641824879862
0.0211966422981805,1.26145118537986,1.20782322192994,0.0536279634499193
0.0212237133611412,1.26139683638883,1.20790474541648,0.0534920909723458
0.0212507844241018,1.26134262566372,1.20798606150414,0.0533565641595757
0.0212778554870624,1.2612885528472,1.20806717072892,0.0532213821182859
0.0213049265500231,1.26123461758289,1.20814807362538,0.0530865439575132
0.0213319976129837,1.26118081951535,1.2082287707267,0.0529520487886486
0.0213590686759444,1.26112715829006,1.20830926256463,0.0528178957254302
0.021386139738905,1.26107363355346,1.20838954966952,0.0526840838839373
0.0214132108018656,1.26102024495292,1.20846963257034,0.0525506123825843
0.0214402818648263,1.26096699213673,1.20854951179462,0.0524174803421129
0.0214673529277869,1.26091387475412,1.20862918786853,0.0522846868855875
0.0214944239907476,1.26086089245524,1.20870866131685,0.0521522311383882
0.0215214950537082,1.26080804489117,1.20878793266296,0.0520201122282042
0.0215485661166688,1.2607553317139,1.20886700242887,0.0518883292850276
0.0215756371796295,1.26070275257635,1.2089458711352,0.0517568814411478
0.0216027082425901,1.26065030713234,1.2090245393012,0.051625767831144
0.0216297793055508,1.26059799503664,1.20910300744476,0.0514949875918806
0.0216568503685114,1.26054581594489,1.20918127608239,0.0513645398624996
0.021683921431472,1.26049376951365,1.20925934572924,0.0512344237844145
0.0217109924944327,1.26044185540041,1.2093372168991,0.051104638501305
0.0217380635573933,1.26039007326353,1.20941489010442,0.0509751831591103
0.021765134620354,1.2603384227623,1.20949236585627,0.0508460569060232
0.0217922056833146,1.26028690355688,1.2095696446644,0.0507172588924834
0.0218192767462752,1.26023551530835,1.20964672703718,0.0505887882711715
0.0218463478092359,1.26018425767869,1.20972361348168,0.0504606441970041
0.0218734188721965,1.26013313033074,1.20980030450361,0.0503328258271258
0.0219004899351572,1.26008213292825,1.20987680060734,0.0502053323209051
0.0219275609981178,1.26003126513586,1.20995310229593,0.0500781628399263
0.0219546320610784,1.25998052661908,1.21002921007109,0.0499513165479855
0.0219817031240391,1.25992991704432,1.21010512443324,0.0498247926110833
0.0220087741869997,1.25987943607885,1.21018084588143,0.0496985901974187
0.0220358452499603,1.25982908339084,1.21025637491345,0.0495727084773847
0.022062916312921,1.25977885864931,1.21033171202575,0.0494471466235604
0.0220899873758816,1.25972876152417,1.21040685771346,0.049321903810706
0.0221170584388423,1.25967879168619,1.21048181247043,0.0491969792157569
0.0221441295018029,1.25962894880701,1.21055657678919,0.0490723720178174
0.0221712005647635,1.25957923255915,1.21063115116099,0.0489480813981558
0.0221982716277242,1.25952964261596,1.21070553607577,0.0488241065401971
0.0222253426906848,1.25948017865169,1.21077973202217,0.0487004466295182
0.0222524137536455,1.25943084034142,1.21085373948758,0.0485771008538414
0.0222794848166061,1.2593816273611,1.21092755895807,0.0484540684030292
0.0223065558795667,1.25933253938752,1.21100119091844,0.0483313484690779
0.0223336269425274,1.25928357609833,1.21107463585222,0.0482089402461126
0.022360698005488,1.25923473717204,1.21114789424166,0.0480868429303805
0.0223877690684487,1.25918602228798,1.21122096656774,0.0479650557202453
0.0224148401314093,1.25913743112636,1.21129385331017,0.0478435778161823
0.0224419111943699,1.25908896336819,1.21136655494742,0.0477224084207721
0.0224689822573306,1.25904061869536,1.21143907195667,0.0476015467386943
0.0224960533202912,1.25899239679057,1.21151140481385,0.0474809919767227
0.0225231243832519,1.25894429733737,1.21158355399365,0.0473607433437198
0.0225501954462125,1.25889632002014,1.21165551996951,0.0472408000506295
0.0225772665091731,1.25884846452407,1.2117273032136,0.0471211613104738
0.0226043375721338,1.25880073053522,1.21179890419688,0.0470018263383456
0.0226314086350944,1.25875311774044,1.21187032338904,0.0468827943514027
0.022658479698055,1.25870562582743,1.21194156125856,0.0467640645688647
0.0226855507610157,1.25865825448468,1.21201261827268,0.0466456362120033
0.0227126218239763,1.25861100340154,1.2120834948974,0.0465275085041419
0.022739692886937,1.25856387226814,1.2121541915975,0.0464096806706442
0.0227667639498976,1.25851686077545,1.21222470883653,0.0462921519389148
0.0227938350128582,1.25846996861524,1.21229504707685,0.0461749215383886
0.0228209060758189,1.25842319548009,1.21236520677957,0.0460579887005275
0.0228479771387795,1.25837654106341,1.21243518840459,0.0459413526588159
0.0228750482017402,1.25833000505938,1.21250499241063,0.0458250126487527
0.0229021192647008,1.25828358716302,1.21257461925517,0.0457089679078482
0.0229291903276614,1.25823728707013,1.21264406939451,0.0455932176756169
0.0229562613906221,1.25819110447731,1.21271334328374,0.0454777611935733
0.0229833324535827,1.25814503908197,1.21278244137675,0.0453625977052261
0.0230104035165434,1.25809909058231,1.21285136412624,0.045247726456072
0.023037474579504,1.25805325867732,1.21292011198373,0.0451331466935923
0.0230645456424646,1.25800754306678,1.21298868539954,0.0450188576672448
0.0230916167054253,1.25796194345127,1.21305708482281,0.0449048586284613
0.0231186877683859,1.25791645953214,1.2131253107015,0.0447911488306403
0.0231457588313466,1.25787109101154,1.2131933634824,0.0446777275291419
0.0231728298943072,1.2578258375924,1.21326124361111,0.0445645939812833
0.0231999009572678,1.25778069897842,1.21332895153208,0.0444517474463328
0.0232269720202285,1.25773567487408,1.21339648768858,0.0443391871855057
0.0232540430831891,1.25769076498466,1.21346385252271,0.044226912461957
0.0232811141461498,1.25764596901619,1.21353104647542,0.044114922540778
0.0233081852091104,1.25760128667548,1.21359806998649,0.0440032166889897
0.023335256272071,1.2575567176701,1.21366492349456,0.0438917941755392
0.0233623273350317,1.2575122617084,1.21373160743711,0.0437806542712929
0.0233893983979923,1.25746791849949,1.21379812225046,0.0436697962490318
0.0234164694609529,1.25742368775326,1.21386446836981,0.0435592193834473
0.0234435405239136,1.25737956918034,1.2139306462292,0.0434489229511341
0.0234706115868742,1.25733556249212,1.21399665626153,0.0433389062305876
0.0234976826498349,1.25729166740076,1.21406249889856,0.0432291685021959
0.0235247537127955,1.25724788361918,1.21412817457094,0.0431197090482374
0.0235518247757561,1.25720421086103,1.21419368370816,0.0430105271528731
0.0235788958387168,1.25716064884074,1.21425902673859,0.0429016221021445
0.0236059669016774,1.25711719727347,1.2143242040895,0.0427929931839655
0.0236330379646381,1.25707385587513,1.21438921618701,0.0426846396881193
0.0236601090275987,1.25703062436238,1.21445406345613,0.0425765609062529
0.0236871800905593,1.25698750245263,1.21451874632076,0.0424687561318717
0.02371425115352,1.25694448986401,1.21458326520368,0.0423612246603351
0.0237413222164806,1.25690158631542,1.21464762052657,0.0422539657888505
0.0237683932794413,1.25685879152647,1.21471181271,0.0421469788164694
0.0237954643424019,1.25681610521751,1.21477584217343,0.0420402630440819
0.0238225354053625,1.25677352710965,1.21483970933523,0.0419338177744124
0.0238496064683232,1.25673105692469,1.21490341461267,0.0418276423120127
0.0238766775312838,1.25668869438518,1.21496695842192,0.04172173596326
0.0239037485942445,1.25664643921442,1.21503034117807,0.0416160980363496
0.0239308196572051,1.2566042911364,1.21509356329511,0.0415107278412905
0.0239578907201657,1.25656224987584,1.21515662518594,0.0414056246899013
0.0239849617831264,1.2565203151582,1.2152195272624,0.0413007878958054
0.024012032846087,1.25647848670965,1.21528226993523,0.0411962167744244
0.0240391039090477,1.25643676425707,1.21534485361409,0.0410919106429757
0.0240661749720083,1.25639514752807,1.2154072787076,0.0409878688204652
0.0240932460349689,1.25635363625095,1.21546954562327,0.0408840906276848
0.0241203170979296,1.25631223015476,1.21553165476756,0.0407805753872053
0.0241473881608902,1.25627092896923,1.21559360654586,0.0406773224233741
0.0241744592238508,1.2562297324248,1.21565540136249,0.0405743310623081
0.0242015302868115,1.25618864025264,1.21571703962075,0.0404716006318906
0.0242286013497721,1.25614765218459,1.21577852172282,0.0403691304617653
0.0242556724127328,1.25610676795321,1.21583984806988,0.0402669198833323
0.0242827434756934,1.25606598729178,1.21590101906203,0.0401649682297438
0.024309814538654,1.25602530993424,1.21596203509834,0.040063274835898
0.0243368856016147,1.25598473561525,1.21602289657682,0.039961839038436
0.0243639566645753,1.25594426407017,1.21608360389444,0.039860660175735
0.024391027727536,1.25590389503504,1.21614415744714,0.0397597375879064
0.0244180987904966,1.25586362824659,1.21620455762981,0.039659070616789
0.0244451698534572,1.25582346344226,1.21626480483631,0.0395586586059449
0.0244722409164179,1.25578340036014,1.21632489945949,0.0394585009006552
0.0244993119793785,1.25574343873904,1.21638484189113,0.0393585968479151
0.0245263830423392,1.25570357831845,1.21644463252202,0.0392589457964294
0.0245534541052998,1.25566381883852,1.21650427174191,0.0391595470966077
0.0245805251682604,1.2556241600401,1.21656375993954,0.0390604001005606
0.0246075962312211,1.25558460166472,1.21662309750262,0.038961504162093
0.0246346672941817,1.25554514345456,1.21668228481786,0.0388628586367026
0.0246617383571424,1.25550578515251,1.21674132227093,0.0387644628815733
0.024688809420103,1.25546652650211,1.21680021024654,0.0386663162555709
0.0247158804830636,1.25542736724757,1.21685894912833,0.0385684181192389
0.0247429515460243,1.2553883071338,1.216917539299,0.038470767834794
0.0247700226089849,1.25534934590633,1.2169759811402,0.0383733647661215
0.0247970936719456,1.25531048331139,1.21703427503262,0.0382762082787711
0.0248241647349062,1.25527171909586,1.21709242135591,0.038179297739952
0.0248512357978668,1.25523305300729,1.21715042048876,0.0380826325185277
0.0248783068608275,1.25519448479388,1.21720827280887,0.0379862119850143
0.0249053779237881,1.25515601420451,1.21726597869293,0.0378900355115732
0.0249324489867487,1.25511764098868,1.21732353851667,0.0377941024720072
0.0249595200497094,1.25507936489658,1.21738095265482,0.0376984122417576
0.02498659111267,1.25504118567904,1.21743822148114,0.0376029641978981
0.0250136621756307,1.25500310308753,1.2174953453684,0.0375077577191318
0.0250407332385913,1.25496511687419,1.21755232468841,0.0374127921857852
0.0250678043015519,1.2549272267918,1.21760915981199,0.0373180669798057
0.0250948753645126,1.25488943259378,1.21766585110902,0.0372235814847561
0.0251219464274732,1.2548517340342,1.21772239894839,0.0371293350858102
0.0251490174904339,1.25481413086778,1.21777880369803,0.0370353271697486
0.0251760885533945,1.25477662284986,1.2178350657249,0.0369415571249554
0.0252031596163551,1.25473920973644,1.21789118539503,0.0368480243414124
0.0252302306793158,1.25470189128415,1.21794716307346,0.0367547282106957
0.0252573017422764,1.25466466725027,1.21800299912429,0.036661668125971
0.0252843728052371,1.25462753739267,1.21805869391068,0.0365688434819904
0.0253114438681977,1.25459050146991,1.21811424779483,0.036476253675086
0.0253385149311583,1.25455355924114,1.21816966113798,0.0363838981031672
0.025365585994119,1.25451671046616,1.21822493430045,0.0362917761657171
0.0253926570570796,1.25447995490539,1.2182800676416,0.036199887263787
0.0254197281200403,1.25444329231987,1.21833506151988,0.0361082307999923
0.0254467991830009,1.25440672247128,1.21838991629277,0.0360168061785082
0.0254738702459615,1.2543702451219,1.21844463231684,0.0359256128050671
0.0255009413089222,1.25433386003466,1.2184992099477,0.0358346500869526
0.0255280123718828,1.25429756697307,1.21855364954008,0.0357439174329959
0.0255550834348434,1.2542613657013,1.21860795144773,0.0356534142535718
0.0255821544978041,1.25422525598411,1.21866211602352,0.0355631399605945
0.0256092255607647,1.25418923758688,1.21871614361937,0.0354730939675136
0.0256362966237254,1.2541533102756,1.21877003458629,0.03538327568931
0.025663367686686,1.25411747381687,1.21882378927438,0.0352936845424912
0.0256904387496466,1.25408172797791,1.21887740803282,0.0352043199450882
0.0257175098126073,1.25404607252654,1.21893089120989,0.0351151813166504
0.0257445808755679,1.25401050723117,1.21898423915293,0.0350262680782427
0.0257716519385286,1.25397503186085,1.21903745220841,0.0349375796524398
0.0257987230014892,1.25393964618521,1.21909053072188,0.0348491154633244
0.0258257940644498,1.25390434997447,1.21914347503799,0.0347608749364803
0.0258528651274105,1.25386914299947,1.21919628550048,0.0346728574989918
0.0258799361903711,1.25383402503165,1.21924896245221,0.0345850625794364
0.0259070072533318,1.25379899584303,1.21930150623515,0.0344974896078829
0.0259340783162924,1.25376405520623,1.21935391719034,0.0344101380158865
0.025961149379253,1.25372920289447,1.21940619565798,0.034323007236486
0.0259882204422137,1.25369443868155,1.21945834197736,0.0342360967041975
0.0260152915051743,1.25365976234188,1.21951035648687,0.0341494058550125
0.026042362568135,1.25362517365043,1.21956223952404,0.0340629341263941
0.0260694336310956,1.25359067238278,1.21961399142551,0.0339766809572708
0.0260965046940562,1.25355625831509,1.21966561252705,0.0338906457880355
0.0261235757570169,1.25352193122409,1.21971710316355,0.0338048280605392
0.0261506468199775,1.25348769088711,1.21976846366902,0.0337192272180886
0.0261777178829382,1.25345353708205,1.21981969437661,0.0336338427054412
0.0262047889458988,1.2534194695874,1.21987079561859,0.0335486739688025
0.0262318600088594,1.2533854881822,1.21992176772638,0.033463720455821
0.0262589310718201,1.25335159264611,1.21997261103052,0.0333789816155847
0.0262860021347807,1.25331778275932,1.2200233258607,0.0332944568986184
0.0263130731977413,1.25328405830263,1.22007391254575,0.0332101457568779
0.026340144260702,1.25325041905737,1.22012437141363,0.0331260476437469
0.0263672153236626,1.25321686480549,1.22017470279145,0.0330421620140351
0.0263942863866233,1.25318339532946,1.22022490700549,0.0329584883239711
0.0264213574495839,1.25315001041235,1.22027498438115,0.0328750260312003
0.0264484285125445,1.25311670983779,1.220324935243,0.0327917745947823
0.0264754995755052,1.25308349338995,1.22037475991476,0.0327087334751845
0.0265025706384658,1.25305036085359,1.22042445871931,0.0326259021342803
0.0265296417014265,1.25301731201401,1.22047403197867,0.0325432800353453
0.0265567127643871,1.25298434665709,1.22052348001404,0.0324608666430519
0.0265837838273477,1.25295146456926,1.22057280314579,0.0323786614234673
0.0266108548903084,1.25291866553749,1.22062200169344,0.0322966638440498
0.026637925953269,1.25288594934933,1.22067107597569,0.0322148733736427
0.0266649970162297,1.25285331579286,1.22072002631039,0.0321332894824742
0.0266920680791903,1.25282076465673,1.22076885301458,0.0320519116421505
0.0267191391421509,1.25278829573013,1.22081755640448,0.0319707393256543
0.0267462102051116,1.25275590880281,1.22086613679547,0.0318897720073401
0.0267732812680722,1.25272360366504,1.22091459450211,0.0318090091629306
0.0268003523310329,1.25269138010768,1.22096292983816,0.0317284502695132
0.0268274233939935,1.25265923792209,1.22101114311655,0.0316480948055364
0.0268544944569541,1.2526271769002,1.22105923464939,0.0315679422508064
0.0268815655199148,1.25259519683447,1.22110720474798,0.0314879920864828
0.0269086365828754,1.2525632975179,1.22115505372283,0.0314082437950753
0.0269357076458361,1.25253147874405,1.22120278188361,0.0313286968604407
0.0269627787087967,1.25249974030698,1.22125038953921,0.0312493507677787
0.0269898497717573,1.25246808200132,1.2212978769977,0.0311702050036275
0.027016920834718,1.25243650362222,1.22134524456635,0.0310912590558623
0.0270439918976786,1.25240500496535,1.22139249255166,0.0310125124136906
0.0270710629606392,1.25237358582693,1.22143962125928,0.0309339645676476
0.0270981340235999,1.25234224600371,1.22148663099412,0.0308556150095944
0.0271252050865605,1.25231098529296,1.22153352206024,0.030777463232714
0.0271522761495212,1.25227980349247,1.22158029476097,0.030699508731507
0.0271793472124818,1.25224870040059,1.2216269493988,0.0306217510017885
0.0272064182754424,1.25221767581615,1.22167348627546,0.0305441895406855
0.0272334893384031,1.25218672953852,1.22171990569189,0.0304668238466319
0.0272605604013637,1.25215586136762,1.22176620794825,0.0303896534193662
0.0272876314643244,1.25212507110384,1.22181239334392,0.0303126777599272
0.027314702527285,1.25209435854813,1.22185846217748,0.0302358963706513
0.0273417735902456,1.25206372350194,1.22190441474677,0.0301593087551686
0.0273688446532063,1.25203316576723,1.22195025134883,0.0300829144183987
0.0273959157161669,1.25200268514649,1.22199597227994,0.0300067128665495
0.0274229867791276,1.25197228144272,1.2220415778356,0.0299307036071113
0.0274500578420882,1.25194195445941,1.22208706831056,0.0298548861488548
0.0274771289050488,1.2519117040006,1.22213244399877,0.029779260001827
0.0275041999680095,1.25188152987081,1.22217770519346,0.0297038246773487
0.0275312710309701,1.25185143187507,1.22222285218706,0.02962857968801
0.0275583420939308,1.25182140981894,1.22226788527127,0.0295535245476677
0.0275854131568914,1.25179146350845,1.22231280473701,0.0294786587714417
0.027612484219852,1.25176159275016,1.22235761087444,0.0294039818757117
0.0276395552828127,1.25173179735112,1.222402303973,0.0293294933781136
0.0276666263457733,1.25170207711889,1.22244688432135,0.0292551927975366
0.0276936974087339,1.25167243186152,1.2224913522074,0.029181079654119
0.0277207684716946,1.25164286138757,1.22253570791832,0.0291071534692455
0.0277478395346552,1.25161336550609,1.22257995174054,0.0290334137655455
0.0277749105976159,1.25158394402662,1.22262408395974,0.0289598600668859
0.0278019816605765,1.25155459675922,1.22266810486085,0.0288864918983713
0.0278290527235371,1.25152532351441,1.22271201472807,0.0288133087863391
0.0278561237864978,1.25149612410321,1.22275581384486,0.0287403102583574
0.0278831948494584,1.25146699833716,1.22279950249394,0.0286674958432194
0.0279102659124191,1.25143794602825,1.2228430809573,0.0285948650709429
0.0279373369753797,1.25140896698898,1.22288654951621,0.0285224174727652
0.0279644080383403,1.25138006103233,1.22292990845119,0.0284501525811407
0.027991479101301,1.25135122797176,1.22297315804203,0.028378069929738
0.0280185501642616,1.25132246762124,1.22301629856781,0.0283061690534345
0.0280456212272223,1.2512937797952,1.22305933030688,0.0282344494883169
0.0280726922901829,1.25126516430854,1.22310225353686,0.0281629107716741
0.0280997633531435,1.25123662097667,1.22314506853467,0.0280915524419967
0.0281268344161042,1.25120814961546,1.22318777557649,0.0280203740389728
0.0281539054790648,1.25117975004126,1.22323037493778,0.0279493751034847
0.0281809765420255,1.25115142207091,1.22327286689331,0.027878555177606
0.0282080476049861,1.25112316552171,1.22331525171711,0.0278079138045986
0.0282351186679467,1.25109498021143,1.22335752968252,0.027737450528909
0.0282621897309074,1.25106686595834,1.22339970106217,0.0276671648961657
0.028289260793868,1.25103882258114,1.22344176612796,0.027597056453176
0.0283163318568287,1.25101084989904,1.22348372515112,0.0275271247479223
0.0283434029197893,1.25098294773169,1.22352557840213,0.0274573693295599
0.0283704739827499,1.25095511589923,1.22356732615082,0.0273877897484123
0.0283975450457106,1.25092735422226,1.22360896866629,0.0273183855559709
0.0284246161086712,1.25089966252182,1.22365050621694,0.0272491563048887
0.0284516871716318,1.25087204061946,1.22369193907048,0.0271801015489794
0.0284787582345925,1.25084448833715,1.22373326749394,0.0271112208432136
0.0285058292975531,1.25081700549735,1.22377449175364,0.0270425137437151
0.0285329003605138,1.25078959192297,1.22381561211521,0.02697397980776
0.0285599714234744,1.25076224743738,1.22385662884361,0.0269056185937702
0.028587042486435,1.25073497186439,1.22389754220308,0.0268374296613136
0.0286141135493957,1.25070776502831,1.22393835245721,0.0267694125710993
0.0286411846123563,1.25068062675386,1.22397905986888,0.026701566884975
0.028668255675317,1.25065355686624,1.22401966470031,0.0266338921659244
0.0286953267382776,1.25062655519109,1.22406016721303,0.0265663879780638
0.0287223978012382,1.25059962155452,1.22410056766788,0.0264990538866381
0.0287494688641989,1.25057275578308,1.22414086632506,0.02643188945802
0.0287765399271595,1.25054595770375,1.22418106344404,0.0263648942597052
0.0288036109901202,1.25051922714399,1.22422115928368,0.0262980678603104
0.0288306820530808,1.2504925639317,1.22426115410213,0.0262314098295693
0.0288577531160414,1.2504659678952,1.22430104815687,0.0261649197383311
0.0288848241790021,1.25043943886329,1.22434084170473,0.0260985971585566
0.0289118952419627,1.25041297666519,1.22438053500188,0.0260324416633144
0.0289389663049234,1.25038658113058,1.2244201283038,0.0259664528267807
0.028966037367884,1.25036025208956,1.22445962186533,0.0259006302242328
0.0289931084308446,1.25033398937269,1.22449901594064,0.0258349734320498
0.0290201794938053,1.25030779281095,1.22453831078324,0.0257694820277063
0.0290472505567659,1.25028166223578,1.224577506646,0.0257041555897723
0.0290743216197266,1.25025559747903,1.22461660378112,0.0256389936979085
0.0291013926826872,1.25022959837301,1.22465560244015,0.025573995932864
0.0291284637456478,1.25020366475046,1.22469450287398,0.0255091618764736
0.0291555348086085,1.25017779644453,1.22473330533287,0.0254444911116547
0.0291826058715691,1.25015199328883,1.22477201006642,0.0253799832224044
0.0292096769345297,1.25012625511739,1.22481061732359,0.0253156377937971
0.0292367479974904,1.25010058176466,1.22484912735268,0.0252514544119806
0.029263819060451,1.25007497306554,1.22488754040136,0.0251874326641746
0.0292908901234117,1.25004942885533,1.22492585671667,0.0251235721386669
0.0293179611863723,1.25002394896979,1.22496407654498,0.0250598724248106
0.0293450322493329,1.24999853324508,1.22500220013205,0.0249963331130221
0.0293721033122936,1.24997318151778,1.225040227723,0.0249329537947773
0.0293991743752542,1.24994789362491,1.2250781595623,0.0248697340626096
0.0294262454382149,1.24992266940391,1.2251159958938,0.0248066735101065
0.0294533165011755,1.24989750869263,1.22515373696072,0.024743771731907
0.0294803875641361,1.24987241132935,1.22519138300565,0.0246810283236991
0.0295074586270968,1.24984737715275,1.22522893427054,0.0246184428822165
0.0295345296900574,1.24982240600196,1.22526639099672,0.0245560150052362
0.0295616007530181,1.2497974977165,1.22530375342492,0.0244937442915762
0.0295886718159787,1.2497726521363,1.22534102179521,0.0244316303410912
0.0296157428789393,1.24974786910173,1.22537819634706,0.0243696727546716
0.0296428139419,1.24972314845356,1.22541527731932,0.0243078711342399
0.0296698850048606,1.24969849003297,1.22545226495022,0.0242462250827487
0.0296969560678213,1.24967389368154,1.22548915947736,0.0241847342041754
0.0297240271307819,1.24964935924127,1.22552596113775,0.024123398103524
0.0297510981937425,1.24962488655459,1.22556267016777,0.0240622163868185
0.0297781692567032,1.24960047546431,1.2255992868032,0.0240011886611016
0.0298052403196638,1.24957612581364,1.22563581127921,0.0239403145344319
0.0298323113826244,1.24955183744622,1.22567224383034,0.0238795936158815
0.0298593824455851,1.24952761020608,1.22570858469054,0.0238190255155337
0.0298864535085457,1.24950344393766,1.22574483409318,0.0237586098444791
0.0299135245715064,1.24947933848579,1.22578099227098,0.0236983462148133
0.029940595634467,1.24945529369572,1.22581705945608,0.0236382342396348
0.0299676666974276,1.24943130941308,1.22585303588004,0.0235782735330428
0.0299947377603883,1.24940738548392,1.22588892177379,0.0235184637101324
0.0300218088233489,1.24938352175466,1.22592471736767,0.023458804386995
0.0300488798863096,1.24935971807215,1.22596042289144,0.0233992951807125
0.0300759509492702,1.24933597428361,1.22599603857425,0.0233399357093578
0.0301030220122308,1.24931229023666,1.22603156464467,0.0232807255919893
0.0301300930751915,1.24928866577932,1.22606700133067,0.0232216644486507
0.0301571641381521,1.24926510076001,1.22610234885964,0.0231627519003665
0.0301842352011128,1.24924159502752,1.22613760745838,0.0231039875691403
0.0302113062640734,1.24921814843105,1.22617277735309,0.023045371077953
0.030238377327034,1.24919476082017,1.22620785876941,0.0229869020507587
0.0302654483899947,1.24917143204486,1.22624285193237,0.0229285801124832
0.0302925194529553,1.24914816195547,1.22627775706645,0.0228704048890205
0.030319590515916,1.24912495040276,1.22631257439553,0.022812376007231
0.0303466615788766,1.24910179723784,1.2263473041429,0.022754493094939
0.0303737326418372,1.24907870231224,1.22638194653131,0.0226967557809299
0.0304008037047979,1.24905566547784,1.2264165017829,0.0226391636949477
0.0304278747677585,1.24903268658694,1.22645097011925,0.0225817164676918
0.0304549458307192,1.24900976549219,1.22648535176137,0.0225244137308158
0.0304820168936798,1.24898690204663,1.22651964692971,0.0224672551169247
0.0305090879566404,1.24896409610369,1.22655385584412,0.0224102402595705
0.0305361590196011,1.24894134751716,1.22658797872391,0.0223533687932524
0.0305632300825617,1.24891865614123,1.22662201578782,0.0222966403534135
0.0305903011455223,1.24889602183044,1.226655967254,0.0222400545764363
0.030617372208483,1.24887344443972,1.22668983334008,0.0221836110996432
0.0306444432714436,1.24885092382438,1.22672361426309,0.0221273095612922
0.0306715143344043,1.24882845984009,1.22675731023952,0.0220711496005748
0.0306985853973649,1.24880605234291,1.22679092148529,0.0220151308576142
0.0307256564603255,1.24878370118925,1.22682444821579,0.0219592529734609
0.0307527275232862,1.2487614062359,1.22685789064581,0.0219035155900935
0.0307797985862468,1.24873916734003,1.22689124898962,0.021847918350413
0.0308068696492075,1.24871698435916,1.22692452346092,0.0217924608982423
0.0308339407121681,1.24869485715119,1.22695771427287,0.0217371428783233
0.0308610117751287,1.24867278557439,1.22699082163807,0.0216819639363142
0.0308880828380894,1.24865076948738,1.22702384576859,0.0216269237187869
0.03091515390105,1.24862880874915,1.22705678687593,0.0215720218732258
0.0309422249640107,1.24860690321907,1.22708964517105,0.0215172580480243
0.0309692960269713,1.24858505275686,1.22712242086437,0.0214626318924824
0.0309963670899319,1.24856325722258,1.22715511416578,0.0214081430568052
0.0310234381528926,1.2485415164767,1.2271877252846,0.0213537911920989
0.0310505092158532,1.24851983038001,1.22722025442964,0.0212995759503705
0.0310775802788139,1.24849819879367,1.22725270180915,0.0212454969845237
0.0311046513417745,1.24847662157921,1.22728506763085,0.021191553948358
0.0311317224047351,1.24845509859849,1.22731735210192,0.0211377464965643
0.0311587934676958,1.24843362971375,1.22734955542903,0.0210840742847249
0.0311858645306564,1.24841221478759,1.22738167781828,0.0210305369693098
0.0312129355936171,1.24839085368293,1.22741371947526,0.0209771342076746
0.0312400066565777,1.24836954626308,1.22744568060503,0.0209238656580575
0.0312670777195383,1.24834829239169,1.22747756141211,0.0208707309795788
0.031294148782499,1.24832709193276,1.22750936210052,0.0208177298322372
0.0313212198454596,1.24830594475062,1.22754108287372,0.020764861876907
0.0313482909084202,1.24828485071,1.22757272393466,0.020712126775337
0.0313753619713809,1.24826380967592,1.22760428548577,0.0206595241901479
0.0314024330343415,1.24824282151379,1.22763576772896,0.0206070537848302
0.0314295040973022,1.24822188608936,1.22766717086562,0.0205547152237402
0.0314565751602628,1.2482010032687,1.2276984950966,0.0205025081721006
0.0314836462232234,1.24818017291826,1.22772974062226,0.020450432295996
0.0315107172861841,1.24815939490481,1.22776090764244,0.020398487262371
0.0315377883491447,1.24813866909547,1.22779199635644,0.0203466727390289
0.0315648594121054,1.24811799535771,1.22782300696308,0.0202949883946288
0.031591930475066,1.24809737355933,1.22785393966065,0.0202434338986828
0.0316190015380266,1.24807680356848,1.22788479464693,0.0201920089215548
0.0316460726009873,1.24805628525364,1.22791557211919,0.0201407131344578
0.0316731436639479,1.24803581848364,1.22794627227419,0.0200895462094512
0.0317002147269086,1.24801540312764,1.2279768953082,0.0200385078194396
0.0317272857898692,1.24799503905513,1.22800744141696,0.0199875976381696
0.0317543568528298,1.24797472613595,1.22803791079572,0.0199368153402284
0.0317814279157905,1.24795446424028,1.22806830363924,0.0198861606010405
0.0318084989787511,1.24793425323861,1.22809862014174,0.0198356330968668
0.0318355700417118,1.24791409300178,1.22812886049698,0.019785232504802
0.0318626411046724,1.24789398340097,1.2281590248982,0.0197349585027713
0.031889712167633,1.24787392430767,1.22818911353814,0.0196848107695298
0.0319167832305937,1.24785391559372,1.22821912660906,0.0196347889846591
0.0319438542935543,1.24783395713129,1.22824906430272,0.0195848928285667
0.031970925356515,1.24781404879285,1.22827892681037,0.0195351219824815
0.0319979964194756,1.24779419045124,1.22830871432279,0.0194854761284537
0.0320250674824362,1.2477743819796,1.22833842703025,0.0194359549493521
0.0320521385453969,1.2477546232514,1.22836806512254,0.0193865581288608
0.0320792096083575,1.24773491414045,1.22839762878897,0.0193372853514793
0.0321062806713181,1.24771525452087,1.22842711821835,0.0192881363025175
0.0321333517342788,1.2476956442671,1.228456533599,0.0192391106680965
0.0321604227972394,1.24767608325392,1.22848587511877,0.0191902081351443
0.0321874938602001,1.24765657135642,1.22851514296502,0.0191414283913947
0.0322145649231607,1.24763710845001,1.22854433732463,0.0190927711253852
0.0322416359861213,1.24761769441044,1.22857345838399,0.0190442360264542
0.032268707049082,1.24759832911376,1.22860250632902,0.0189958227847395
0.0322957781120426,1.24757901243633,1.22863148134515,0.0189475310911766
0.0323228491750033,1.24755974425486,1.22866038361736,0.0188993606374952
0.0323499202379639,1.24754052444635,1.22868921333013,0.0188513111162183
0.0323769913009245,1.24752135288812,1.22871797066746,0.0188033822206599
0.0324040623638852,1.24750222945783,1.22874665581291,0.0187555736449232
0.0324311334268458,1.24748315403342,1.22877526894952,0.0187078850838973
0.0324582044898065,1.24746412649316,1.22880381025991,0.0186603162332566
0.0324852755527671,1.24744514671564,1.22883227992618,0.0186128667894578
0.0325123466157277,1.24742621457975,1.22886067813002,0.0185655364497388
0.0325394176786884,1.2474073299647,1.22888900505259,0.0185183249121148
0.032566488741649,1.24738849275001,1.22891726087463,0.018471231875379
0.0325935598046097,1.2473697028155,1.2289454457764,0.0184242570390982
0.0326206308675703,1.2473509600413,1.22897355993769,0.0183774001036112
0.0326477019305309,1.24733226430787,1.22900160353784,0.0183306607700284
0.0326747729934916,1.24731361549595,1.22902957675572,0.0182840387402274
0.0327018440564522,1.2472950134866,1.22905747976975,0.0182375337168528
0.0327289151194129,1.24727645816118,1.22908531275787,0.0181911454033135
0.0327559861823735,1.24725794940137,1.22911307589759,0.018144873503781
0.0327830572453341,1.24723948708913,1.22914076936595,0.0180987177231864
0.0328101283082948,1.24722107110675,1.22916839333953,0.0180526777672196
0.0328371993712554,1.24720270133679,1.22919594799446,0.0180067533423272
0.032864270434216,1.24718437766214,1.22922343350643,0.0179609441557098
0.0328913414971767,1.24716609996599,1.22925085005067,0.0179152499153203
0.0329184125601373,1.2471478681318,1.22927819780194,0.0178696703298624
0.032945483623098,1.24712968204337,1.22930547693459,0.017824205108788
0.0329725546860586,1.24711154158478,1.22933268762248,0.0177788539622958
0.0329996257490192,1.24709344664039,1.22935983003906,0.0177336166013287
0.0330266968119799,1.24707539709489,1.22938690435731,0.0176884927375724
0.0330537678749405,1.24705739283324,1.22941391074979,0.0176434820834537
0.0330808389379012,1.24703943374071,1.22944084938858,0.0175985843521373
0.0331079100008618,1.24702151970287,1.22946772044534,0.0175537992575256
0.0331349810638224,1.24700365060556,1.2294945240913,0.0175091265142546
0.0331620521267831,1.24698582633494,1.22952126049724,0.0174645658376948
0.0331891231897437,1.24696804677744,1.22954792983349,0.0174201169439467
0.0332161942527044,1.24695031181979,1.22957453226995,0.0173757795498399
0.033243265315665,1.24693262134903,1.2296010679761,0.0173315533729317
0.0332703363786256,1.24691497525246,1.22962753712095,0.0172874381315045
0.0332974074415863,1.24689737341768,1.22965393987312,0.0172434335445639
0.0333244785045469,1.24687981573259,1.22968027640075,0.0171995393318374
0.0333515495675076,1.24686230208537,1.22970654687159,0.0171557552137716
0.0333786206304682,1.24684483236447,1.22973275145294,0.0171120809115315
0.0334056916934288,1.24682740645866,1.22975889031166,0.0170685161469974
0.0334327627563895,1.24681002425696,1.2297849636142,0.017025060642764
0.0334598338193501,1.24679268564871,1.22981097152657,0.0169817141221371
0.0334869048823108,1.24677539052351,1.22983691421438,0.0169384763091349
0.0335139759452714,1.24675813877125,1.22986279184277,0.0168953469284814
0.033541047008232,1.2467409302821,1.22988860457649,0.0168523257056088
0.0335681180711927,1.24672376494652,1.22991435257986,0.016809412366654
0.0335951891341533,1.24670664265524,1.22994003601678,0.0167666066384557
0.0336222601971139,1.24668956329928,1.22996565505072,0.0167239082485549
0.0336493312600746,1.24667252676993,1.22999120984474,0.0166813169251907
0.0336764023230352,1.24665553295878,1.23001670056148,0.0166388323973004
0.0337034733859959,1.24663858175766,1.23004212736315,0.0165964543945156
0.0337305444489565,1.24662167305872,1.23006749041156,0.0165541826471636
0.0337576155119171,1.24660480675436,1.2300927898681,0.0165120168862616
0.0337846865748778,1.24658798273726,1.23011802589375,0.016469956843518
0.0338117576378384,1.24657120090039,1.23014319864906,0.0164280022513292
0.0338388287007991,1.24655446113697,1.23016830829419,0.0163861528427784
0.0338658997637597,1.24653776334051,1.23019335498888,0.0163444083516331
0.0338929708267203,1.24652110740479,1.23021833889245,0.0163027685123436
0.033920041889681,1.24650449322387,1.23024326016383,0.0162612330600416
0.0339471129526416,1.24648792069207,1.23026811896153,0.0162198017305382
0.0339741840156023,1.24647138970398,1.23029291544366,0.0161784742603219
0.0340012550785629,1.24645490015448,1.23031764976792,0.0161372503865569
0.0340283261415235,1.24643845193869,1.23034232209161,0.0160961298470816
0.0340553972044842,1.24642204495202,1.23036693257161,0.0160551123804074
0.0340824682674448,1.24640567909014,1.23039148136443,0.0160141977257144
0.0341095393304055,1.246389354249,1.23041596862614,0.015973385622853
0.0341366103933661,1.24637307032479,1.23044039451245,0.0159326758123404
0.0341636814563267,1.246356827214,1.23046475917864,0.0158920680353585
0.0341907525192874,1.24634062481336,1.2304890627796,0.0158515620337529
0.034217823582248,1.24632446301987,1.23051330546984,0.0158111575500315
0.0342448946452086,1.2463083417308,1.23053748740344,0.015770854327362
0.0342719657081693,1.24629226084368,1.23056160873411,0.0157306521095701
0.0342990367711299,1.24627622025631,1.23058566961517,0.0156905506411387
0.0343261078340906,1.24626021986674,1.23060967019953,0.0156505496672052
0.0343531788970512,1.24624425957328,1.23063361063972,0.0156106489335606
0.0343802499600118,1.24622833927451,1.23065749108787,0.0155708481866468
0.0344073210229725,1.24621245886928,1.23068131169572,0.015531147173556
0.0344343920859331,1.24619661825667,1.23070507261464,0.0154915456420288
0.0344614631488938,1.24618081733603,1.23072877399558,0.0154520433404512
0.0344885342118544,1.246165056007,1.23075241598914,0.0154126400178554
0.034515605274815,1.24614933416942,1.23077599874551,0.0153733354239147
0.0345426763377757,1.24613365172343,1.23079952241449,0.0153341293089457
0.0345697474007363,1.24611800856942,1.23082298714551,0.0152950214239038
0.034596818463697,1.24610240460801,1.23084639308762,0.0152560115203821
0.0346238895266576,1.2460868397401,1.23086974038949,0.0152170993506107
0.0346509605896182,1.24607131386684,1.23089302919938,0.0151782846674542
0.0346780316525789,1.24605582688962,1.23091625966521,0.0151395672244106
0.0347051027155395,1.2460403787101,1.23093943193449,0.0151009467756082
0.0347321737785002,1.24602496923018,1.23096254615437,0.0150624230758065
0.0347592448414608,1.24600959835201,1.23098560247162,0.0150239958803919
0.0347863159044214,1.245994265978,1.23100860103263,0.0149856649453779
0.0348133869673821,1.24597897201081,1.23103154198341,0.0149474300274031
0.0348404580303427,1.24596371635335,1.23105442546962,0.0149092908837285
0.0348675290933034,1.24594849890875,1.23107725163651,0.0148712472722372
0.034894600156264,1.24593331958043,1.23110002062899,0.0148332989514322
0.0349216712192246,1.24591817827203,1.23112273259159,0.0147954456804349
0.0349487422821853,1.24590307488745,1.23114538766846,0.0147576872189834
0.0349758133451459,1.24588800933083,1.23116798600339,0.0147200233274309
0.0350028844081065,1.24587298150655,1.23119052773981,0.014682453766744
0.0350299554710672,1.24585799131925,1.23121301302075,0.0146449782985014
0.0350570265340278,1.24584303867381,1.23123544198892,0.0146075966848926
0.0350840975969885,1.24582812347534,1.23125781478662,0.0145703086887148
0.0351111686599491,1.2458132456292,1.23128013155583,0.0145331140733731
0.0351382397229097,1.245798405041,1.23130239243813,0.0144960126028777
0.0351653107858704,1.24578360161659,1.23132459757475,0.0144590040418435
0.035192381848831,1.24576883526205,1.23134674710656,0.0144220881554875
0.0352194529117917,1.2457541058837,1.23136884117408,0.014385264709627
0.0352465239747523,1.24573941338812,1.23139087991744,0.0143485334706794
0.0352735950377129,1.24572475768212,1.23141286347646,0.0143118942056593
0.0353006661006736,1.24571013867272,1.23143479199055,0.0142753466821779
0.0353277371636342,1.24569555626723,1.23145666559879,0.0142388906684405
0.0353548082265949,1.24568101037315,1.2314784844399,0.0142025259332461
0.0353818792895555,1.24566650089825,1.23150024865226,0.0141662522459849
0.0354089503525161,1.24565202775051,1.23152195837387,0.0141300693766369
0.0354360214154768,1.24563759083816,1.23154361374239,0.0140939770957704
0.0354630924784374,1.24562319006967,1.23156521489513,0.014057975174542
0.0354901635413981,1.24560882535373,1.23158676196904,0.0140220633846917
0.0355172346043587,1.24559449659927,1.23160825510073,0.0139862414985445
0.0355443056673193,1.24558020371546,1.23162969442645,0.0139505092890082
0.03557137673028,1.24556594661168,1.23165108008211,0.0139148665295701
0.0355984477932406,1.24555172519757,1.23167241220327,0.0138793129942978
0.0356255188562013,1.24553753938299,1.23169369092515,0.0138438484578365
0.0356525899191619,1.24552338907801,1.23171491638261,0.0138084726954077
0.0356796609821225,1.24550927419297,1.23173608871017,0.0137731854828074
0.0357067320450832,1.24549519463841,1.23175720804201,0.0137379865964058
0.0357338031080438,1.24548115032511,1.23177827451197,0.0137028758131439
0.0357608741710044,1.24546714116406,1.23179928825353,0.0136678529105334
0.0357879452339651,1.24545316706651,1.23182024939986,0.0136329176666552
0.0358150162969257,1.24543922794391,1.23184115808376,0.013598069860157
0.0358420873598864,1.24542532370795,1.2318620144377,0.013563309270253
0.035869158422847,1.24541145427054,1.23188281859382,0.0135286356767215
0.0358962294858076,1.24539761954381,1.23190357068391,0.0134940488599034
0.0359233005487683,1.24538381944013,1.23192427083943,0.0134595486007019
0.0359503716117289,1.24537005387208,1.2319449191915,0.0134251346805796
0.0359774426746896,1.24535632275247,1.23196551587092,0.013390806881558
0.0360045137376502,1.24534262599434,1.23198606100812,0.0133565649862157
0.0360315848006108,1.24532896351093,1.23200655473324,0.0133224087776866
0.0360586558635715,1.24531533521571,1.23202699717606,0.0132883380396593
0.0360857269265321,1.2453017410224,1.23204738846603,0.0132543525563755
0.0361127979894928,1.2452881808449,1.23206772873227,0.0132204521126269
0.0361398690524534,1.24527465459735,1.2320880181036,0.0131866364937565
0.036166940115414,1.24526116219411,1.23210825670846,0.0131529054856556
0.0361940111783747,1.24524770354976,1.23212844467499,0.013119258874762
0.0362210822413353,1.24523427857907,1.23214858213101,0.0130856964480592
0.036248153304296,1.24522088719708,1.23216866920401,0.0130522179930752
0.0362752243672566,1.245207529319,1.23218870602112,0.0130188232978807
0.0363022954302172,1.24519420486029,1.2322086927092,0.0129855121510885
0.0363293664931779,1.24518091373659,1.23222862939474,0.0129522843418499
0.0363564375561385,1.24516765586379,1.23224851620394,0.0129191396598565
0.0363835086190991,1.24515443115798,1.23226835326265,0.0128860778953359
0.0364105796820598,1.24514123953547,1.23228814069642,0.0128530988390516
0.0364376507450204,1.24512808091277,1.23230787863047,0.0128202022823023
0.0364647218079811,1.24511495520662,1.2323275671897,0.0127873880169187
0.0364917928709417,1.24510186233396,1.23234720649869,0.012754655835264
0.0365188639339023,1.24508880221194,1.23236679668171,0.0127220055302311
0.036545934996863,1.24507577475795,1.2323863378627,0.0126894368952417
0.0365730060598236,1.24506277988955,1.2324058301653,0.0126569497242459
0.0366000771227843,1.24504981752454,1.23242527371282,0.0126245438117187
0.0366271481857449,1.24503688758091,1.23244466862825,0.0125922189526613
0.0366542192487055,1.24502398997689,1.23246401503429,0.0125599749425962
0.0366812903116662,1.24501112463088,1.23248331305331,0.0125278115775704
0.0367083613746268,1.24499829146151,1.23250256280736,0.0124957286541501
0.0367354324375875,1.24498549038762,1.2325217644182,0.0124637259694207
0.0367625035005481,1.24497272132824,1.23254091800726,0.0124318033209869
0.0367895745635087,1.24495998420264,1.23256002369567,0.0123999605069687
0.0368166456264694,1.24494727893025,1.23257908160425,0.0123681973260019
0.03684371668943,1.24493460543074,1.23259809185351,0.0123365135772364
0.0368707877523907,1.24492196362398,1.23261705456365,0.0123049090603344
0.0368978588153513,1.24490935343004,1.23263596985457,0.0122733835754703
0.0369249298783119,1.24489677476918,1.23265483784585,0.0122419369233273
0.0369520009412726,1.24488422756189,1.23267365865679,0.012210568905098
0.0369790720042332,1.24487171172884,1.23269243240636,0.0121792793224818
0.0370061430671939,1.24485922719092,1.23271115921324,0.0121480679776849
0.0370332141301545,1.24484677386922,1.2327298391958,0.0121169346734171
0.0370602851931151,1.24483435168501,1.23274847247211,0.0120858792128931
0.0370873562560758,1.24482196055978,1.23276705915995,0.0120549013998283
0.0371144273190364,1.24480960041522,1.23278559937678,0.0120240010384398
0.037141498381997,1.24479727117323,1.23280409323978,0.0119931779334437
0.0371685694449577,1.24478497275587,1.23282254086582,0.011962431890054
0.0371956405079183,1.24477270508544,1.23284094237146,0.0119317627139828
0.037222711570879,1.24476046808442,1.23285929787299,0.0119011702114364
0.0372497826338396,1.24474826167549,1.23287760748638,0.0118706541891165
0.0372768536968002,1.24473608578154,1.23289587132732,0.0118402144542173
0.0373039247597609,1.24472394032562,1.23291408951119,0.0118098508144251
0.0373309958227215,1.24471182523101,1.2329322621531,0.0117795630779163
0.0373580668856822,1.24469974042119,1.23295038936783,0.0117493510533571
0.0373851379486428,1.24468768581981,1.23296847126991,0.0117192145499008
0.0374122090116034,1.24467566135072,1.23298650797353,0.0116891533771883
0.0374392800745641,1.24466366693799,1.23300449959264,0.0116591673453454
0.0374663511375247,1.24465170250584,1.23302244624086,0.011629256264982
0.0374934222004854,1.24463976797872,1.23304034803153,0.0115994199471918
0.037520493263446,1.24462786328127,1.23305820507772,0.0115696582035487
0.0375475643264066,1.24461598833829,1.23307601749218,0.0115399708461086
0.0375746353893673,1.24460414307481,1.2330937853874,0.0115103576874052
0.0376017064523279,1.24459232741603,1.23311150887558,0.0114808185404507
0.0376287775152886,1.24458054128734,1.23312918806861,0.0114513532187346
0.0376558485782492,1.24456878461434,1.23314682307811,0.0114219615362208
0.0376829196412098,1.24455705732279,1.23316441401544,0.0113926433073483
0.0377099907041705,1.24454535933866,1.23318196099163,0.0113633983470285
0.0377370617671311,1.24453369058811,1.23319946411746,0.0113342264706446
0.0377641328300918,1.24452205099747,1.23321692350342,0.011305127494051
0.0377912038930524,1.24451044049328,1.2332343392597,0.0112761012335709
0.037818274956013,1.24449885900225,1.23325171149625,0.0112471475059956
0.0378453460189737,1.24448730645128,1.2332690403227,0.0112182661285838
0.0378724170819343,1.24447578276747,1.23328632584841,0.0111894569190585
0.0378994881448949,1.24446428787809,1.23330356818248,0.0111607196956096
0.0379265592078556,1.2444528217106,1.23332076743371,0.0111320542768878
0.0379536302708162,1.24444138419265,1.23333792371064,0.0111034604820075
0.0379807013337769,1.24442997525206,1.23335503712152,0.0110749381305435
0.0380077723967375,1.24441859481686,1.23337210777433,0.0110464870425304
0.0380348434596981,1.24440724281523,1.23338913577677,0.011018107038461
0.0380619145226588,1.24439591917556,1.23340612123628,0.0109897979392857
0.0380889855856194,1.24438462382641,1.23342306426,0.0109615595664112
0.0381160566485801,1.24437335669653,1.23343996495483,0.0109333917416987
0.0381431277115407,1.24436211771483,1.23345682342737,0.0109052942874635
0.0381701987745013,1.24435090681044,1.23347363978396,0.0108772670264734
0.038197269837462,1.24433972391263,1.23349041413068,0.0108493097819478
0.0382243409004226,1.24432856895087,1.23350714657331,0.0108214223775565
0.0382514119633833,1.24431744185481,1.2335238372174,0.0107936046374175
0.0382784830263439,1.24430634255429,1.23354048616819,0.0107658563860982
0.0383055540893045,1.24429527097929,1.23355709353068,0.0107381774486113
0.0383326251522652,1.24428422706001,1.2335736594096,0.010710567650416
0.0383596962152258,1.24427321072681,1.2335901839094,0.0106830268174163
0.0383867672781865,1.24426222191023,1.23360666713427,0.0106555547759584
0.0384138383411471,1.24425126054098,1.23362310918815,0.0106281513528319
0.0384409094041077,1.24424032654995,1.23363951017469,0.0106008163752662
0.0384679804670684,1.24422941986822,1.23365587019729,0.0105735496709318
0.038495051530029,1.24421854042702,1.23367218935908,0.0105463510679369
0.0385221225929896,1.24420768815778,1.23368846776295,0.0105192203948286
0.0385491936559503,1.24419686299208,1.23370470551149,0.0104921574805887
0.0385762647189109,1.2441860648617,1.23372090270706,0.0104651621546363
0.0386033357818716,1.24417529369857,1.23373705945175,0.0104382342468234
0.0386304068448322,1.24416454943482,1.23375317584738,0.0104113735874358
0.0386574779077928,1.24415383200272,1.23376925199553,0.0103845800071909
0.0386845489707535,1.24414314133474,1.2337852879975,0.0103578533372368
0.0387116200337141,1.24413247736351,1.23380128395435,0.0103311934091521
0.0387386910966748,1.24412184002182,1.23381723996688,0.0103046000549436
0.0387657621596354,1.24411122924266,1.23383315613562,0.0102780731070458
0.038792833222596,1.24410064495917,1.23384903256085,0.0102516123983192
0.0388199042855567,1.24409008710466,1.23386486934261,0.0102252177620501
0.0388469753485173,1.24407955561262,1.23388066658068,0.0101988890319495
0.038874046411478,1.2440690504167,1.23389642437455,0.01017262604215
0.0389011174744386,1.24405857145073,1.23391214282352,0.0101464286272077
0.0389281885373992,1.24404811864868,1.23392782202659,0.0101202966220995
0.0389552596003599,1.24403769194473,1.23394346208251,0.0100942298622213
0.0389823306633205,1.2440272912732,1.23395906308981,0.0100682281833886
0.0390094017262812,1.24401691656858,1.23397462514674,0.0100422914218345
0.0390364727892418,1.24400656776553,1.23399014835132,0.0100164194142083
0.0390635438522024,1.24399624479887,1.2340056328013,0.00999061199757545
0.0390906149151631,1.24398594760361,1.2340210785942,0.00996486900941518
0.0391176859781237,1.24397567611489,1.23403648582727,0.00993919028762069
0.0391447570410844,1.24396543026804,1.23405185459755,0.00991357567049778
0.039171828104045,1.24395520999855,1.23406718500179,0.00988802499676233
0.0391988991670056,1.24394501524206,1.23408247713652,0.00986253810554194
0.0392259702299663,1.24393484593439,1.23409773109802,0.00983711483637206
0.0392530412929269,1.24392470201152,1.23411294698233,0.00981175502919718
0.0392801123558875,1.24391458340959,1.23412812488522,0.00978645852436832
0.0393071834188482,1.2439044900649,1.23414326490226,0.00976122516264266
0.0393342544818088,1.24389442191392,1.23415836712873,0.00973605478518214
0.0393613255447695,1.24388437889326,1.23417343165971,0.00971094723355304
0.0393883966077301,1.24387436093973,1.23418845859001,0.00968590234972422
0.0394154676706907,1.24386436799027,1.2342034480142,0.009660919976066
0.0394425387336514,1.24385439998198,1.23421840002663,0.00963599995535014
0.039469609796612,1.24384445685214,1.23423331472139,0.0096111421307481
0.0394966808595727,1.24383453853818,1.23424819219235,0.00958634634582944
0.0395237519225333,1.24382464497767,1.23426303253311,0.00956161244456166
0.0395508229854939,1.24381477610837,1.23427783583706,0.00953694027130925
0.0395778940484546,1.24380493186818,1.23429260219734,0.00951232967083238
0.0396049651114152,1.24379511219516,1.23430733170687,0.00948778048828536
0.0396320361743759,1.24378531702753,1.23432202445831,0.00946329256921619
0.0396591072373365,1.24377554630367,1.2343366805441,0.00943886575956543
0.0396861783002971,1.24376579996211,1.23435130005644,0.00941449990566601
0.0397132493632578,1.24375607794154,1.2343658830873,0.00939019485424009
0.0397403204262184,1.2437463801808,1.2343804297284,0.00936595045240041
0.0397673914891791,1.2437367066189,1.23439494007125,0.00934176654764807
0.0397944625521397,1.24372705719499,1.23440941420712,0.00931764298787141
0.0398215336151003,1.24371743184838,1.23442385222704,0.00929357962134536
0.039848604678061,1.24370783051853,1.2344382542218,0.00926957629673031
0.0398756757410216,1.24369825314507,1.234452620282,0.0092456328630719
0.0399027468039823,1.24368869966776,1.23446695049796,0.00922174916979857
0.0399298178669429,1.24367917002653,1.23448124495981,0.00919792506672179
0.0399568889299035,1.24366966416146,1.23449550375742,0.00917416040403429
0.0399839599928642,1.24366018201277,1.23450972698046,0.00915045503230938
0.0400110310558248,1.24365072352084,1.23452391471834,0.0091268088025005
0.0400381021187854,1.24364128862622,1.23453806706028,0.00910322156593923
0.0400651731817461,1.24363187726958,1.23455218409524,0.00907969317433488
0.0400922442447067,1.24362248939175,1.23456626591198,0.00905622347977353
0.0401193153076674,1.24361312493373,1.23458031259901,0.00903281233471742
0.040146386370628,1.24360378383664,1.23459432424464,0.00900945959200272
0.0401734574335886,1.24359446604178,1.23460830093694,0.00898616510484018
0.0402005284965493,1.24358517149057,1.23462224276375,0.00896292872681248
0.0402275995595099,1.24357590012459,1.23463614981272,0.00893975031187511
0.0402546706224706,1.24356665188558,1.23465002217123,0.00891662971435392
0.0402817416854312,1.24355742671542,1.23466385992647,0.00889356678894515
0.0403088127483918,1.24354822455613,1.23467766316541,0.00887056139071318
0.0403358838113525,1.24353904534988,1.23469143197479,0.00884761337509099
0.0403629548743131,1.24352988903899,1.23470516644111,0.00882472259787925
0.0403900259372738,1.24352075556594,1.2347188666507,0.00880188891524369
0.0404170970002344,1.24351164487333,1.23473253268961,0.00877911218371596
0.040444168063195,1.24350255690392,1.23474616464373,0.00875639226019165
0.0404712391261557,1.24349349160061,1.23475976259868,0.00873372900193004
0.0404983101891163,1.24348444890646,1.23477332663991,0.00871112226655235
0.040525381252077,1.24347542876466,1.23478685685262,0.00868857191204131
0.0405524523150376,1.24346643111854,1.2348003533218,0.00866607779674089
0.0405795233779982,1.24345745591158,1.23481381613223,0.00864363977935367
0.0406065944409589,1.24344850308742,1.23482724536848,0.00862125771894151
0.0406336655039195,1.24343957258981,1.23484064111489,0.00859893147492397
0.0406607365668801,1.24343066436267,1.23485400345559,0.0085766609070772
0.0406878076298408,1.24342177835005,1.23486733247452,0.00855444587553356
0.0407148786928014,1.24341291449615,1.23488062825537,0.00853228624077995
0.0407419497557621,1.2434040727453,1.23489389088165,0.00851018186365815
0.0407690208187227,1.24339525304199,1.23490712043662,0.0084881326053623
0.0407960918816833,1.24338645533082,1.23492031700338,0.00846613832743959
0.040823162944644,1.24337767955656,1.23493348066477,0.00844419889178716
0.0408502340076046,1.2433689256641,1.23494661150345,0.00842231416065431
0.0408773050705653,1.2433601935985,1.23495970960186,0.00840048399663917
0.0409043761335259,1.24335148330492,1.23497277504223,0.00837870826268805
0.0409314471964865,1.24334279472868,1.23498580790658,0.00835698682209562
0.0409585182594472,1.24333412781524,1.23499880827674,0.00833531953850342
0.0409855893224078,1.2433254825102,1.2350117762343,0.00831370627589867
0.0410126603853685,1.24331685875929,1.23502471186067,0.00829214689861324
0.0410397314483291,1.24330825650837,1.23503761523705,0.00827064127132449
0.0410668025112897,1.24329967570346,1.23505048644441,0.00824918925905194
0.0410938735742504,1.2432911162907,1.23506332556355,0.00822779072715774
0.041120944637211,1.24328257821638,1.23507613267503,0.0082064455413462
0.0411480157001717,1.2432740614269,1.23508890785924,0.00818515356766114
0.0411750867631323,1.24326556586884,1.23510165119635,0.00816391467248767
0.0412021578260929,1.24325709148886,1.23511436276631,0.00814272872254818
0.0412292288890536,1.2432486382338,1.2351270426489,0.00812159558490455
0.0412562999520142,1.24324020605062,1.23513969092367,0.00810051512695442
0.0412833710149749,1.24323179488641,1.23515230766998,0.00807948721643315
0.0413104420779355,1.2432234046884,1.23516489296699,0.00805851172141048
0.0413375131408961,1.24321503540396,1.23517744689366,0.00803758851029146
0.0413645842038568,1.24320668698057,1.23518996952875,0.0080167174518142
0.0413916552668174,1.24319835936586,1.23520246095081,0.00799589841505011
0.041418726329778,1.2431900525076,1.2352149212382,0.0079751312694023
0.0414457973927387,1.24318176635368,1.23522735046908,0.00795441588460544
0.0414728684556993,1.24317350085213,1.23523974872141,0.00793375213072411
0.04149993951866,1.2431652559511,1.23525211607295,0.00791313987815223
0.0415270105816206,1.24315703159888,1.23526445260127,0.00789257899761275
0.0415540816445812,1.2431488277439,1.23527675838375,0.00787206936015616
0.0415811527075419,1.2431406443347,1.23528903349754,0.00785161083716002
0.0416082237705025,1.24313248131997,1.23530127801964,0.00783120330032783
0.0416352948334632,1.24312433864851,1.23531349202683,0.00781084662168774
0.0416623658964238,1.24311621626928,1.23532567559568,0.00779054067359364
0.0416894369593844,1.24310811413133,1.23533782880261,0.00777028532872137
0.0417165080223451,1.24310003218387,1.2353499517238,0.0077500804600712
0.0417435790853057,1.24309197037622,1.23536204443526,0.00772992594096378
0.0417706501482664,1.24308392865786,1.23537410701281,0.00770982164504175
0.041797721211227,1.24307590697835,1.23538613953208,0.0076897674462677
0.0418247922741876,1.24306790528741,1.23539814206848,0.00766976321892376
0.0418518633371483,1.24305992353488,1.23541011469727,0.00764980883761046
0.0418789344001089,1.24305196167074,1.23542205749349,0.00762990417724629
0.0419060054630696,1.24304401964507,1.235433970532,0.0076100491130664
0.0419330765260302,1.24303609740809,1.23544585388746,0.00759024352062321
0.0419601475889908,1.24302819491015,1.23545770763437,0.00757048727578269
0.0419872186519515,1.24302031210173,1.235469531847,0.00755078025472677
0.0420142897149121,1.24301244893342,1.23548132659947,0.0075311223339507
0.0420413607778728,1.24300460535594,1.23549309196568,0.00751151339026213
0.0420684318408334,1.24299678132015,1.23550482801937,0.00749195330078178
0.042095502903794,1.24298897677701,1.23551653483407,0.00747244194294105
0.0421225739667547,1.24298119167763,1.23552821248315,0.00745297919448173
0.0421496450297153,1.24297342597322,1.23553986103976,0.00743356493345604
0.0421767160926759,1.24296567961513,1.2355514805769,0.00741419903822438
0.0422037871556366,1.24295795255482,1.23556307116736,0.00739488138745559
0.0422308582185972,1.24295024474389,1.23557463288376,0.00737561186012581
0.0422579292815579,1.24294255613405,1.23558616579853,0.00735639033551783
0.0422850003445185,1.24293488667713,1.23559766998391,0.00733721669322041
0.0423120714074791,1.24292723632509,1.23560914551196,0.00731809081312651
0.0423391424704398,1.24291960503001,1.23562059245458,0.00729901257543397
0.0423662135334004,1.2429119927441,1.23563201088345,0.00727998186064394
0.0423932845963611,1.24290439941966,1.2356434008701,0.00726099854956042
0.0424203556593217,1.24289682500915,1.23565476248586,0.0072420625232883
0.0424474267222823,1.24288926946513,1.2356660958019,0.00722317366323466
0.042474497785243,1.24288173274028,1.23567740088917,0.00720433185110636
0.0425015688482036,1.2428742147874,1.23568867781849,0.00718553696891022
0.0425286399111643,1.24286671555942,1.23569992666047,0.00716678889895106
0.0425557109741249,1.24285923500937,1.23571114748554,0.00714808752383234
0.0425827820370855,1.24285177309042,1.23572234036396,0.00712943272645461
0.0426098531000462,1.24284432975584,1.23573350536583,0.00711082439001509
0.0426369241630068,1.24283690495904,1.23574464256103,0.00709226239800609
0.0426639952259675,1.24282949865352,1.23575575201931,0.00707374663421545
0.0426910662889281,1.24282211079293,1.2357668338102,0.00705527698272523
0.0427181373518887,1.242814741331,1.23577788800309,0.0070368533279106
0.0427452084148494,1.24280739022161,1.23578891466717,0.00701847555443957
0.04277227947781,1.24280005741875,1.23579991387147,0.00700014354727263
0.0427993505407707,1.2427927428765,1.23581088568484,0.00698185719166
0.0428264216037313,1.24278544654909,1.23582183017595,0.00696361637314391
0.0428534926666919,1.24277816839086,1.2358327474133,0.00694542097755568
0.0428805637296526,1.24277090835624,1.23584363746523,0.00692727089101552
0.0429076347926132,1.24276366639981,1.23585450039988,0.00690916599993185
0.0429347058555738,1.24275644247624,1.23586533628524,0.00689110619100086
0.0429617769185345,1.24274923654032,1.23587614518911,0.00687309135120495
0.0429888479814951,1.24274204854696,1.23588692717915,0.00685512136781319
0.0430159190444558,1.24273487845119,1.23589768232281,0.00683719612837952
0.0430429901074164,1.24272772620813,1.23590841068739,0.00681931552074233
0.043070061170377,1.24272059177305,1.23591911234002,0.00680147943302423
0.0430971322333377,1.24271347510129,1.23592978734766,0.00678368775363047
0.0431242032962983,1.24270637614834,1.23594043577709,0.00676594037124922
0.043151274359259,1.24269929486978,1.23595105769493,0.00674823717484951
0.0431783454222196,1.24269223122131,1.23596165316763,0.00673057805368193
0.0432054164851802,1.24268518515875,1.23597222226147,0.00671296289727707
0.0432324875481409,1.24267815663801,1.23598276504257,0.00669539159544486
0.0432595586111015,1.24267114561515,1.23599328157687,0.00667786403827453
0.0432866296740622,1.24266415204629,1.23600377193016,0.00666038011613246
0.0433137007370228,1.2426571758877,1.23601423616804,0.00664293971966301
0.0433407717999834,1.24265021709575,1.23602467435596,0.00662554273978699
0.0433678428629441,1.24264327562692,1.23603508655921,0.006608189067701
0.0433949139259047,1.24263635143779,1.23604547284291,0.00659087859487717
0.0434219849888654,1.24262944448506,1.236055833272,0.00657361121306188
0.043449056051826,1.24262255472555,1.23606616791127,0.00655638681427573
0.0434761271147866,1.24261568211616,1.23607647682535,0.00653920529081131
0.0435031981777473,1.24260882661393,1.23608676007869,0.00652206653523502
0.0435302692407079,1.24260198817599,1.2360970177356,0.00650497044038367
0.0435573403036685,1.24259516675958,1.23610724986022,0.00648791689936634
0.0435844113666292,1.24258836232206,1.2361174565165,0.00647090580556164
0.0436114824295898,1.24258157482088,1.23612763776826,0.00645393705261776
0.0436385534925505,1.24257480421362,1.23613779367916,0.006437010534452
0.0436656245555111,1.24256805045793,1.23614792431268,0.00642012614524989
0.0436926956184717,1.24256131351162,1.23615802973216,0.00640328377946475
0.0437197666814324,1.24255459333256,1.23616811000074,0.00638648333181657
0.043746837744393,1.24254788987875,1.23617816518146,0.00636972469729113
0.0437739088073537,1.24254120310829,1.23618819533715,0.00635300777114023
0.0438009798703143,1.24253453297939,1.23619820053051,0.00633633244888054
0.0438280509332749,1.24252787945035,1.23620818082406,0.00631969862629211
0.0438551219962356,1.2425212424796,1.23621813628018,0.00630310619941987
0.0438821930591962,1.24251462202566,1.23622806696109,0.00628655506457032
0.0439092641221569,1.24250801804716,1.23623797292885,0.00627004511831175
0.0439363351851175,1.24250143050282,1.23624785424535,0.00625357625747558
0.0439634062480781,1.2424948593515,1.23625771097234,0.00623714837915279
0.0439904773110388,1.24248830455211,1.23626754317142,0.00622076138069438
0.0440175483739994,1.24248176606372,1.23627735090401,0.0062044151597116
0.0440446194369601,1.24247524384546,1.23628713423139,0.00618810961407368
0.0440716904999207,1.2424687378566,1.23629689321469,0.00617184464190834
0.0440987615628813,1.24246224805647,1.23630662791487,0.00615562014160065
0.044125832625842,1.24245577440455,1.23631633839276,0.00613943601179279
0.0441529036888026,1.24244931686039,1.236326024709,0.00612329215138274
0.0441799747517633,1.24244287538364,1.23633568692412,0.00610718845952385
0.0442070458147239,1.24243644993408,1.23634532509846,0.00609112483562502
0.0442341168776845,1.24243004047157,1.23635493929222,0.00607510117934851
0.0442611879406452,1.24242364695608,1.23636452956547,0.0060591173906106
0.0442882590036058,1.24241726934767,1.23637409597809,0.00604317336958005
0.0443153300665664,1.2424109076065,1.23638363858983,0.00602726901667827
0.0443424011295271,1.24240456169286,1.23639315746029,0.00601140423257829
0.0443694721924877,1.24239823156711,1.23640265264891,0.00599557891820357
0.0443965432554484,1.24239191718972,1.236412124215,0.0059797929747285
0.044423614318409,1.24238561852126,1.23642157221769,0.00596404630357639
0.0444506853813696,1.2423793355224,1.23643099671598,0.00594833880642054
0.0444777564443303,1.24237306815391,1.23644039776872,0.00593267038518186
0.0445048275072909,1.24236681637664,1.23644977543462,0.00591704094202905
0.0445318985702516,1.24236058015158,1.23645912977221,0.00590145037937861
0.0445589696332122,1.24235435943979,1.2364684608399,0.00588589859989308
0.0445860406961728,1.24234815420243,1.23647776869594,0.00587038550648034
0.0446131117591335,1.24234196440075,1.23648705339846,0.00585491100229452
0.0446401828220941,1.24233578999613,1.23649631500539,0.00583947499073356
0.0446672538850548,1.24232963095001,1.23650555357457,0.00582407737543988
0.0446943249480154,1.24232348722395,1.23651476916365,0.00580871806029903
0.044721396010976,1.24231735877961,1.23652396183017,0.00579339694943926
0.0447484670739367,1.24231124557873,1.23653313163149,0.00577811394723082
0.0447755381368973,1.24230514758315,1.23654227862486,0.00576286895828582
0.044802609199858,1.24229906475482,1.23655140286736,0.00574766188745679
0.0448296802628186,1.24229299705577,1.23656050441593,0.00573249263983722
0.0448567513257792,1.24228694444814,1.23656958332738,0.00571736112075927
0.0448838223887399,1.24228090689415,1.23657863965836,0.0057022672357947
0.0449108934517005,1.24227488435613,1.23658767346538,0.00568721089075419
0.0449379645146612,1.24226887679651,1.23659668480482,0.00567219199168512
0.0449650355776218,1.24226288417778,1.23660567373291,0.00565721044487311
0.0449921066405824,1.24225690646257,1.23661464030573,0.00564226615683916
0.0450191777035431,1.24225094361357,1.23662358457923,0.00562735903434186
0.0450462487665037,1.24224499559358,1.23663250660921,0.00561248898437361
0.0450733198294643,1.2422390623655,1.23664140645133,0.00559765591416306
0.045100390892425,1.2422331438923,1.23665028416113,0.00558285973117179
0.0451274619553856,1.24222724013707,1.23665913979397,0.00556810034309563
0.0451545330183463,1.24222135106298,1.23666797340511,0.00555337765786335
0.0451816040813069,1.24221547663329,1.23667678504965,0.00553869158363596
0.0452086751442675,1.24220961681135,1.23668557478255,0.0055240420288063
0.0452357462072282,1.24220377156063,1.23669434265863,0.00550942890199857
0.0452628172701888,1.24219794084466,1.23670308873259,0.00549485211206768
0.0452898883331495,1.24219212462707,1.23671181305897,0.00548031156809814
0.0453169593961101,1.24218632287159,1.23672051569219,0.00546580717940426
0.0453440304590707,1.24218053554204,1.23672919668651,0.00545133885552929
0.0453711015220314,1.24217476260233,1.23673785609608,0.00543690650624429
0.045398172584992,1.24216900401645,1.2367464939749,0.00542251004154837
0.0454252436479527,1.2421632597485,1.23675511037683,0.00540814937166756
0.0454523147109133,1.24215752976265,1.2367637053556,0.00539382440705505
0.0454793857738739,1.24215181402319,1.2367722789648,0.00537953505838895
0.0455064568368346,1.24214611249446,1.23678083125789,0.00536528123657343
0.0455335278997952,1.24214042514093,1.23678936228819,0.00535106285273734
0.0455605989627559,1.24213475192712,1.23679787210889,0.00533687981823383
0.0455876700257165,1.24212909281769,1.23680636077305,0.00532273204463962
0.0456147410886771,1.24212344777733,1.23681482833358,0.00530861944375394
0.0456418121516378,1.24211781677087,1.23682327484327,0.00529454192759982
0.0456688832145984,1.2421121997632,1.23683170035478,0.00528049940842079
0.045695954277559,1.2421065967193,1.23684010492062,0.00526649179868288
0.0457230253405197,1.24210100760426,1.23684848859319,0.0052525190110726
0.0457500964034803,1.24209543238323,1.23685685142473,0.0052385809584965
0.045777167466441,1.24208987102146,1.23686519346738,0.00522467755408074
0.0458042385294016,1.2420843234843,1.23687351477313,0.00521080871117086
0.0458313095923622,1.24207878973716,1.23688181539383,0.00519697434333133
0.0458583806553229,1.24207326974557,1.23689009538122,0.00518317436434379
0.0458854517182835,1.24206776347511,1.23689835478691,0.00516940868820792
0.0459125227812442,1.24206227089149,1.23690659366235,0.00515567722914012
0.0459395938442048,1.24205679196046,1.23691481205889,0.00514197990157306
0.0459666649071654,1.24205132664789,1.23692301002774,0.00512831662015523
0.0459937359701261,1.24204587491973,1.23693118761998,0.00511468729975073
0.0460208070330867,1.24204043674201,1.23693934488657,0.00510109185543794
0.0460478780960474,1.24203501208083,1.23694748187832,0.00508753020250907
0.046074949159008,1.24202960090242,1.23695559864595,0.00507400225647103
0.0461020202219686,1.24202420317305,1.23696369524,0.0050605079330428
0.0461290912849293,1.24201881885909,1.23697177171094,0.00504704714815607
0.0461561623478899,1.24201344792701,1.23697982810906,0.0050336198179548
0.0461832334108506,1.24200809034335,1.23698786448455,0.00502022585879391
0.0462103044738112,1.24200274607473,1.23699588088749,0.0050068651872397
0.0462373755367718,1.24199741508786,1.23700387736779,0.00499353772006872
0.0462644465997325,1.24199209734954,1.23701185397527,0.00498024337426695
0.0462915176626931,1.24198679282664,1.23701981075961,0.00496698206702995
0.0463185887256538,1.24198150148613,1.23702774777037,0.00495375371576223
0.0463456597886144,1.24197622329506,1.23703566505698,0.00494055823807615
0.046372730851575,1.24197095822055,1.23704356266875,0.00492739555179167
0.0463998019145357,1.2419657062298,1.23705144065487,0.00491426557493657
0.0464268729774963,1.24196046729013,1.23705929906438,0.00490116822574427
0.0464539440404569,1.24195524136889,1.23706713794624,0.00488810342265511
0.0464810151034176,1.24195002843356,1.23707495734924,0.00487507108431506
0.0465080861663782,1.24194482845166,1.23708275732208,0.00486207112957371
0.0465351572293389,1.24193964139082,1.23709053791334,0.00484910347748735
0.0465622282922995,1.24193446721875,1.23709829917144,0.00483616804731457
0.0465892993552601,1.24192930590324,1.23710604114472,0.00482326475851824
0.0466163704182208,1.24192415741213,1.23711376388137,0.00481039353076396
0.0466434414811814,1.2419190217134,1.23712146742948,0.00479755428392004
0.0466705125441421,1.24191389877505,1.237129151837,0.00478474693805597
0.0466975836071027,1.24190878856521,1.23713681715176,0.00477197141344377
0.0467246546700633,1.24190369105205,1.2371444634215,0.00475922763055525
0.046751725733024,1.24189860620385,1.23715209069379,0.00474651551006344
0.0467787967959846,1.24189353398896,1.23715969901612,0.00473383497284119
0.0468058678589453,1.24188847437581,1.23716728843585,0.00472118593996007
0.0468329389219059,1.2418834273329,1.23717485900021,0.00470856833269084
0.0468600099848665,1.24187839282883,1.23718241075633,0.00469598207250299
0.0468870810478272,1.24187337083225,1.23718994375119,0.00468342708106362
0.0469141521107878,1.24186836131192,1.23719745803169,0.004670903280237
0.0469412231737485,1.24186336423666,1.23720495364458,0.00465841059208438
0.0469682942367091,1.24185837957537,1.23721243063651,0.0046459489388635
0.0469953652996697,1.24185340729704,1.23721988905401,0.00463351824302727
0.0470224363626304,1.24184844737072,1.23722732894349,0.00462111842722512
0.047049507425591,1.24184349976555,1.23723475035125,0.00460874941430034
0.0470765784885517,1.24183856445074,1.23724215332345,0.00459641112729114
0.0471036495515123,1.2418336413956,1.23724953790617,0.00458410348942873
0.0471307206144729,1.24182873056948,1.23725690414534,0.004571826424139
0.0471577916774336,1.24182383194184,1.2372642520868,0.00455957985503974
0.0471848627403942,1.2418189454822,1.23727158177626,0.00454736370594122
0.0472119338033548,1.24181407116017,1.23727889325932,0.00453517790084601
0.0472390048663155,1.24180920894541,1.23728618658146,0.00452302236394764
0.0472660759292761,1.24180435880768,1.23729346178805,0.00451089701963103
0.0472931469922368,1.24179952071682,1.23730071892435,0.00449880179247075
0.0473202180551974,1.24179469464272,1.23730795803549,0.00448673660723187
0.047347289118158,1.24178988055538,1.23731517916651,0.0044747013888693
0.0473743601811187,1.24178507842484,1.23732238236231,0.00446269606252603
0.0474014312440793,1.24178028822124,1.23732956766771,0.00445072055353402
0.04742850230704,1.24177550991479,1.23733673512738,0.0044387747874135
0.0474555733700006,1.24177074347578,1.2373438847859,0.00442685868987169
0.0474826444329612,1.24176598887455,1.23735101668775,0.00441497218680298
0.0475097154959219,1.24176124608154,1.23735813087725,0.00440311520428849
0.0475367865588825,1.24175651506727,1.23736522739867,0.00439128766859587
0.0475638576218432,1.2417517958023,1.23737230629612,0.0043794895061775
0.0475909286848038,1.2417470882573,1.23737936761362,0.00436772064367141
0.0476179997477644,1.24174239240299,1.23738641139509,0.00435598100790036
0.0476450708107251,1.24173770821018,1.2373934376843,0.00434427052587139
0.0476721418736857,1.24173303564974,1.23740044652496,0.00433258912477474
0.0476992129366464,1.24172837469262,1.23740743796064,0.00432093673198475
0.047726283999607,1.24172372530985,1.23741441203479,0.00430931327505779
0.0477533550625676,1.24171908747252,1.23742136879079,0.00429771868173345
0.0477804261255283,1.2417144611518,1.23742830827187,0.00428615287993206
0.0478074971884889,1.24170984631893,1.23743523052117,0.00427461579775668
0.0478345682514495,1.24170524294522,1.23744213558173,0.00426310736349023
0.0478616393144102,1.24170065100206,1.23744902349647,0.00425162750559682
0.0478887103773708,1.24169607046091,1.23745589430819,0.00424017615272021
0.0479157814403315,1.2416915012933,1.23746274805962,0.00422875323368377
0.0479428525032921,1.24168694347082,1.23746958479333,0.00421735867749029
0.0479699235662527,1.24168239696515,1.23747640455183,0.00420599241332087
0.0479969946292134,1.24167786174804,1.2374832073775,0.00419465437053512
0.048024065692174,1.24167333779129,1.23748999331262,0.00418334447867053
0.0480511367551347,1.2416688250668,1.23749676239936,0.00417206266744152
0.0480782078180953,1.24166432354652,1.23750351467978,0.00416080886673931
0.0481052788810559,1.24165983320248,1.23751025019585,0.00414958300663182
0.0481323499440166,1.24165535400677,1.23751696898941,0.00413838501736308
0.0481594210069772,1.24165088593157,1.23752367110221,0.00412721482935186
0.0481864920699379,1.2416464289491,1.23753035657591,0.00411607237319322
0.0482135631328985,1.24164198303169,1.23753702545203,0.00410495757965545
0.0482406341958591,1.2416375481517,1.23754367777202,0.00409387037968223
0.0482677052588198,1.24163312428158,1.23755031357719,0.00408281070439065
0.0482947763217804,1.24162871139385,1.23755693290878,0.00407177848507034
0.0483218473847411,1.2416243094611,1.23756353580791,0.0040607736531848
0.0483489184477017,1.24161991845597,1.2375701223156,0.00404979614036916
0.0483759895106623,1.2416155383512,1.23757669247277,0.00403884587843084
0.048403060573623,1.24161116911957,1.23758324632022,0.0040279227993496
0.0484301316365836,1.24160681073393,1.23758978389866,0.00401702683527438
0.0484572026995443,1.24160246316724,1.23759630524871,0.00400615791852665
0.0484842737625049,1.24159812639246,1.23760281041087,0.0039953159815973
0.0485113448254655,1.24159380038268,1.23760929942554,0.00398450095714686
0.0485384158884262,1.24158948511103,1.23761577233302,0.00397371277800573
0.0485654869513868,1.24158518055069,1.23762222917352,0.00396295137717262
0.0485925580143474,1.24158088667495,1.23762866998714,0.00395221668781542
0.0486196290773081,1.24157660345713,1.23763509481386,0.00394150864327014
0.0486467001402687,1.24157233087064,1.2376415036936,0.00393082717703952
0.0486737712032294,1.24156806888894,1.23764789666615,0.00392017222279439
0.04870084226619,1.24156381748557,1.2376542737712,0.00390954371437169
0.0487279133291506,1.24155957663413,1.23766063504836,0.00389894158577575
0.0487549843921113,1.24155534630829,1.23766698053712,0.00388836577117568
0.0487820554550719,1.24155112648179,1.23767331027688,0.00387781620490735
0.0488091265180326,1.24154691712841,1.23767962430694,0.00386729282147047
0.0488361975809932,1.24154271822204,1.23768592266651,0.0038567955555302
0.0488632686439538,1.24153852973659,1.23769220539467,0.00384632434191601
0.0488903397069145,1.24153435164607,1.23769847253045,0.003835879115621
0.0489174107698751,1.24153018392454,1.23770472411274,0.00382545981180171
0.0489444818328358,1.24152602654613,1.23771096018036,0.00381506636577744
0.0489715528957964,1.24152187948504,1.23771718077201,0.00380469871303091
0.048998623958757,1.24151774271551,1.2377233859263,0.00379435678920648
0.0490256950217177,1.24151361621187,1.23772957568176,0.00378404053010994
0.0490527660846783,1.24150949994851,1.2377357500768,0.0037737498717092
0.049079837147639,1.24150539389988,1.23774190914974,0.00376348475013288
0.0491069082105996,1.24150129804049,1.23774805293882,0.00375324510166974
0.0491339792735602,1.24149721234493,1.23775418148216,0.0037430308627695
0.0491610503365209,1.24149313678784,1.2377602948178,0.00373284197004042
0.0491881213994815,1.24148907134392,1.23776639298367,0.00372267836025131
0.0492151924624422,1.24148501598796,1.23777247601763,0.00371253997032928
0.0492422635254028,1.24148097069477,1.23777854395741,0.00370242673736043
0.0492693345883634,1.24147693543926,1.23778459684067,0.00369233859858853
0.0492964056513241,1.24147291019639,1.23779063470497,0.00368227549141498
0.0493234767142847,1.24146889494118,1.23779665758778,0.00367223735339861
0.0493505477772453,1.24146488964873,1.23780266552647,0.00366222412225592
0.049377618840206,1.24146089429417,1.23780865855831,0.0036522357358586
0.0494046899031666,1.24145690885272,1.23781463672048,0.00364227213223534
0.0494317609661273,1.24145293329965,1.23782060005008,0.00363233324957091
0.0494588320290879,1.2414489676103,1.2378265485841,0.00362241902620442
0.0494859030920485,1.24144501176008,1.23783248235944,0.00361252940063039
0.0495129741550092,1.24144106572442,1.23783840141292,0.00360266431149814
0.0495400452179698,1.24143712947887,1.23784430578126,0.00359282369761083
0.0495671162809305,1.24143320299899,1.23785019550107,0.00358300749792506
0.0495941873438911,1.24142928626044,1.23785607060889,0.003573215651552
0.0496212584068517,1.24142537923892,1.23786193114117,0.00356344809775422
0.0496483294698124,1.2414214819102,1.23786777713425,0.00355370477594774
0.049675400532773,1.2414175942501,1.2378736086244,0.00354398562570157
0.0497024715957337,1.24141371623452,1.23787942564778,0.00353429058673482
0.0497295426586943,1.24140984783939,1.23788522824047,0.00352461959891914
0.0497566137216549,1.24140598904073,1.23789101643846,0.00351497260227696
0.0497836847846156,1.24140213981461,1.23789679027763,0.00350534953698145
0.0498107558475762,1.24139830013716,1.23790254979381,0.00349575034335636
0.0498378269105369,1.24139446998457,1.2379082950227,0.00348617496187442
0.0498648979734975,1.24139064933309,1.23791402599993,0.0034766233331589
0.0498919690364581,1.24138683815901,1.23791974276103,0.00346709539798162
0.0499190400994188,1.24138303643873,1.23792544534146,0.00345759109726362
0.0499461111623794,1.24137924414865,1.23793113377658,0.00344811037207382
0.0499731822253401,1.24137546126527,1.23793680810164,0.00343865316362946
0.0500002532883007,1.24137168776514,1.23794246835184,0.00342921941329521
0.0500273243512613,1.24136792362486,1.23794811456227,0.00341980906258343
0.050054395414222,1.24136416882108,1.23795374676793,0.00341042205315301
0.0500814664771826,1.24136042333055,1.23795936500374,0.00340105832680893
0.0501085375401432,1.24135668713002,1.23796496930452,0.0033917178255034
0.0501356086031039,1.24135296019636,1.23797055970502,0.00338240049133387
0.0501626796660645,1.24134924250644,1.2379761362399,0.00337310626654275
0.0501897507290252,1.24134553403723,1.23798169894371,0.00336383509351812
0.0502168217919858,1.24134183476574,1.23798724785095,0.0033545869147924
0.0502438928549464,1.24133814466904,1.237992782996,0.00334536167304234
0.0502709639179071,1.24133446372426,1.23799830441317,0.00333615931108899
0.0502980349808677,1.24133079190858,1.23800381213668,0.00332697977189622
0.0503251060438284,1.24132712919925,1.23800930620068,0.00331782299857197
0.050352177106789,1.24132347557357,1.2380147866392,0.00330868893436609
0.0503792481697496,1.24131983100889,1.23802025348622,0.00329957752267207
0.0504063192327103,1.24131619548263,1.23802570677561,0.00329048870702442
0.0504333902956709,1.24131256897226,1.23803114654116,0.00328142243110019
0.0504604613586316,1.24130895145531,1.23803657281659,0.00327237863871699
0.0504875324215922,1.24130534290935,1.23804198563552,0.00326335727383475
0.0505146034845528,1.24130174331204,1.23804738503149,0.00325435828055265
0.0505416745475135,1.24129815264107,1.23805277103795,0.00324538160311083
0.0505687456104741,1.24129457087418,1.23805814368829,0.00323642718589001
0.0505958166734348,1.24129099798918,1.23806350301577,0.00322749497340968
0.0506228877363954,1.24128743396395,1.23806884905362,0.00321858491032878
0.050649958799356,1.2412838787764,1.23807418183495,0.00320969694144524
0.0506770298623167,1.2412803324045,1.2380795013928,0.00320083101169577
0.0507041009252773,1.24127679482628,1.23808480776013,0.00319198706615476
0.0507311719882379,1.24127326601983,1.2380901009698,0.00318316505003513
0.0507582430511986,1.24126974596329,1.23809538105461,0.00317436490868639
0.0507853141141592,1.24126623463486,1.23810064804726,0.00316558658759636
0.0508123851771199,1.24126273201278,1.23810590198039,0.00315683003238876
0.0508394562400805,1.24125923807535,1.23811114288653,0.00314809518882408
0.0508665273030411,1.24125575280094,1.23811637079814,0.00313938200279917
0.0508935983660018,1.24125227616796,1.23812158574761,0.00313069042034608
0.0509206694289624,1.24124880815487,1.23812678776724,0.00312202038763276
0.0509477404919231,1.2412453487402,1.23813197688924,0.00311337185096194
0.0509748115548837,1.24124189790253,1.23813715314576,0.00310474475677158
0.0510018826178443,1.24123845562047,1.23814231656884,0.00309613905163375
0.051028953680805,1.24123502187272,1.23814746719047,0.00308755468225419
0.0510560247437656,1.24123159663801,1.23815260504254,0.00307899159547298
0.0510830958067263,1.24122817989513,1.23815773015686,0.0030704497382632
0.0511101668696869,1.24122477162291,1.23816284256518,0.00306192905773117
0.0511372379326475,1.24122137180027,1.23816794229915,0.00305342950111576
0.0511643089956082,1.24121798040613,1.23817302939035,0.00304495101578839
0.0511913800585688,1.24121459741952,1.23817810387027,0.00303649354925262
0.0512184511215295,1.24121122281948,1.23818316577033,0.00302805704914322
0.0512455221844901,1.24120785658511,1.23818821512188,0.00301964146322642
0.0512725932474507,1.24120449869558,1.23819325195618,0.00301124673940034
0.0512996643104114,1.2412011491301,1.2381982763044,0.003002872825693
0.051326735373372,1.24119780786792,1.23820328819766,0.00299451967026232
0.0513538064363327,1.24119447488838,1.23820828766698,0.00298618722139765
0.0513808774992933,1.24119115017083,1.23821327474331,0.00297787542751693
0.0514079485622539,1.24118783369469,1.23821824945752,0.00296958423716753
0.0514350196252146,1.24118452543943,1.2382232118404,0.00296131359902696
0.0514620906881752,1.24118122538458,1.23822816192268,0.00295306346189994
0.0514891617511358,1.24117793350971,1.23823309973499,0.0029448337747211
0.0515162328140965,1.24117464979444,1.23823802530789,0.00293662448655185
0.0515433038770571,1.24117137421845,1.23824293867187,0.00292843554658195
0.0515703749400178,1.24116810676147,1.23824783985734,0.00292026690412905
0.0515974460029784,1.24116484740327,1.23825272889464,0.00291211850863649
0.051624517065939,1.24116159612369,1.23825760581401,0.00290399030967592
0.0516515881288997,1.2411583529026,1.23826247064565,0.00289588225694515
0.0516786591918603,1.24115511771993,1.23826732341966,0.00288779430026698
0.051705730254821,1.24115189055566,1.23827216416606,0.00287972638959144
0.0517328013177816,1.24114867138982,1.23827699291482,0.00287167847499359
0.0517598723807422,1.24114546020249,1.23828180969581,0.00286365050667303
0.0517869434437029,1.2411422569738,1.23828661453885,0.00285564243495529
0.0518140145066635,1.24113906168393,1.23829140747364,0.00284765421028998
0.0518410855696242,1.24113587431312,1.23829618852987,0.00283968578325111
0.0518681566325848,1.24113269484163,1.2383009577371,0.00283173710453566
0.0518952276955454,1.2411295232498,1.23830571512484,0.00282380812496608
0.0519222987585061,1.24112635951801,1.23831046072253,0.00281589879548605
0.0519493698214667,1.24112320362668,1.23831519455952,0.00280800906716383
0.0519764408844274,1.24112005555629,1.2383199166651,0.00280013889119002
0.052003511947388,1.24111691528737,1.23832462706849,0.00279228821887645
0.0520305830103486,1.24111378280048,1.23832932579882,0.00278445700165886
0.0520576540733093,1.24111065807625,1.23833401288516,0.00277664519109311
0.0520847251362699,1.24110754109536,1.2383386883565,0.00276885273885741
0.0521117961992306,1.24110443183852,1.23834335224177,0.00276107959675076
0.0521388672621912,1.24110133028649,1.2383480045698,0.00275332571669296
0.0521659383251518,1.24109823642011,1.23835264536938,0.0027455910507248
0.0521930093881125,1.24109515022022,1.23835727466921,0.0027378755510068
0.0522200804510731,1.24109207166775,1.23836189249793,0.00273017916981977
0.0522471515140337,1.24108900074364,1.23836649888408,0.00272250185956335
0.0522742225769944,1.24108593742892,1.23837109385616,0.00271484357275731
0.052301293639955,1.24108288170463,1.23837567744259,0.00270720426204019
0.0523283647029157,1.24107983355188,1.23838024967172,0.00269958388016911
0.0523554357658763,1.24107679295182,1.23838481057181,0.00269198238001955
0.0523825068288369,1.24107375988565,1.23838936017107,0.00268439971458556
0.0524095778917976,1.24107073433461,1.23839389849763,0.00267683583697864
0.0524366489547582,1.24106771627999,1.23839842557956,0.00266929070042687
0.0524637200177189,1.24106470570313,1.23840294144485,0.0026617642582778
0.0524907910806795,1.24106170258541,1.23840744612142,0.00265425646399375
0.0525178621436401,1.24105870690828,1.23841193963712,0.00264676727115476
0.0525449332066008,1.2410557186532,1.23841642201974,0.00263929663345674
0.0525720042695614,1.2410527378017,1.23842089329699,0.00263184450471177
0.0525990753325221,1.24104976433536,1.23842535349651,0.00262441083884801
0.0526261463954827,1.24104679823578,1.23842980264587,0.00261699558990802
0.0526532174584433,1.24104383948464,1.23843424077259,0.00260959871205113
0.052680288521404,1.24104088806364,1.23843866790409,0.00260222015954992
0.0527073595843646,1.24103794395453,1.23844308406774,0.00259485988679242
0.0527344306473253,1.24103500713913,1.23844748929085,0.00258751784828082
0.0527615017102859,1.24103207759927,1.23845188360064,0.00258019399863163
0.0527885727732465,1.24102915531685,1.23845626702427,0.00257288829257418
0.0528156438362072,1.2410262402738,1.23846063958885,0.00256560068495149
0.0528427148991678,1.2410233324521,1.23846500132138,0.00255833113072068
0.0528697859621284,1.2410204318338,1.23846935224885,0.00255107958495016
0.0528968570250891,1.24101753840095,1.23847369239812,0.00254384600282243
0.0529239280880497,1.24101465213567,1.23847802179604,0.00253663033963081
0.0529509991510104,1.24101177302013,1.23848234046935,0.00252943255078186
0.052978070213971,1.24100890103653,1.23848664844474,0.00252225259179273
0.0530051412769316,1.24100603616713,1.23849094574884,0.00251509041829312
0.0530322123398923,1.24100317839423,1.2384952324082,0.00250794598602333
0.0530592834028529,1.24100032770015,1.23849950844932,0.00250081925083423
0.0530863544658136,1.24099748406729,1.2385037738986,0.00249371016868749
0.0531134255287742,1.24099464747808,1.23850802878242,0.00248661869565514
0.0531404965917348,1.24099181791498,1.23851227312706,0.00247954478792001
0.0531675676546955,1.24098899536052,1.23851650695875,0.00247248840177261
0.0531946387176561,1.24098617979726,1.23852073030365,0.00246544949361494
0.0532217097806168,1.2409833712078,1.23852494318784,0.00245842801995733
0.0532487808435774,1.24098056957478,1.23852914563736,0.00245142393741915
0.053275851906538,1.24097777488091,1.23853333767818,0.00244443720272836
0.0533029229694987,1.2409749871089,1.23853751933618,0.00243746777272147
0.0533299940324593,1.24097220624155,1.23854169063721,0.00243051560434249
0.05335706509542,1.24096943226167,1.23854585160703,0.00242358065464443
0.0533841361583806,1.24096666515213,1.23855000227134,0.00241666288078646
0.0534112072213412,1.24096390489583,1.23855414265579,0.00240976224003564
0.0534382782843019,1.24096115147572,1.23855827278596,0.00240287868976652
0.0534653493472625,1.2409584048748,1.23856239268734,0.00239601218745955
0.0534924204102232,1.2409556650761,1.23856650238539,0.00238916269070244
0.0535194914731838,1.24095293206269,1.2385706019055,0.00238233015718814
0.0535465625361444,1.2409502058177,1.23857469127299,0.00237551454471618
0.0535736335991051,1.24094748632429,1.2385787705131,0.0023687158111918
0.0536007046620657,1.24094477356566,1.23858283965104,0.00236193391462525
0.0536277757250263,1.24094206752507,1.23858689871194,0.00235516881313247
0.053654846787987,1.24093936818579,1.23859094772085,0.00234842046493355
0.0536819178509476,1.24093667553116,1.2385949867028,0.00234168882835339
0.0537089889139083,1.24093398954454,1.23859901568272,0.00233497386182169
0.0537360599768689,1.24093131020936,1.23860303468549,0.00232827552387138
0.0537631310398295,1.24092863750907,1.23860704373593,0.00232159377314023
0.0537902021027902,1.24092597142716,1.23861104285879,0.00231492856836879
0.0538172731657508,1.24092331194717,1.23861503207877,0.0023082798684011
0.0538443442287115,1.24092065905269,1.2386190114205,0.00230164763218421
0.0538714152916721,1.24091801272732,1.23862298090855,0.00229503181876778
0.0538984863546327,1.24091537295474,1.23862694056743,0.00228843238730425
0.0539255574175934,1.24091273971863,1.23863089042159,0.00228184929704822
0.053952628480554,1.24091011300276,1.2386348304954,0.0022752825073562
0.0539796995435147,1.24090749279089,1.2386387608132,0.00226873197768662
0.0540067706064753,1.24090487906685,1.23864268139925,0.00226219766759872
0.0540338416694359,1.24090227181452,1.23864659227776,0.00225567953675387
0.0540609127323966,1.24089967101778,1.23865049347287,0.00224917754491383
0.0540879837953572,1.24089707666059,1.23865438500865,0.00224269165194113
0.0541150548583179,1.24089448872693,1.23865826690913,0.00223622181779892
0.0541421259212785,1.24089190720083,1.23866213919828,0.0022297680025507
0.0541691969842391,1.24088933206636,1.2386660019,0.00222333016635923
0.0541962680471998,1.24088676330761,1.23866985503812,0.00221690826948739
0.0542233391101604,1.24088420090873,1.23867369863644,0.00221050227229758
0.0542504101731211,1.24088164485391,1.23867753271866,0.00220411213525162
0.0542774812360817,1.24087909512738,1.23868135730847,0.00219773781890953
0.0543045522990423,1.24087655171339,1.23868517242946,0.00219137928393032
0.054331623362003,1.24087401459624,1.23868897810517,0.00218503649107182
0.0543586944249636,1.24087148376029,1.2386927743591,0.0021787094011898
0.0543857654879242,1.24086895918991,1.23869656121467,0.00217239797523772
0.0544128365508849,1.24086644086952,1.23870033869525,0.00216610217426716
0.0544399076138455,1.24086392878358,1.23870410682416,0.00215982195942654
0.0544669786768062,1.2408614229166,1.23870786562464,0.00215355729196265
0.0544940497397668,1.2408589232531,1.23871161511988,0.00214730813321773
0.0545211208027274,1.24085642977767,1.23871535533303,0.00214107444463152
0.0545481918656881,1.24085394247491,1.23871908628717,0.00213485618774056
0.0545752629286487,1.24085146132948,1.23872280800531,0.00212865332417711
0.0546023339916094,1.24084898632608,1.23872652051041,0.00212246581566933
0.05462940505457,1.24084651744943,1.23873022382539,0.00211629362404131
0.0546564761175306,1.2408440546843,1.23873391797308,0.00211013671121285
0.0546835471804913,1.24084159801549,1.23873760297629,0.00210399503919878
0.0547106182434519,1.24083914742786,1.23874127885775,0.00209786857010874
0.0547376893064126,1.24083670290627,1.23874494564012,0.00209175726614741
0.0547647603693732,1.24083426443566,1.23874860334604,0.00208566108961428
0.0547918314323338,1.24083183200097,1.23875225199807,0.00207958000290254
0.0548189024952945,1.24082940558721,1.23875589161871,0.00207351396849953
0.0548459735582551,1.24082698517941,1.23875952223042,0.00206746294898719
0.0548730446212158,1.24082457076263,1.23876314385559,0.00206142690703981
0.0549001156841764,1.24082216232198,1.23876675651656,0.00205540580542629
0.054927186747137,1.24081975984262,1.23877036023561,0.00204939960700745
0.0549542578100977,1.24081736330971,1.23877395503497,0.00204340827473803
0.0549813288730583,1.24081497270848,1.23877754093681,0.00203743177166471
0.0550083999360189,1.24081258802418,1.23878111796326,0.00203147006092719
0.0550354709989796,1.24081020924211,1.23878468613636,0.00202552310575643
0.0550625420619402,1.2408078363476,1.23878824547813,0.00201959086947623
0.0550896131249009,1.24080546932601,1.23879179601051,0.00201367331550184
0.0551166841878615,1.24080310816275,1.23879533775541,0.00200777040733979
0.0551437552508222,1.24080075284325,1.23879887073466,0.00200188210858809
0.0551708263137828,1.24079840335299,1.23880239497005,0.00199600838293557
0.0551978973767434,1.24079605967748,1.23880591048331,0.00199014919416229
0.0552249684397041,1.24079372180227,1.23880941729613,0.00198430450613807
0.0552520395026647,1.24079138971294,1.23881291543012,0.00197847428282394
0.0552791105656253,1.24078906339512,1.23881640490685,0.00197265848827022
0.055306181628586,1.24078674283446,1.23881988574784,0.00196685708661826
0.0553332526915466,1.24078442801665,1.23882335797455,0.00196107004209778
0.0553603237545073,1.24078211892742,1.23882682160839,0.00195529731902844
0.0553873948174679,1.24077981555254,1.23883027667072,0.00194953888181959
0.0554144658804285,1.2407775178778,1.23883372318283,0.00194379469496875
0.0554415369433892,1.24077522588904,1.23883716116597,0.0019380647230629
0.0554686080063498,1.24077293957212,1.23884059064135,0.00193234893077676
0.0554956790693105,1.24077065891296,1.23884401163009,0.00192664728287428
0.0555227501322711,1.24076838389749,1.23884742415329,0.0019209597442067
0.0555498211952317,1.2407661145117,1.23885082823198,0.0019152862797136
0.0555768922581924,1.24076385074158,1.23885422388716,0.00190962685442209
0.055603963321153,1.24076159257319,1.23885761113974,0.0019039814334465
0.0556310343841137,1.24075933999261,1.23886099001062,0.00189834998198868
0.0556581054470743,1.24075709298595,1.23886436052061,0.00189273246533728
0.0556851765100349,1.24075485153936,1.23886772269049,0.00188712884886777
0.0557122475729956,1.24075261563903,1.23887107654099,0.00188153909804201
0.0557393186359562,1.24075038527117,1.23887442209277,0.00187596317840866
0.0557663896989168,1.24074816042205,1.23887775936645,0.00187040105560166
0.0557934607618775,1.24074594107795,1.23888108838261,0.00186485269534131
0.0558205318248381,1.24074372722518,1.23888440916175,0.00185931806343409
0.0558476028877988,1.24074151885012,1.23888772172435,0.00185379712577061
0.0558746739507594,1.24073931593914,1.23889102609081,0.00184828984832874
0.05590174501372,1.24073711847868,1.23889432228151,0.00184279619716921
0.0559288160766807,1.24073492645519,1.23889761031675,0.00183731613843841
0.0559558871396413,1.24073273985516,1.23890089021679,0.00183184963836824
0.055982958202602,1.24073055866512,1.23890416200185,0.00182639666327389
0.0560100292655626,1.24072838287163,1.23890742569208,0.00182095717955488
0.0560371003285232,1.24072621246129,1.23891068130759,0.0018155311536947
0.0560641713914839,1.24072404742071,1.23891392886845,0.00181011855226099
0.0560912424544445,1.24072188773657,1.23891716839467,0.00180471934190485
0.0561183135174052,1.24071973339555,1.23892039990619,0.00179933348936001
0.0561453845803658,1.24071758438439,1.23892362342294,0.00179396096144413
0.0561724556433264,1.24071544068983,1.23892683896477,0.0017886017250579
0.0561995267062871,1.24071330229868,1.2389300465515,0.00178325574718374
0.0562265977692477,1.24071116919776,1.23893324620288,0.0017779229948871
0.0562536688322084,1.24070904137394,1.23893643793862,0.00177260343531582
0.056280739895169,1.24070691881409,1.23893962177839,0.00176729703570011
0.0563078109581296,1.24070480150515,1.2389427977418,0.00176200376335145
0.0563348820210903,1.24070268943407,1.23894596584841,0.00175672358566303
0.0563619530840509,1.24070058258785,1.23894912611774,0.00175145647010977
0.0563890241470116,1.24069848095351,1.23895227856926,0.00174620238424783
0.0564160952099722,1.24069638451809,1.23895542322238,0.00174096129571422
0.0564431662729328,1.2406942932687,1.23895856009647,0.00173573317222719
0.0564702373358935,1.24069220719244,1.23896168921086,0.00173051798158497
0.0564973083988541,1.24069012627648,1.23896481058481,0.00172531569166678
0.0565243794618147,1.24068805050798,1.23896792423755,0.00172012627043228
0.0565514505247754,1.24068597987418,1.23897103018826,0.00171494968592012
0.056578521587736,1.24068391436231,1.23897412845606,0.00170978590625004
0.0566055926506967,1.24068185395966,1.23897721906004,0.00170463489962014
0.0566326637136573,1.24067979865353,1.23898030201922,0.00169949663430935
0.0566597347766179,1.24067774843128,1.2389833773526,0.00169437107867498
0.0566868058395786,1.24067570328027,1.23898644507912,0.00168925820115318
0.0567138769025392,1.24067366318791,1.23898950521765,0.00168415797025978
0.0567409479654999,1.24067162814164,1.23899255778706,0.00167907035458814
0.0567680190284605,1.24066959812893,1.23899560280612,0.00167399532281087
0.0567950900914211,1.24066757313728,1.2389986402936,0.00166893284367897
0.0568221611543818,1.24066555315422,1.2390016702682,0.00166388288602048
0.0568492322173424,1.24066353816731,1.23900469274856,0.00165884541874228
0.0568763032803031,1.24066152816414,1.23900770775331,0.00165382041082829
0.0569033743432637,1.24065952313234,1.239010715301,0.00164880783134058
0.0569304454062243,1.24065752305958,1.23901371541016,0.00164380764941741
0.056957516469185,1.24065552793352,1.23901670809924,0.00163881983427538
0.0569845875321456,1.24065353774189,1.23901969338668,0.00163384435520686
0.0570116585951063,1.24065155247244,1.23902267129086,0.00162888118158144
0.0570387296580669,1.24064957211295,1.2390256418301,0.00162393028284491
0.0570658007210275,1.24064759665122,1.2390286050227,0.00161899162851964
0.0570928717839882,1.24064562607509,1.23903156088689,0.00161406518820417
0.0571199428469488,1.24064366037244,1.23903450944086,0.00160915093157254
0.0571470139099094,1.24064169953116,1.23903745070278,0.00160424882837495
0.0571740849728701,1.24063974353918,1.23904038469075,0.00159935884843643
0.0572011560358307,1.24063779238447,1.23904331142281,0.0015944809616586
0.0572282270987914,1.24063584605501,1.239046230917,0.00158961513801681
0.057255298161752,1.24063390453883,1.23904914319127,0.00158476134756214
0.0572823692247127,1.24063196782398,1.23905204826356,0.0015799195604207
0.0573094402876733,1.24063003589852,1.23905494615173,0.0015750897467921
0.0573365113506339,1.24062810875059,1.23905783687364,0.00157027187695191
0.0573635824135946,1.24062618636831,1.23906072044706,0.00156546592124807
0.0573906534765552,1.24062426873985,1.23906359688974,0.00156067185010422
0.0574177245395158,1.24062235585341,1.2390664662194,0.00155588963401687
0.0574447956024765,1.24062044769723,1.23906932845367,0.00155111924355644
0.0574718666654371,1.24061854425955,1.23907218361019,0.00154636064936642
0.0574989377283978,1.24061664552867,1.23907503170651,0.00154161382216489
0.0575260087913584,1.2406147514929,1.23907787276016,0.00153687873274078
0.057553079854319,1.24061286214059,1.23908070678863,0.00153215535195828
0.0575801509172797,1.24061097746011,1.23908353380936,0.00152744365075308
0.0576072219802403,1.24060909743986,1.23908635383973,0.00152274360013349
0.057634293043201,1.24060722206828,1.2390891668971,0.00151805517117998
0.0576613641061616,1.24060535133383,1.23909197299878,0.00151337833504583
0.0576884351691222,1.24060348522499,1.23909477216203,0.00150871306295608
0.0577155062320829,1.24060162373029,1.23909756440408,0.00150405932620701
0.0577425772950435,1.24059976683827,1.23910034974211,0.00149941709616752
0.0577696483580042,1.24059791453752,1.23910312819324,0.00149478634427758
0.0577967194209648,1.24059606681663,1.23910589977458,0.00149016704204774
0.0578237904839254,1.24059422366423,1.23910866450317,0.00148555916106052
0.0578508615468861,1.24059238506899,1.23911142239602,0.00148096267296904
0.0578779326098467,1.24059055101961,1.23911417347011,0.00147637754949748
0.0579050036728073,1.24058872150478,1.23911691774234,0.00147180376243972
0.057932074735768,1.24058689651327,1.23911965522961,0.00146724128366094
0.0579591457987286,1.24058507603384,1.23912238594875,0.00146269008509625
0.0579862168616893,1.24058326005531,1.23912510991656,0.00145815013875072
0.0580132879246499,1.24058144856649,1.23912782714979,0.00145362141669891
0.0580403589876105,1.24057964155624,1.23913053766515,0.00144910389108577
0.0580674300505712,1.24057783901346,1.23913324147933,0.00144459753412529
0.0580945011135318,1.24057604092705,1.23913593860895,0.00144010231810099
0.0581215721764925,1.24057424728595,1.23913862907059,0.00143561821536542
0.0581486432394531,1.24057245807914,1.2391413128808,0.00143114519833998
0.0581757143024137,1.24057067329561,1.2391439900561,0.00142668323951534
0.0582027853653744,1.24056889292439,1.23914666061294,0.00142223231145056
0.058229856428335,1.24056711695451,1.23914932456774,0.00141779238677264
0.0582569274912957,1.24056534537508,1.2391519819369,0.00141336343817744
0.0582839985542563,1.24056357817518,1.23915463273675,0.00140894543842918
0.0583110696172169,1.24056181534395,1.23915727698359,0.00140453836035981
0.0583381406801776,1.24056005687055,1.23915991469368,0.00140014217686857
0.0583652117431382,1.24055830274417,1.23916254588325,0.00139575686092264
0.0583922828060989,1.24055655295403,1.23916517056847,0.00139138238555669
0.0584193538690595,1.24055480748935,1.23916778876548,0.00138701872387292
0.0584464249320201,1.24055306633942,1.23917040049038,0.00138266584904034
0.0584734959949808,1.24055132949352,1.23917300575923,0.00137832373429436
0.0585005670579414,1.24054959694098,1.23917560458804,0.00137399235293811
0.0585276381209021,1.24054786867114,1.2391781969928,0.0013696716783409
0.0585547091838627,1.24054614467338,1.23918078298944,0.00136536168393842
0.0585817802468233,1.2405444249371,1.23918336259387,0.00136106234323252
0.058608851309784,1.24054270945172,1.23918593582193,0.00135677362979147
0.0586359223727446,1.2405409982067,1.23918850268946,0.00135249551724903
0.0586629934357052,1.24053929119153,1.23919106321222,0.00134822797930489
0.0586900644986659,1.24053758839569,1.23919361740597,0.00134397098972472
0.0587171355616265,1.24053588980874,1.2391961652864,0.00133972452233899
0.0587442066245872,1.24053419542022,1.23919870686918,0.00133548855104437
0.0587712776875478,1.24053250521972,1.23920124216992,0.00133126304980102
0.0587983487505084,1.24053081919686,1.23920377120422,0.00132704799263572
0.0588254198134691,1.24052913734126,1.23920629398762,0.00132284335363941
0.0588524908764297,1.24052745964259,1.23920881053562,0.00131864910696722
0.0588795619393904,1.24052578609054,1.2392113208637,0.00131446522683909
0.058906633002351,1.24052411667482,1.23921382498728,0.00131029168753938
0.0589337040653116,1.24052245138517,1.23921632292175,0.00130612846341638
0.0589607751282723,1.24052079021136,1.23921881468247,0.00130197552888256
0.0589878461912329,1.24051913314317,1.23922130028476,0.00129783285841367
0.0590149172541936,1.24051748017042,1.23922377974387,0.00129370042654986
0.0590419883171542,1.24051583128296,1.23922625307507,0.0012895782078941
0.0590690593801148,1.24051418647065,1.23922872029354,0.00128546617711289
0.0590961304430755,1.24051254572338,1.23923118141444,0.00128136430893622
0.0591232015060361,1.24051090903107,1.23923363645291,0.00127727257815691
0.0591502725689968,1.24050927638366,1.23923608542403,0.00127319095963019
0.0591773436319574,1.24050764777111,1.23923852834284,0.00126911942827457
0.059204414694918,1.24050602318343,1.23924096522436,0.00126505795907095
0.0592314857578787,1.24050440261063,1.23924339608357,0.00126100652706218
0.0592585568208393,1.24050278604275,1.23924582093539,0.00125696510735396
0.0592856278838,1.24050117346985,1.23924823979474,0.00125293367511392
0.0593126989467606,1.24049956488203,1.23925065267646,0.001248912205571
0.0593397700097212,1.24049796026941,1.23925305959539,0.0012449006740165
0.0593668410726819,1.24049635962212,1.23925546056632,0.00124089905580371
0.0593939121356425,1.24049476293034,1.239257855604,0.00123690732634607
0.0594209831986032,1.24049317018425,1.23926024472313,0.00123292546111897
0.0594480542615638,1.24049158137407,1.23926262793841,0.00122895343565999
0.0594751253245244,1.24048999649003,1.23926500526446,0.00122499122556574
0.0595021963874851,1.2404884155224,1.23926737671591,0.00122103880649527
0.0595292674504457,1.24048683846147,1.2392697423073,0.0012170961541671
0.0595563385134063,1.24048526529755,1.23927210205319,0.00121316324436105
0.059583409576367,1.24048369602097,1.23927445596805,0.00120924005291756
0.0596104806393276,1.2404821306221,1.23927680406636,0.00120532655573657
0.0596375517022883,1.24048056909131,1.23927914636254,0.00120142272877799
0.0596646227652489,1.24047901141903,1.23928148287097,0.00119752854806254
0.0596916938282095,1.24047745759567,1.239283813606,0.00119364398966959
0.0597187648911702,1.2404759076117,1.23928613858196,0.00118976902973933
0.0597458359541308,1.24047436145759,1.23928845781312,0.00118590364447058
0.0597729070170915,1.24047281912385,1.23929077131373,0.00118204781012166
0.0597999780800521,1.24047128060101,1.239293079098,0.00117820150301018
0.0598270491430127,1.24046974587961,1.23929538118009,0.0011743646995126
0.0598541202059734,1.24046821495023,1.23929767757416,0.00117053737606443
0.059881191268934,1.24046668780347,1.23929996829431,0.00116671950915981
0.0599082623318947,1.24046516442994,1.23930225335459,0.00116291107535149
0.0599353333948553,1.2404636448203,1.23930453276905,0.00115911205125063
0.0599624044578159,1.24046212896521,1.23930680655169,0.00115532241352678
0.0599894755207766,1.24046061685536,1.23930907471646,0.001151542138907
0.0600165465837372,1.24045910848147,1.2393113372773,0.00114777120417764
0.0600436176466978,1.24045760383427,1.23931359424809,0.00114400958618188
0.0600706887096585,1.24045610290453,1.23931584564271,0.00114025726182065
0.0600977597726191,1.24045460568302,1.23931809147497,0.00113651420805261
0.0601248308355798,1.24045311216056,1.23932033175867,0.00113278040189413
0.0601519018985404,1.24045162232797,1.23932256650755,0.00112905582041845
0.060178972961501,1.2404501361761,1.23932479573535,0.00112534044075585
0.0602060440244617,1.24044865369584,1.23932701945575,0.00112163424009437
0.0602331150874223,1.24044717487807,1.2393292376824,0.00111793719567777
0.060260186150383,1.24044569971372,1.23933145042892,0.00111424928480708
0.0602872572133436,1.24044422819374,1.2393336577089,0.0011105704848402
0.0603143282763042,1.24044276030908,1.23933585953589,0.00110690077319076
0.0603413993392649,1.24044129605073,1.2393380559234,0.00110324012732943
0.0603684704022255,1.24043983540971,1.23934024688493,0.00109958852478198
0.0603955414651862,1.24043837837705,1.23934243243392,0.00109594594313145
0.0604226125281468,1.24043692494381,1.23934461258379,0.0010923123600155
0.0604496835911074,1.24043547510105,1.23934678734792,0.00108868775312843
0.0604767546540681,1.24043402883989,1.23934895673967,0.00108507210021958
0.0605038257170287,1.24043258615144,1.23935112077234,0.00108146537909359
0.0605308967799894,1.24043114702685,1.23935327945923,0.00107786756761108
0.06055796784295,1.24042971145728,1.23935543281359,0.00107427864368703
0.0605850389059106,1.24042827943392,1.23935758084863,0.00107069858529218
0.0606121099688713,1.24042685094798,1.23935972357753,0.00106712737045145
0.0606391810318319,1.2404254259907,1.23936186101345,0.00106356497724502
0.0606662520947926,1.24042400455332,1.23936399316952,0.00106001138380729
0.0606933231577532,1.24042258662713,1.2393661200588,0.00105646656832747
0.0607203942207138,1.24042117220342,1.23936824169437,0.00105293050904876
0.0607474652836745,1.24041976127351,1.23937035808924,0.00104940318426894
0.0607745363466351,1.24041835382874,1.2393724692564,0.00104588457233956
0.0608016074095957,1.24041694986047,1.2393745752088,0.0010423746516659
0.0608286784725564,1.24041554936008,1.23937667595938,0.00103887340070741
0.060855749535517,1.24041415231899,1.23937877152101,0.00103538079797727
0.0608828205984777,1.24041275872862,1.23938086190658,0.0010318968220413
0.0609098916614383,1.24041136858041,1.23938294712889,0.00102842145152038
0.0609369627243989,1.24040998186583,1.23938502720075,0.00102495466508667
0.0609640337873596,1.24040859857639,1.23938710213492,0.00102149644146654
0.0609911048503202,1.24040721870358,1.23938917194414,0.00101804675943984
0.0610181759132809,1.24040584223894,1.2393912366411,0.00101460559783773
0.0610452469762415,1.24040446917402,1.23939329623847,0.00101117293554553
0.0610723180392021,1.2404030995004,1.2393953507489,0.00100774875150034
0.0610993891021628,1.24040173320968,1.23939740018498,0.00100433302469183
0.0611264601651234,1.24040037029346,1.2393994445593,0.00100092573416255
0.0611535312280841,1.2403990107434,1.2394014838844,0.000997526859006337
0.0611806022910447,1.24039765455115,1.23940351817278,0.000994136378369426
0.0612076733540053,1.24039630170838,1.23940554743693,0.000990754271450456
0.061234744416966,1.2403949522068,1.2394075716893,0.000987380517499803
0.0612618154799266,1.24039360603813,1.23940959094231,0.000984015095818247
0.0612888865428873,1.2403922631941,1.23941160520834,0.000980657985759636
0.0613159576058479,1.24039092366649,1.23941361449976,0.000977309166728446
0.0613430286688085,1.24038958744707,1.23941561882889,0.000973968618180887
0.0613700997317692,1.24038825452765,1.23941761820803,0.000970636319623797
0.0613971707947298,1.24038692490005,1.23941961264943,0.000967312250615526
0.0614242418576905,1.24038559855611,1.23942160216534,0.00096399639076461
0.0614513129206511,1.24038427548769,1.23942358676796,0.000960688719731539
0.0614783839836117,1.24038295568669,1.23942556646946,0.000957389217226323
0.0615054550465724,1.240381639145,1.23942754128199,0.000954097863009595
0.061532526109533,1.24038032585456,1.23942951121766,0.000950814636893282
0.0615595971724937,1.24037901580729,1.23943147628856,0.000947539518738383
0.0615866682354543,1.24037770899518,1.23943343650672,0.000944272488456965
0.0616137392984149,1.2403764054102,1.23943539188419,0.000941013526010837
0.0616408103613756,1.24037510504436,1.23943734243295,0.000937762611411097
0.0616678814243362,1.24037380788969,1.23943928816497,0.000934519724719696
0.0616949524872968,1.24037251393822,1.23944122909217,0.000931284846047209
0.0617220235502575,1.24037122318202,1.23944316522647,0.000928057955553951
0.0617490946132181,1.24036993561318,1.23944509657973,0.00092483903345042
0.0617761656761788,1.2403686512238,1.2394470231638,0.000921628059995294
0.0618032367391394,1.240367370006,1.2394489449905,0.000918425015497215
0.0618303078021,1.24036609195192,1.23945086207161,0.000915229880313007
0.0618573788650607,1.24036481705374,1.23945277441889,0.000912042634849008
0.0618844499280213,1.24036354530362,1.23945468204406,0.000908863259560189
0.061911520990982,1.24036227669378,1.23945658495883,0.000905691734950143
0.0619385920539426,1.24036101121643,1.23945848317486,0.000902528041571315
0.0619656631169032,1.24035974886381,1.23946037670378,0.00089937216002367
0.0619927341798639,1.24035848962818,1.23946226555722,0.000896224070956464
0.0620198052428245,1.24035723350182,1.23946414974676,0.000893083755066026
0.0620468763057852,1.24035598047704,1.23946602928394,0.000889951193097982
0.0620739473687458,1.24035473054614,1.23946790418029,0.00088682636584525
0.0621010184317064,1.24035348370146,1.23946977444731,0.000883709254148046
0.0621280894946671,1.24035223993536,1.23947164009646,0.000880599838895213
0.0621551605576277,1.24035099924021,1.23947350113918,0.000877498101022667
0.0621822316205883,1.2403497616084,1.23947535758689,0.00087440402151362
0.062209302683549,1.24034852703236,1.23947720945096,0.000871317581398579
0.0622363737465096,1.2403472955045,1.23947905674274,0.000868238761756235
0.0622634448094703,1.24034606701728,1.23948089947357,0.000865167543710799
0.0622905158724309,1.24034484156317,1.23948273765474,0.000862103908434886
0.0623175869353916,1.24034361913466,1.23948457129751,0.000859047837146854
0.0623446579983522,1.24034239972424,1.23948640041313,0.000855999311112354
0.0623717290613128,1.24034118332446,1.23948822501281,0.000852958311643892
0.0623988001242735,1.24033996992784,1.23949004510774,0.000849924820099712
0.0624258711872341,1.24033875952695,1.23949186070907,0.000846898817885133
0.0624529422501947,1.24033755211438,1.23949367182793,0.000843880286451215
0.0624800133131554,1.24033634768272,1.23949547847542,0.000840869207296091
0.062507084376116,1.24033514622458,1.23949728066262,0.000837865561962525
0.0625341554390767,1.24033394773261,1.23949907840057,0.000834869332040133
0.0625612265020373,1.24033275219946,1.2395008717003,0.000831880499164495
0.0625882975649979,1.2403315596178,1.23950266057279,0.000828899045016263
0.0626153686279586,1.24033036998033,1.239504445029,0.000825924951321833
0.0626424396909192,1.24032918327974,1.23950622507988,0.000822958199853563
0.0626695107538799,1.24032799950877,1.23950800073634,0.000819998772428443
0.0626965818168405,1.24032681866016,1.23950977200925,0.000817046650908981
0.0627236528798011,1.24032564072668,1.23951153890948,0.000814101817202983
0.0627507239427618,1.2403244657011,1.23951330144784,0.000811164253263108
0.0627777950057224,1.24032329357623,1.23951505963514,0.000808233941086867
0.0628048660686831,1.24032212434488,1.23951681348217,0.000805310862716624
0.0628319371316437,1.24032095799989,1.23951856299965,0.000802395000239597
0.0628590081946043,1.24031979453411,1.23952030819832,0.000799486335787192
0.062886079257565,1.24031863394041,1.23952204908888,0.00079658485153522
0.0629131503205256,1.24031747621168,1.23952378568197,0.000793690529704572
0.0629402213834862,1.24031632134082,1.23952551798826,0.000790803352559655
0.0629672924464469,1.24031516932076,1.23952724601835,0.000787923302408622
0.0629943635094075,1.24031402014444,1.23952896978283,0.000785050361604922
0.0630214345723682,1.24031287380481,1.23953068929227,0.000782184512544859
0.0630485056353288,1.24031173029486,1.2395324045572,0.000779325737668479
0.0630755766982894,1.24031058960758,1.23953411558812,0.000776474019460682
0.0631026477612501,1.24030945173598,1.23953582239553,0.000773629340448556
0.0631297188242107,1.24030831667308,1.23953752498987,0.000770791683202932
0.0631567898871714,1.24030718441193,1.23953922338159,0.000767961030338604
0.063183860950132,1.2403060549456,1.23954091758109,0.000765137364513224
0.0632109320130926,1.24030492826717,1.23954260759874,0.000762320668427519
0.0632380030760533,1.24030380436973,1.2395442934449,0.000759510924825513
0.0632650741390139,1.24030268324639,1.2395459751299,0.000756708116493643
0.0632921452019746,1.2403015648903,1.23954765266404,0.000753912226261644
0.0633192162649352,1.2403004492946,1.23954932605759,0.000751123237001439
0.0633462873278958,1.24029933645245,1.23955099532082,0.000748341131628694
0.0633733583908565,1.24029822635704,1.23955266046394,0.000745565893099487
0.0634004294538171,1.24029711900156,1.23955432149715,0.000742797504414527
0.0634275005167778,1.24029601437924,1.23955597843063,0.000740035948615381
0.0634545715797384,1.24029491248331,1.23955763127452,0.000737281208786245
0.063481642642699,1.24029381330702,1.23955928003896,0.000734533268053505
0.0635087137056597,1.24029271684363,1.23956092473404,0.00073179210958485
0.0635357847686203,1.24029162308643,1.23956256536984,0.000729057716591264
0.063562855831581,1.24029053202872,1.2395642019564,0.000726330072323478
0.0635899268945416,1.24028944366383,1.23956583450375,0.000723609160075522
0.0636169979575022,1.24028835798507,1.23956746302189,0.000720894963182062
0.0636440690204629,1.2402872749858,1.23956908752078,0.000718187465019726
0.0636711400834235,1.2402861946594,1.23957070801039,0.000715486649006003
0.0636982111463841,1.24028511699924,1.23957232450064,0.000712792498599901
0.0637252822093448,1.24028404199872,1.23957393700141,0.00071010499730173
0.0637523532723054,1.24028296965126,1.2395755455226,0.000707424128652212
0.0637794243352661,1.24028189995029,1.23957715007405,0.00070474987623359
0.0638064953982267,1.24028083288926,1.23957875066559,0.000702082223668965
0.0638335664611873,1.24027976846164,1.23958034730702,0.000699421154621405
0.063860637524148,1.24027870666091,1.23958194000812,0.000696766652795278
0.0638877085871086,1.24027764748057,1.23958352877863,0.000694118701935142
0.0639147796500693,1.24027659091413,1.2395851136283,0.000691477285826414
0.0639418507130299,1.24027553695511,1.23958669456682,0.000688842388294031
0.0639689217759905,1.24027448559708,1.23958827160387,0.000686213993204454
0.0639959928389512,1.24027343683358,1.23958984474912,0.000683592084462337
0.0640230639019118,1.2402723906582,1.23959141401219,0.000680976646014075
0.0640501349648725,1.24027134706453,1.23959297940269,0.000678367661844925
0.0640772060278331,1.24027030604619,1.23959454093021,0.000675765115980775
0.0641042770907937,1.24026926759679,1.2395960986043,0.000673168992486817
0.0641313481537544,1.24026823170998,1.23959765243451,0.000670579275467098
0.064158419216715,1.24026719837942,1.23959920243035,0.000667995949066302
0.0641854902796757,1.24026616759878,1.23960074860131,0.000665418997468414
0.0642125613426363,1.24026513936175,1.23960229095686,0.000662848404896055
0.0642396324055969,1.24026411366204,1.23960382950643,0.000660284155611368
0.0642667034685576,1.24026309049336,1.23960536425944,0.000657726233916023
0.0642937745315182,1.24026206984945,1.2396068952253,0.000655174624150323
0.0643208455944789,1.24026105172407,1.23960842241338,0.000652629310693431
0.0643479166574395,1.24026003611098,1.23960994583302,0.000650090277963145
0.0643749877204001,1.24025902300396,1.23961146549354,0.000647557510416785
0.0644020587833608,1.24025801239681,1.23961298140426,0.000645030992549422
0.0644291298463214,1.24025700428335,1.23961449357446,0.000642510708895427
0.064456200909282,1.2402559986574,1.23961600201338,0.000639996644026919
0.0644832719722427,1.24025499551282,1.23961750673026,0.000637488782554652
0.0645103430352033,1.24025399484344,1.23961900773432,0.000634987109128016
0.064537414098164,1.24025299664317,1.23962050503473,0.000632491608433261
0.0645644851611246,1.24025200090587,1.23962199864068,0.000630002265196605
0.0645915562240852,1.24025100762547,1.23962348856128,0.000627519064180682
0.0646186272870459,1.24025001679587,1.23962497480568,0.000625041990186981
0.0646456983500065,1.24024902841101,1.23962645738296,0.000622571028053409
0.0646727694129672,1.24024804246486,1.2396279363022,0.000620106162657619
0.0646998404759278,1.24024705895136,1.23962941157245,0.000617647378912789
0.0647269115388884,1.2402460778645,1.23963088320273,0.000615194661770957
0.0647539826018491,1.24024509919828,1.23963235120206,0.000612747996220353
0.0647810536648097,1.24024412294671,1.23963381557942,0.000610307367288287
0.0648081247277704,1.24024314910381,1.23963527634377,0.000607872760037376
0.064835195790731,1.24024217766362,1.23963673350405,0.000605444159568425
0.0648622668536916,1.2402412086202,1.23963818706918,0.000603021551019101
0.0648893379166523,1.24024024196762,1.23963963704805,0.000600604919563708
0.0649164089796129,1.24023927769996,1.23964108344954,0.000598194250413853
0.0649434800425736,1.24023831581132,1.2396425262825,0.000595789528817336
0.0649705511055342,1.24023735629582,1.23964396555576,0.000593390740059263
0.0649976221684948,1.24023639914758,1.23964540127812,0.000590997869460708
0.0650246932314555,1.24023544436074,1.23964683345837,0.000588610902379161
0.0650517642944161,1.24023449192948,1.23964826210527,0.000586229824209195
0.0650788353573768,1.24023354184795,1.23964968722756,0.000583854620381352
0.0651059064203374,1.24023259411034,1.23965110883398,0.000581485276361926
0.065132977483298,1.24023164871085,1.2396525269332,0.000579121777653624
0.0651600485462587,1.24023070564371,1.23965394153391,0.000576764109795569
0.0651871196092193,1.24022976490314,1.23965535264478,0.000574412258361967
0.0652141906721799,1.24022882648338,1.23965676027441,0.00057206620896344
0.0652412617351406,1.24022789037869,1.23965816443144,0.000569725947246802
0.0652683327981012,1.24022695658335,1.23965956512446,0.000567391458893285
0.0652954038610619,1.24022602509164,1.23966096236202,0.000565062729620536
0.0653224749240225,1.24022509589786,1.23966235615268,0.000562739745181728
0.0653495459869831,1.24022416899634,1.23966374650497,0.00056042249136512
0.0653766170499438,1.24022324438139,1.2396651334274,0.000558110953994273
0.0654036881129044,1.24022232204736,1.23966651692843,0.000555805118928276
0.0654307591758651,1.24022140198862,1.23966789701656,0.000553504972060859
0.0654578302388257,1.24022048419952,1.2396692737002,0.000551210499321275
0.0654849013017863,1.24021956867446,1.23967064698779,0.00054892168667342
0.065511972364747,1.24021865540784,1.23967201688772,0.00054663852011605
0.0655390434277076,1.24021774439406,1.23967338340838,0.000544360985683001
0.0655661144906683,1.24021683562757,1.23967474655813,0.000542089069442309
0.0655931855536289,1.24021592910279,1.23967610634529,0.000539822757497088
0.0656202566165895,1.24021502481419,1.2396774627782,0.000537562035984873
0.0656473276795502,1.24021412275622,1.23967881586515,0.00053530689107717
0.0656743987425108,1.24021322292338,1.2396801656144,0.000533057308980567
0.0657014698054715,1.24021232531017,1.23968151203423,0.000530813275935182
0.0657285408684321,1.24021142991108,1.23968285513286,0.000528574778215996
0.0657556119313927,1.24021053672064,1.23968419491851,0.000526341802131514
0.0657826829943534,1.2402096457334,1.23968553139938,0.000524114334024661
0.065809754057314,1.2402087569439,1.23968686458363,0.00052189236027167
0.0658368251202747,1.2402078703467,1.23968819447942,0.000519675867283631
0.0658638961832353,1.24020698593639,1.23968952109489,0.000517464841504056
0.0658909672461959,1.24020610370756,1.23969084443814,0.000515259269411317
0.0659180383091566,1.2402052236548,1.23969216451728,0.000513059137516869
0.0659451093721172,1.24020434577274,1.23969348134037,0.000510864432365477
0.0659721804350778,1.240203470056,1.23969479491547,0.000508675140535653
0.0659992514980385,1.24020259649925,1.23969610525061,0.000506491248638996
0.0660263225609991,1.24020172509712,1.2396974123538,0.000504312743320634
0.0660533936239598,1.24020085584429,1.23969871623304,0.000502139611258556
0.0660804646869204,1.24019998873546,1.23970001689629,0.000499971839163615
0.066107535749881,1.2401991237653,1.23970131435152,0.000497809413780637
0.0661346068128417,1.24019826092854,1.23970260860666,0.00049565232188642
0.0661616778758023,1.24019740021991,1.23970389966962,0.000493500550290848
0.066188748938763,1.24019654163412,1.23970518754829,0.000491354085836671
0.0662158200017236,1.24019568516595,1.23970647225055,0.000489212915399273
0.0662428910646842,1.24019483081014,1.23970775378426,0.000487077025886462
0.0662699621276449,1.24019397856149,1.23970903215725,0.000484946404238906
0.0662970331906055,1.24019312841476,1.23971030737733,0.000482821037429249
0.0663241042535662,1.24019228036478,1.23971157945231,0.000480700912462773
0.0663511753165268,1.24019143440634,1.23971284838996,0.00047858601637718
0.0663782463794874,1.24019059053429,1.23971411419804,0.000476476336241927
0.0664053174424481,1.24018974874345,1.23971537688429,0.00047437185915844
0.0664323885054087,1.24018890902869,1.23971663645643,0.000472272572261234
0.0664594595683694,1.24018807138488,1.23971789292216,0.000470178462715465
0.06648653063133,1.24018723580688,1.23971914628916,0.000468089517718928
0.0665136016942906,1.24018640228959,1.23972039656509,0.000466005724501173
0.0665406727572513,1.24018557082792,1.2397216437576,0.000463927070322834
0.0665677438202119,1.24018474141678,1.2397228878743,0.000461853542476964
0.0665948148831726,1.2401839140511,1.23972412892282,0.00045978512828726
0.0666218859461332,1.24018308872583,1.23972536691072,0.000457721815110501
0.0666489570090938,1.24018226543592,1.23972660184559,0.000455663590332778
0.0666760280720545,1.24018144417634,1.23972783373497,0.000453610441373042
0.0667030991350151,1.24018062494206,1.23972906258638,0.000451562355680446
0.0667301701979757,1.24017980772808,1.23973028840735,0.000449519320736114
0.0667572412609364,1.24017899252941,1.23973151120536,0.000447481324052257
0.066784312323897,1.24017817934106,1.23973273098789,0.000445448353171063
0.0668113833868577,1.24017736815806,1.23973394776239,0.000443420395666694
0.0668384544498183,1.24017655897545,1.2397351615363,0.000441397439143731
0.0668655255127789,1.24017575178828,1.23973637231705,0.0004393794712374
0.0668925965757396,1.24017494659163,1.23973758011202,0.000437366479614232
0.0669196676387002,1.24017414338058,1.23973878492861,0.000435358451970069
0.0669467387016609,1.2401733421502,1.23973998677417,0.000433355376032951
0.0669738097646215,1.24017254289561,1.23974118565605,0.000431357239560226
0.0670008808275821,1.24017174561193,1.23974238158158,0.000429364030340329
0.0670279518905428,1.24017095029427,1.23974357455807,0.000427375736191227
0.0670550229535034,1.24017015693777,1.23974476459281,0.000425392344961528
0.0670820940164641,1.2401693655376,1.23974595169307,0.000423413844530263
0.0671091650794247,1.24016857608891,1.2397471358661,0.000421440222806435
0.0671362361423853,1.24016778858688,1.23974831711915,0.000419471467728583
0.067163307205346,1.24016700302669,1.23974949545943,0.00041750756726544
0.0671903782683066,1.24016621940355,1.23975067089414,0.00041554850941572
0.0672174493312672,1.24016543771267,1.23975184343046,0.000413594282208107
0.0672445203942279,1.24016465794927,1.23975301307557,0.000411644873700823
0.0672715914571885,1.24016388010858,1.2397541798366,0.000409700271981173
0.0672986625201492,1.24016310418586,1.23975534372069,0.000407760465167106
0.0673257335831098,1.24016233017635,1.23975650473495,0.000405825441404772
0.0673528046460704,1.24016155807534,1.23975766288647,0.00040389518887074
0.0673798757090311,1.2401607878781,1.23975881818233,0.000401969695770887
0.0674069467719917,1.24016001957992,1.23975997062958,0.000400048950339738
0.0674340178349524,1.24015925317612,1.23976112023528,0.000398132940841345
0.067461088897913,1.24015848866202,1.23976226700645,0.000396221655569073
0.0674881599608737,1.24015772603293,1.23976341095008,0.000394315082844932
0.0675152310238343,1.2401569652842,1.23976455207318,0.000392413211020015
0.0675423020867949,1.24015620641118,1.2397656903827,0.000390516028474952
0.0675693731497556,1.24015544940924,1.23976682588562,0.000388623523618126
0.0675964442127162,1.24015469427374,1.23976795858886,0.000386735684887451
0.0676235152756768,1.24015394100009,1.23976908849934,0.000384852500749044
0.0676505863386375,1.24015318958367,1.23977021562397,0.000382973959698552
0.0676776574015981,1.24015244001989,1.23977133996963,0.000381100050258931
0.0677047284645588,1.24015169230418,1.2397724615432,0.000379230760982008
0.0677317995275194,1.24015094643197,1.23977358035152,0.000377366080448693
0.06775887059048,1.24015020239869,1.23977469640143,0.000375505997267656
0.0677859416534407,1.24014946019982,1.23977580969974,0.000373650500075984
0.0678130127164013,1.2401487198308,1.23977692025326,0.000371799577538301
0.067840083779362,1.24014798128713,1.23977802806878,0.000369953218348762
0.0678671548423226,1.24014724456428,1.23977913315305,0.000368111411227945
0.0678942259052832,1.24014650965776,1.23978023551283,0.000366274144925738
0.0679212969682439,1.24014577656307,1.23978133515486,0.00036444140821934
0.0679483680312045,1.24014504527575,1.23978243208584,0.000362613189913485
0.0679754390941651,1.24014431579132,1.23978352631248,0.00036078947884155
0.0680025101571258,1.24014358810533,1.23978461784147,0.000358970263863778
0.0680295812200864,1.24014286221333,1.23978570667947,0.000357155533868392
0.0680566522830471,1.2401421381109,1.23978679283312,0.000355345277771368
0.0680837233460077,1.24014141579359,1.23978787630908,0.000353539484515775
0.0681107944089683,1.24014069525702,1.23978895711394,0.000351738143072211
0.068137865471929,1.24013997649676,1.23979003525432,0.000349941242439034
0.0681649365348896,1.24013925950844,1.2397911107368,0.000348148771641243
0.0681920075978503,1.24013854428768,1.23979218356795,0.00034636071973182
0.0682190786608109,1.2401378308301,1.23979325375431,0.000344577075790164
0.0682461497237715,1.24013711913136,1.23979432130243,0.000342797828923214
0.0682732207867322,1.24013640918709,1.23979538621883,0.00034102296826477
0.0683002918496928,1.24013570099298,1.23979644851,0.000339252482975505
0.0683273629126535,1.24013499454468,1.23979750818244,0.000337486362243178
0.0683544339756141,1.2401342898379,1.23979856524262,0.000335724595282638
0.0683815050385747,1.24013358686832,1.23979961969699,0.000333967171334493
0.0684085761015354,1.24013288563165,1.23980067155199,0.00033221407966666
0.068435647164496,1.24013218612362,1.23980172081404,0.000330465309574368
0.0684627182274567,1.24013148833994,1.23980276748956,0.000328720850377939
0.0684897892904173,1.24013079227636,1.23980381158493,0.000326980691425227
0.0685168603533779,1.24013009792862,1.23980485310653,0.000325244822090509
0.0685439314163386,1.2401294052925,1.23980589206072,0.000323513231773598
0.0685710024792992,1.24012871436375,1.23980692845384,0.000321785909901617
0.0685980735422599,1.24012802513816,1.23980796229223,0.000320062845927005
0.0686251446052205,1.24012733761152,1.23980899358219,0.000318344029329065
0.0686522156681811,1.24012665177963,1.23981002233002,0.00031662944961286
0.0686792867311418,1.24012596763831,1.239811048542,0.000314919096309207
0.0687063577941024,1.24012528518338,1.2398120722244,0.000313212958975573
0.068733428857063,1.24012460441066,1.23981309338347,0.000311511027194733
0.0687604999200237,1.24012392531602,1.23981411202544,0.000309813290575667
0.0687875709829843,1.24012324789529,1.23981512815653,0.000308119738752666
0.068814642045945,1.24012257214434,1.23981614178295,0.000306430361386445
0.0688417131089056,1.24012189805905,1.23981715291089,0.000304745148162366
0.0688687841718662,1.2401212256353,1.23981816154651,0.000303064088792437
0.0688958552348269,1.24012055486899,1.23981916769598,0.000301387173013534
0.0689229262977875,1.24011988575602,1.23982017136543,0.000299714390587846
0.0689499973607482,1.24011921829231,1.239821172561,0.000298045731303764
0.0689770684237088,1.24011855247377,1.2398221712888,0.000296381184973882
0.0690041394866694,1.24011788829636,1.23982316755492,0.000294720741436771
0.0690312105496301,1.24011722575601,1.23982416136545,0.000293064390556097
0.0690582816125907,1.24011656484867,1.23982515272645,0.000291412122220835
0.0690853526755514,1.24011590557032,1.23982614164398,0.000289763926344833
0.069112423738512,1.24011524791693,1.23982712812406,0.000288119792866359
0.0691394948014726,1.24011459188448,1.23982811217274,0.000286479711749443
0.0691665658644333,1.24011393746898,1.23982909379599,0.000284843672983204
0.0691936369273939,1.24011328466642,1.23983007299984,0.00028321166658074
0.0692207079903546,1.24011263347282,1.23983104979024,0.000281583682580022
0.0692477790533152,1.2401119838842,1.23983202417316,0.000279959711044553
0.0692748501162758,1.24011133589661,1.23983299615455,0.000278339742061595
0.0693019211792365,1.24011068950608,1.23983396574034,0.000276723765743503
0.0693289922421971,1.24011004470867,1.23983493293645,0.000275111772226388
0.0693560633051578,1.24010940150045,1.23983589774878,0.0002735037516719
0.0693831343681184,1.24010875987749,1.23983686018323,0.000271899694265221
0.069410205431079,1.24010811983587,1.23983782024565,0.000270299590216849
0.0694372764940397,1.24010748137169,1.23983877794193,0.000268703429759931
0.0694643475570003,1.24010684448105,1.23983973327789,0.000267111203153148
0.0694914186199609,1.24010620916006,1.23984068625938,0.00026552290067916
0.0695184896829216,1.24010557540484,1.2398416368922,0.000263938512644613
0.0695455607458822,1.24010494321154,1.23984258518216,0.000262358029379905
0.0695726318088429,1.24010431257628,1.23984353113504,0.000260781441239422
0.0695997028718035,1.24010368349522,1.23984447475662,0.000259208738601968
0.0696267739347641,1.24010305596453,1.23984541605266,0.000257639911869223
0.0696538449977248,1.24010242998037,1.2398463550289,0.000256074951468177
0.0696809160606854,1.24010180553892,1.23984729169107,0.000254513847848026
0.0697079871236461,1.24010118263638,1.23984822604489,0.000252956591482389
0.0697350581866067,1.24010056126893,1.23984915809606,0.000251403172868647
0.0697621292495673,1.24009994143279,1.23985008785027,0.000249853582527271
0.069789200312528,1.24009932312418,1.23985101531318,0.000248307811002269
0.0698162713754886,1.24009870633933,1.23985194049047,0.000246765848861186
0.0698433424384493,1.24009809107446,1.23985286338777,0.000245227686695548
0.0698704135014099,1.24009747732583,1.23985378401071,0.000243693315119309
0.0698974845643705,1.24009686508969,1.23985470236492,0.000242162724769734
0.0699245556273312,1.24009625436231,1.239855618456,0.000240635906308295
0.0699516266902918,1.24009564513995,1.23985653228953,0.000239112850418444
0.0699786977532525,1.24009503741891,1.2398574438711,0.000237593547807169
0.0700057688162131,1.24009443119546,1.23985835320626,0.000236077989204775
0.0700328398791737,1.24009382646593,1.23985926030056,0.00023456616536377
0.0700599109421344,1.24009322322661,1.23986016515955,0.000233058067060643
0.070086982005095,1.24009262147382,1.23986106778873,0.000231553685093866
0.0701140530680557,1.2400920212039,1.23986196819361,0.000230053010285225
0.0701411241310163,1.24009142241317,1.2398628663797,0.000228556033478933
0.0701681951939769,1.240090825098,1.23986376235246,0.000227062745541851
0.0701952662569376,1.24009022925473,1.23986465611736,0.000225573137364155
0.0702223373198982,1.24008963487973,1.23986554767987,0.000224087199857559
0.0702494083828588,1.24008904196937,1.23986643704541,0.000222604923957093
0.0702764794458195,1.24008845052003,1.23986732421941,0.000221126300619767
0.0703035505087801,1.24008786052811,1.23986820920729,0.000219651320825243
0.0703306215717408,1.24008727199001,1.23986909201444,0.000218179975575827
0.0703576926347014,1.24008668490214,1.23986997264624,0.00021671225589559
0.070384763697662,1.24008609926091,1.23987085110808,0.000215248152830805
0.0704118347606227,1.24008551506276,1.23987172740531,0.000213787657450615
0.0704389058235833,1.24008493230412,1.23987260154328,0.000212330760845258
0.070465976886544,1.24008435098143,1.23987347352731,0.000210877454128289
0.0704930479495046,1.24008377109116,1.23987434336272,0.000209427728434575
0.0705201190124652,1.24008319262975,1.23987521105483,0.000207981574920746
0.0705471900754259,1.24008261559369,1.23987607660892,0.000206538984765414
0.0705742611383865,1.24008203997945,1.23987694003028,0.000205099949169618
0.0706013322013472,1.24008146578352,1.23987780132417,0.000203664459355934
0.0706284032643078,1.24008089300241,1.23987866049584,0.000202232506567812
0.0706554743272684,1.24008032163261,1.23987951755054,0.000200804082072459
0.0706825453902291,1.24007975167064,1.23988037249349,0.000199379177156178
0.0707096164531897,1.24007918311303,1.2398812253299,0.000197957783128588
0.0707366875161504,1.24007861595631,1.23988207606499,0.000196539891320846
0.070763758579111,1.24007805019702,1.23988292470393,0.000195125493084314
0.0707908296420716,1.2400774858317,1.23988377125191,0.000193714579793003
0.0708179007050323,1.24007692285692,1.23988461571408,0.000192307142841575
0.0708449717679929,1.24007636126924,1.23988545809559,0.000190903173646673
0.0708720428309536,1.24007580106524,1.23988629840159,0.000189502663645591
0.0708991138939142,1.2400752422415,1.2398871366372,0.000188105604296718
0.0709261849568748,1.24007468479461,1.23988797280753,0.000186711987080646
0.0709532560198355,1.24007412872118,1.23988880691768,0.000185321803498173
0.0709803270827961,1.24007357401781,1.23988963897274,0.000183935045071193
0.0710073981457567,1.24007302068112,1.23989046897778,0.000182551703342471
0.0710344692087174,1.24007246870773,1.23989129693786,0.000181171769876753
0.071061540271678,1.24007191809428,1.23989212285803,0.000179795236258551
0.0710886113346387,1.24007136883742,1.23989294674332,0.000178422094093689
0.0711156823975993,1.24007082093378,1.23989376859878,0.000177052335008421
0.0711427534605599,1.24007027438004,1.23989458842939,0.000175685950650539
0.0711698245235206,1.24006972917286,1.23989540624017,0.000174322932687598
0.0711968955864812,1.2400691853089,1.2398962220361,0.000172963272808691
0.0712239666494419,1.24006864278487,1.23989703582215,0.000171606962722448
0.0712510377124025,1.24006810159744,1.23989784760329,0.000170253994159264
0.0712781087753631,1.24006756174333,1.23989865738446,0.000168904358868627
0.0713051798383238,1.24006702321923,1.23989946517061,0.000167558048621785
0.0713322509012844,1.24006648602186,1.23990027096665,0.000166215055209751
0.071359321964245,1.24006595014796,1.23990107477751,0.000164875370443518
0.0713863930272057,1.24006541559424,1.23990187660809,0.000163538986154954
0.0714134640901663,1.24006488235746,1.23990267646326,0.000162205894196132
0.071440535153127,1.24006435043436,1.23990347434792,0.00016087608643911
0.0714676062160876,1.24006381982169,1.23990427026691,0.000159549554775928
0.0714946772790482,1.24006329051623,1.23990506422511,0.000158226291118835
0.0715217483420089,1.24006276251474,1.23990585622734,0.000156906287400282
0.0715488194049695,1.24006223581401,1.23990664627844,0.000155589535572487
0.0715758904679302,1.24006171041082,1.23990743438322,0.000154276027607869
0.0716029615308908,1.24006118630198,1.23990822054648,0.000152965755498169
0.0716300325938515,1.24006066348428,1.23990900477303,0.000151658711255775
0.0716571036568121,1.24006014195454,1.23990978706763,0.000150354886912174
0.0716841747197727,1.24005962170959,1.23991056743507,0.000149054274518834
0.0717112457827334,1.24005910274624,1.23991134588009,0.000147756866146764
0.071738316845694,1.24005858506133,1.23991212240745,0.000146462653887403
0.0717653879086546,1.24005806865172,1.23991289702187,0.000145171629850172
0.0717924589716153,1.24005755351425,1.23991366972808,0.00014388378616581
0.0718195300345759,1.24005703964577,1.23991444053079,0.000142599114983266
0.0718466010975366,1.24005652704317,1.2399152094347,0.00014131760847147
0.0718736721604972,1.24005601570331,1.23991597644449,0.000140039258818669
0.0719007432234578,1.24005550562307,1.23991674156484,0.00013876405823221
0.0719278142864185,1.24005499679936,1.23991750480042,0.000137491998939421
0.0719548853493791,1.24005448922905,1.23991826615587,0.000136223073186059
0.0719819564123398,1.24005398290907,1.23991902563584,0.000134957273237868
0.0720090274753004,1.24005347783633,1.23991978324495,0.000133694591378797
0.072036098538261,1.24005297400774,1.23992053898783,0.000132435019912558
0.0720631696012217,1.24005247142024,1.23992129286908,0.000131178551162181
0.0720902406641823,1.24005197007077,1.2399220448933,0.000129925177468904
0.072117311727143,1.24005146995626,1.23992279506506,0.000128674891193503
0.0721443827901036,1.24005097107367,1.23992354338895,0.000127427684715631
0.0721714538530642,1.24005047341995,1.23992428986952,0.000126183550433367
0.0721985249160249,1.24004997699208,1.23992503451132,0.00012494248076389
0.0722255959789855,1.24004948178704,1.23992577731889,0.000123704468143693
0.0722526670419461,1.24004898780179,1.23992651829676,0.000122469505027034
0.0722797381049068,1.24004849503333,1.23992725744945,0.000121237583887712
0.0723068091678674,1.24004800347867,1.23992799478145,0.000120008697217289
0.0723338802308281,1.24004751313479,1.23992873029726,0.000118782837526643
0.0723609512937887,1.24004702399872,1.23992946400137,0.000117559997345085
0.0723880223567493,1.24004653606747,1.23993019589825,0.00011634016922013
0.07241509341971,1.24004604933807,1.23993092599235,0.000115123345717727
0.0724421644826706,1.24004556380755,1.23993165428812,0.000113909519422695
0.0724692355456313,1.24004507947295,1.23993238079002,0.000112698682937618
0.0724963066085919,1.24004459633133,1.23993310550245,0.000111490828883953
0.0725233776715525,1.24004411437974,1.23993382842984,0.000110285949901368
0.0725504487345132,1.24004363361524,1.23993454957659,0.000109084038646623
0.0725775197974738,1.2400431540349,1.2399352689471,0.000107885087796467
0.0726045908604345,1.2400426756358,1.23993598654575,0.000106689090044743
0.0726316619233951,1.24004219841502,1.23993670237692,0.000105496038103503
0.0726587329863557,1.24004172236966,1.23993741644496,0.000104305924702564
0.0726858040493164,1.24004124749681,1.23993812875422,0.000103118742590169
0.072712875112277,1.24004077379359,1.23993883930906,0.000101934484532551
0.0727399461752377,1.2400403012571,1.23993954811379,0.000100753143313481
0.0727670172381983,1.24003982988447,1.23994025517274,9.9574711735162e-05
0.0727940883011589,1.24003935967282,1.23994096049021,9.83991826166708e-05
0.0728211593641196,1.2400388906193,1.2399416640705,9.7226548796181e-05
0.0728482304270802,1.24003842272103,1.2399423659179,9.60568031280751e-05
0.0728753014900408,1.24003795597517,1.23994306603669,9.48899384856094e-05
0.0729023725530015,1.24003749037888,1.23994376443112,9.37259477589159e-05
0.0729294436159621,1.24003702592932,1.23994446110546,9.25648238569998e-05
0.0729565146789228,1.24003656262366,1.23994515606395,9.14065597046321e-05
0.0729835857418834,1.24003610045908,1.23994584931083,9.02511482452351e-05
0.073010656804844,1.24003563943275,1.23994654085031,8.90985824393287e-05
0.0730377278678047,1.24003517954188,1.23994723068662,8.79488552649743e-05
0.0730647989307653,1.24003472078366,1.23994791882395,8.68019597175529e-05
0.073091869993726,1.2400342631553,1.23994860526649,8.56578888099868e-05
0.0731189410566866,1.24003380665401,1.23994929001843,8.4516635572518e-05
0.0731460121196472,1.240033351277,1.23994997308395,8.33781930522637e-05
0.0731730831826079,1.2400328970215,1.23995065446719,8.22425543132166e-05
0.0732001542455685,1.24003244388475,1.23995133417231,8.1109712437577e-05
0.0732272253085292,1.24003199186399,1.23995201220346,7.99796605241987e-05
0.0732542963714898,1.24003154095645,1.23995268856476,7.88523916890327e-05
0.0732813674344504,1.2400310911594,1.23995336326034,7.77278990646835e-05
0.0733084384974111,1.2400306424701,1.2399540362943,7.66061758008529e-05
0.0733355095603717,1.2400301948858,1.23995470767074,7.54872150650066e-05
0.0733625806233324,1.24002974840379,1.23995537739375,7.4371010040597e-05
0.073389651686293,1.24002930302135,1.23995604546742,7.32575539283964e-05
0.0734167227492536,1.24002885873575,1.23995671189581,7.21468399460523e-05
0.0734437938122143,1.24002841554431,1.23995737668298,7.10388613269775e-05
0.0734708648751749,1.24002797344431,1.23995803983298,6.99336113230142e-05
0.0734979359381356,1.24002753243306,1.23995870134986,6.88310832017702e-05
0.0735250070010962,1.24002709250788,1.23995936123763,6.77312702472843e-05
0.0735520780640568,1.24002665366608,1.23996001950032,6.66341657606928e-05
0.0735791491270175,1.240026215905,1.23996067614194,6.55397630597854e-05
0.0736062201899781,1.24002577922197,1.23996133116649,6.44480554783389e-05
0.0736332912529387,1.24002534361432,1.23996198457796,6.33590363670056e-05
0.0736603623158994,1.24002490907941,1.23996263638032,6.2272699092869e-05
0.07368743337886,1.24002447561459,1.23996328657755,6.11890370392221e-05
0.0737145044418207,1.24002404321722,1.23996393517361,6.01080436064549e-05
0.0737415755047813,1.24002361188466,1.23996458217245,5.9029712210279e-05
0.073768646567742,1.24002318161429,1.23996522757801,5.79540362828368e-05
0.0737957176307026,1.24002275240349,1.23996587139421,5.68810092735905e-05
0.0738227886936632,1.24002232424963,1.23996651362499,5.58106246471013e-05
0.0738498597566239,1.24002189715013,1.23996715427424,5.47428758841395e-05
0.0738769308195845,1.24002147110237,1.23996779334589,5.3677756482351e-05
0.0739040018825451,1.24002104610376,1.2399684308438,5.26152599551466e-05
0.0739310729455058,1.24002062215171,1.23996906677188,5.15553798312585e-05
0.0739581440084664,1.24002019924364,1.23996970113398,5.0498109656516e-05
0.0739852150714271,1.24001977737697,1.23997033393398,4.94434429922919e-05
0.0740122861343877,1.24001935654914,1.23997096517573,4.83913734157237e-05
0.0740393571973483,1.24001893675758,1.23997159486306,4.73418945201587e-05
0.074066428260309,1.24001851799974,1.23997222299983,4.62949999142648e-05
0.0740934993232696,1.24001810027306,1.23997284958984,4.52506832231414e-05
0.0741205703862303,1.24001768357501,1.23997347463692,4.4208938086987e-05
0.0741476414491909,1.24001726790304,1.23997409814488,4.31697581626533e-05
0.0741747125121515,1.24001685325462,1.2399747201175,4.21331371218692e-05
0.0742017835751122,1.24001643962724,1.23997534055858,4.10990686523505e-05
0.0742288546380728,1.24001602701836,1.2399759594719,4.00675464575784e-05
0.0742559257010335,1.24001561542548,1.23997657686122,3.90385642561331e-05
0.0742829967639941,1.24001520484609,1.23997719273031,3.80121157825819e-05
0.0743100678269547,1.24001479527769,1.2399778070829,3.69881947870354e-05
0.0743371388899154,1.24001438671779,1.23997841992275,3.5966795034259e-05
0.074364209952876,1.2400139791639,1.23997903125359,3.49479103054495e-05
0.0743912810158366,1.24001357261353,1.23997964107914,3.39315343971247e-05
0.0744183520787973,1.24001316706422,1.2399802494031,3.29176611202353e-05
0.0744454231417579,1.2400127625135,1.23998085622919,3.19062843019413e-05
0.0744724942047186,1.24001235895889,1.2399814615611,3.08973977842797e-05
0.0744995652676792,1.24001195639794,1.23998206540252,2.98909954246085e-05
0.0745266363306399,1.24001155482821,1.23998266775712,2.88870710956068e-05
0.0745537073936005,1.24001115424725,1.23998326862856,2.78856186846088e-05
0.0745807784565611,1.24001075465261,1.23998386802052,2.68866320947136e-05
0.0746078495195218,1.24001035604187,1.23998446593663,2.58901052436755e-05
0.0746349205824824,1.2400099584126,1.23998506238054,2.48960320643477e-05
0.074661991645443,1.24000956176238,1.23998565735587,2.39044065049043e-05
0.0746890627084037,1.24000916608879,1.23998625086626,2.29152225283968e-05
0.0747161337713643,1.24000877138942,1.23998684291531,2.19284741123094e-05
0.074743204834325,1.24000837766187,1.23998743350662,2.09441552494471e-05
0.0747702758972856,1.24000798490375,1.2399880226438,1.99622599479365e-05
0.0747973469602462,1.24000759311267,1.23998861033044,1.89827822294486e-05
0.0748244180232069,1.24000720228623,1.23998919657009,1.80057161316416e-05
0.0748514890861675,1.24000681242206,1.23998978136635,1.70310557066067e-05
0.0748785601491282,1.24000642351778,1.23999036472276,1.60587950206459e-05
0.0749056312120888,1.24000603557104,1.23999094664288,1.50889281553823e-05
0.0749327022750494,1.24000564857946,1.23999152713025,1.41214492066499e-05
0.0749597733380101,1.24000526254069,1.2399921061884,1.31563522849376e-05
0.0749868444009707,1.24000487745238,1.23999268382086,1.21936315158333e-05
0.0750139154639314,1.24000449331219,1.23999326003115,1.12332810384697e-05
0.075040986526892,1.24000411011778,1.23999383482277,1.02752950075224e-05
0.0750680575898526,1.24000372786681,1.23999440819922,9.31966759121217e-06
0.0750951286528133,1.24000334655696,1.23999498016399,8.36639297308039e-06
0.0751221997157739,1.24000296618591,1.23999555072056,7.41546534999138e-06
0.0751492707787345,1.24000258675135,1.23999611987241,6.46687893435249e-06
0.0751763418416952,1.24000220825095,1.239996687623,5.52062795167174e-06
0.0752034129046558,1.24000183068243,1.23999725397579,4.57670664277821e-06
0.0752304839676165,1.24000145404348,1.23999781893422,3.63510926226773e-06
0.0752575550305771,1.2400010783318,1.23999838250173,2.69583007916907e-06
0.0752846260935378,1.24000070354512,1.23999894468175,1.7588633756116e-06
0.0753116971564984,1.24000032968115,1.2399995054777,8.24203449711902e-07
0.075338768219459,1.23999995673762,1.24000006489301,1.08155387312792e-07
0.0753658392824197,1.23999958471225,1.24000062293106,1.03821881092259e-06
0.0753929103453803,1.23999921360278,1.24000117959526,1.96599248103446e-06
0.0754199814083409,1.23999884340695,1.240001734889,2.89148204424272e-06
0.0754470524713016,1.23999847412252,1.24000228881565,3.81469313381899e-06
0.0754741235342622,1.23999810574723,1.24000284137859,4.73563136815791e-06
0.0755011945972229,1.23999773827883,1.24000339258118,5.65430235233144e-06
0.0755282656601835,1.2399973717151,1.24000394242678,6.5707116767566e-06
0.0755553367231441,1.2399970060538,1.24000449091872,7.48486491919387e-06
0.0755824077861048,1.23999664129272,1.24000503806036,8.39676764252673e-06
0.0756094788490654,1.23999627742961,1.24000558385501,9.30642539698212e-06
0.0756365499120261,1.23999591446228,1.240006128306,1.02138437183541e-05
0.0756636209749867,1.23999555238852,1.24000667141665,1.11190281282258e-05
0.0756906920379473,1.23999519120612,1.24000721319025,1.20219841357461e-05
0.075717763100908,1.23999483091288,1.24000775363011,1.29227172356305e-05
0.0757448341638686,1.23999447150661,1.24000829273952,1.38212329094944e-05
0.0757719052268293,1.23999411298512,1.24000883052175,1.47175366247421e-05
0.0757989762897899,1.23999375534624,1.24000936698007,1.56116338356771e-05
0.0758260473527505,1.23999339858778,1.24000990211776,1.65035299835026e-05
0.0758531184157112,1.23999304270757,1.24001043593807,1.73932304952107e-05
0.0758801894786718,1.23999268770346,1.24001096844424,1.8280740784693e-05
0.0759072605416325,1.23999233357327,1.24001149963952,1.91660662527404e-05
0.0759343316045931,1.23999198031486,1.24001202952714,2.00492122863771e-05
0.0759614026675537,1.23999162792607,1.24001255811033,2.09301842595266e-05
0.0759884737305144,1.23999127640476,1.24001308539229,2.18089875325678e-05
0.076015544793475,1.23999092574879,1.24001361137624,2.26856274530007e-05
0.0760426158564357,1.23999057595603,1.24001413606538,2.35601093550031e-05
0.0760696869193963,1.23999022702435,1.24001465946291,2.44324385594297e-05
0.0760967579823569,1.23998987895162,1.240015181572,2.53026203738127e-05
0.0761238290453176,1.23998953173573,1.24001570239583,2.61706600932499e-05
0.0761509001082782,1.23998918537457,1.24001622193757,2.7036562998628e-05
0.0761779711712388,1.23998883986603,1.24001674020039,2.79003343590656e-05
0.0762050422341995,1.239988495208,1.24001725718743,2.87619794299143e-05
0.0762321132971601,1.23998815139839,1.24001777290184,2.96215034534253e-05
0.0762591843601208,1.23998780843511,1.24001828734677,3.0478911659193e-05
0.0762862554230814,1.23998746631607,1.24001880052533,3.13342092639335e-05
0.076313326486042,1.23998712503918,1.24001931244065,3.21874014710399e-05
0.0763403975490027,1.23998678460238,1.24001982309585,3.30384934719152e-05
0.0763674686119633,1.23998644500359,1.24002033249404,3.38874904439734e-05
0.076394539674924,1.23998610624075,1.2400208406383,3.47343975524161e-05
0.0764216107378846,1.23998576831179,1.24002134753174,3.55792199500105e-05
0.0764486818008452,1.23998543121466,1.24002185317744,3.64219627764228e-05
0.0764757528638059,1.23998509494731,1.24002235757847,3.72626311586632e-05
0.0765028239267665,1.23998475950769,1.2400228607379,3.81012302106409e-05
0.0765298949897271,1.23998442489376,1.24002336265879,3.89377650342748e-05
0.0765569660526878,1.23998409110348,1.2400238633442,3.97722407186052e-05
0.0765840371156484,1.23998375813483,1.24002436279717,4.06046623402379e-05
0.0766111081786091,1.23998342598579,1.24002486102075,4.14350349629e-05
0.0766381792415697,1.23998309465431,1.24002535801795,4.22633636383285e-05
0.0766652503045303,1.23998276413841,1.24002585379181,4.30896534053815e-05
0.076692321367491,1.23998243443605,1.24002634834534,4.39139092898166e-05
0.0767193924304516,1.23998210554525,1.24002684168155,4.47361363067333e-05
0.0767464634934123,1.23998177746399,1.24002733380344,4.55563394572422e-05
0.0767735345563729,1.23998145019028,1.24002782471401,4.63745237304636e-05
0.0768006056193336,1.23998112372213,1.24002831441623,4.71906941039713e-05
0.0768276766822942,1.23998079805755,1.24002880291309,4.80048555415724e-05
0.0768547477452548,1.23998047319457,1.24002929020757,4.88170129966381e-05
0.0768818188082155,1.23998014913121,1.24002977630261,4.96271714085506e-05
0.0769088898711761,1.23997982586549,1.24003026120119,5.04353357058118e-05
0.0769359609341367,1.23997950339545,1.24003074490625,5.12415108036013e-05
0.0769630319970974,1.23997918171913,1.24003122742073,5.20457016059961e-05
0.076990103060058,1.23997886083457,1.24003170874757,5.28479130041948e-05
0.0770171741230187,1.23997854073982,1.2400321888897,5.36481498778496e-05
0.0770442451859793,1.23997822143293,1.24003266785003,5.44464170939563e-05
0.0770713162489399,1.23997790291197,1.24003314563147,5.52427195081862e-05
0.0770983873119006,1.23997758517498,1.24003362223695,5.60370619637762e-05
0.0771254583748612,1.23997726822005,1.24003409766934,5.6829449291973e-05
0.0771525294378219,1.23997695204524,1.24003457193156,5.76198863120325e-05
0.0771796005007825,1.23997663664864,1.24003504502647,5.84083778318867e-05
0.0772066715637431,1.23997632202831,1.24003551695696,5.91949286468108e-05
0.0772337426267038,1.23997600818235,1.24003598772589,5.99795435407557e-05
0.0772608136896644,1.23997569510885,1.24003645733614,6.07622272852382e-05
0.077287884752625,1.23997538280591,1.24003692579055,6.15429846413384e-05
0.0773149558155857,1.23997507127163,1.24003739309198,6.23218203563702e-05
0.0773420268785463,1.2399747605041,1.24003785924327,6.30987391676552e-05
0.077369097941507,1.23997445050145,1.24003832424725,6.38737457996363e-05
0.0773961690044676,1.23997414126178,1.24003878810675,6.46468449663207e-05
0.0774232400674282,1.23997383278322,1.24003925082459,6.54180413686145e-05
0.0774503111303889,1.23997352506389,1.24003971240359,6.6187339696766e-05
0.0774773821933495,1.23997321810192,1.24004017284655,6.69547446292551e-05
0.0775044532563102,1.23997291189544,1.24004063215627,6.77202608330152e-05
0.0775315243192708,1.23997260644258,1.24004109033555,6.84838929629894e-05
0.0775585953822314,1.2399723017415,1.24004154738717,6.92456456636847e-05
0.0775856664451921,1.23997199779034,1.24004200331391,7.00055235669517e-05
0.0776127375081527,1.23997169458725,1.24004245811854,7.07635312933164e-05
0.0776398085711134,1.23997139213039,1.24004291180384,7.1519673453091e-05
0.077666879634074,1.23997109041791,1.24004336437255,7.2273954643709e-05
0.0776939506970346,1.23997078944799,1.24004381582744,7.3026379452612e-05
0.0777210217599953,1.23997048921879,1.24004426617124,7.3776952454363e-05
0.0777480928229559,1.23997018972848,1.2400447154067,7.45256782137549e-05
0.0777751638859166,1.23996989097525,1.24004516353654,7.52725612831462e-05
0.0778022349488772,1.23996959295729,1.24004561056349,7.60176062042373e-05
0.0778293060118378,1.23996929567277,1.24004605649027,7.67608175074042e-05
0.0778563770747985,1.23996899911988,1.24004650131959,7.75021997116987e-05
0.0778834481377591,1.23996870329684,1.24004694505416,7.82417573250704e-05
0.0779105192007198,1.23996840820183,1.24004738769667,7.89794948448108e-05
0.0779375902636804,1.23996811383307,1.24004782924982,7.97154167562208e-05
0.077964661326641,1.23996782018875,1.24004826971629,8.04495275339434e-05
0.0779917323896017,1.23996752726711,1.24004870909875,8.11818316415192e-05
0.0780188034525623,1.23996723506635,1.24004914739989,8.19123335318306e-05
0.0780458745155229,1.23996694358471,1.24004958462236,8.26410376464359e-05
0.0780729455784836,1.2399666528204,1.24005002076882,8.33679484157912e-05
0.0781000166414442,1.23996636277166,1.24005045584192,8.40930702594722e-05
0.0781270877044049,1.23996607343673,1.24005088984432,8.48164075861746e-05
0.0781541587673655,1.23996578481385,1.24005132277864,8.55379647937138e-05
0.0781812298303261,1.23996549690126,1.24005175464753,8.62577462699132e-05
0.0782083008932868,1.23996520969721,1.2400521854536,8.69757563894957e-05
0.0782353719562474,1.23996492319996,1.24005261519948,8.76919995187464e-05
0.0782624430192081,1.23996463740776,1.24005304388777,8.84064800117379e-05
0.0782895140821687,1.23996435231888,1.24005347152109,8.91192022127729e-05
0.0783165851451293,1.23996406793159,1.24005389810204,8.98301704546078e-05
0.07834365620809,1.23996378424414,1.2400543236332,9.05393890595629e-05
0.0783707272710506,1.23996350125483,1.24005474811717,9.12468623393003e-05
0.0783977983340113,1.23996321896193,1.24005517155652,9.1952594594602e-05
0.0784248693969719,1.23996293736372,1.24005559395384,9.265659011648e-05
0.0784519404599325,1.23996265645849,1.24005601531168,9.33588531841778e-05
0.0784790115228932,1.23996237624454,1.24005643563261,9.40593880671692e-05
0.0785060825858538,1.23996209672016,1.24005685491918,9.47581990240476e-05
0.0785331536488145,1.23996181788365,1.24005727317395,9.54552903031924e-05
0.0785602247117751,1.23996153973331,1.24005769039945,9.61506661418809e-05
0.0785872957747357,1.23996126226746,1.24005810659823,9.68443307676203e-05
0.0786143668376964,1.23996098548441,1.2400585217728,9.75362883970377e-05
0.078641437900657,1.23996070938247,1.24005893592571,9.82265432365459e-05
0.0786685089636177,1.23996043395997,1.24005934905946,9.8915099482122e-05
0.0786955800265783,1.23996015921524,1.24005976117656,9.96019613193067e-05
0.0787226510895389,1.2399598851466,1.24006017227952,0.000100287132923205
0.0787497221524996,1.23995961175238,1.24006058237084,0.000100970618458929
0.0787767932154602,1.23995933903093,1.24006099145301,0.000101652422080711
0.0788038642784208,1.23995906698059,1.24006139952853,0.000102332547933903
0.0788309353413815,1.23995879559971,1.24006180659986,0.000103011000151643
0.0788580064043421,1.23995852488662,1.24006221266948,0.000103687782858408
0.0788850774673028,1.2399582548397,1.24006261773987,0.000104362900167798
0.0789121485302634,1.23995798545729,1.24006302181348,0.000105036356183419
0.078939219593224,1.23995771673777,1.24006342489276,0.000105708154998663
0.0789662906561847,1.23995744867949,1.24006382698018,0.000106378300696708
0.0789933617191453,1.23995718128083,1.24006422807818,0.000107046797351407
0.079020432782106,1.23995691454016,1.24006462818918,0.000107713649025731
0.0790475038450666,1.23995664845586,1.24006502731563,0.000108378859772218
0.0790745749080272,1.23995638302631,1.24006542545995,0.000109042433634743
0.0791016459709879,1.23995611824991,1.24006582262455,0.000109704374646524
0.0791287170339485,1.23995585412503,1.24006621881186,0.000110364686830122
0.0791557880969092,1.23995559065009,1.24006661402428,0.000111023374199215
0.0791828591598698,1.23995532782346,1.24006700826422,0.000111680440757045
0.0792099302228304,1.23995506564357,1.24006740153406,0.000112335890497306
0.0792370012857911,1.2399548041088,1.24006779383621,0.000112989727403479
0.0792640723487517,1.23995454321759,1.24006818517303,0.000113641955449495
0.0792911434117124,1.23995428296833,1.24006857554692,0.000114292578598851
0.079318214474673,1.23995402335944,1.24006896496025,0.000114941600806162
0.0793452855376336,1.23995376438936,1.24006935341537,0.000115589026015606
0.0793723566005943,1.2399535060565,1.24006974091466,0.000116234858162034
0.0793994276635549,1.2399532483593,1.24007012746047,0.000116879101170309
0.0794264987265156,1.23995299129618,1.24007051305514,0.000117521758955519
0.0794535697894762,1.2399527348656,1.24007089770102,0.00011816283542343
0.0794806408524368,1.23995247906598,1.24007128140045,0.000118802334470036
0.0795077119153975,1.23995222389577,1.24007166415575,0.00011944025998134
0.0795347829783581,1.23995196935343,1.24007204596927,0.000120076615834463
0.0795618540413187,1.23995171543741,1.2400724268433,0.000120711405896312
0.0795889251042794,1.23995146214615,1.24007280678018,0.000121344634024689
0.07961599616724,1.23995120947814,1.2400731857822,0.000121976304067406
0.0796430672302007,1.23995095743182,1.24007356385168,0.000122606419863169
0.0796701382931613,1.23995070600567,1.24007394099091,0.000123234985241361
0.0796972093561219,1.23995045519816,1.24007431720218,0.000123862004020925
0.0797242804190826,1.23995020500776,1.24007469248777,0.000124487480012814
0.0797513514820432,1.23994995543296,1.24007506684997,0.000125111417017543
0.0797784225450039,1.23994970647223,1.24007544029106,0.000125733818826301
0.0798054936079645,1.23994945812408,1.2400758128133,0.000126354689221397
0.0798325646709251,1.23994921038697,1.24007618441895,0.000126974031975147
0.0798596357338858,1.23994896325942,1.24007655511028,0.000127591850851649
0.0798867067968464,1.23994871673992,1.24007692488953,0.000128208149604569
0.0799137778598071,1.23994847082697,1.24007729375895,0.000128822931978911
0.0799408489227677,1.23994822551908,1.24007766172079,0.000129436201709909
0.0799679199857283,1.23994798081475,1.24007802877728,0.00013004796252436
0.079994991048689,1.23994773671251,1.24007839493065,0.00013065821813929
0.0800220621116496,1.23994749321086,1.24007876018312,0.000131266972262845
0.0800491331746103,1.23994725030833,1.24007912453692,0.000131874228593398
0.0800762042375709,1.23994700800344,1.24007948799426,0.000132479990820888
0.0801032753005315,1.23994676629471,1.24007985055734,0.000133084262626149
0.0801303463634922,1.23994652518069,1.24008021222837,0.000133687047680242
0.0801574174264528,1.2399462846599,1.24008057300955,0.000134288349646017
0.0801844884894135,1.23994604473089,1.24008093290307,0.00013488817217655
0.0802115595523741,1.2399458053922,1.24008129191111,0.000135486518916483
0.0802386306153347,1.23994556664236,1.24008165003586,0.000136083393501352
0.0802657016782954,1.23994532847994,1.2400820072795,0.000136678799556922
0.080292772741256,1.23994509090348,1.24008236364418,0.000137272740701189
0.0803198438042166,1.23994485391155,1.24008271913209,0.000137865220542599
0.0803469148671773,1.23994461750269,1.24008307374537,0.000138456242680496
0.0803739859301379,1.23994438167548,1.24008342748619,0.000139045810705785
0.0804010569930986,1.23994414642848,1.24008378035668,0.000139633928200489
0.0804281280560592,1.23994391176027,1.24008413235901,0.000140220598737306
0.0804551991190198,1.23994367766941,1.24008448349529,0.000140805825880719
0.0804822701819805,1.23994344415449,1.24008483376767,0.000141389613186105
0.0805093412449411,1.23994321121408,1.24008518317828,0.000141971964199739
0.0805364123079018,1.23994297884678,1.24008553172924,0.000142552882460123
0.0805634833708624,1.23994274705116,1.24008587942266,0.000143132371495769
0.080590554433823,1.23994251582583,1.24008622626066,0.000143710434827193
0.0806176254967837,1.23994228516938,1.24008657224534,0.000144287075966476
0.0806446965597443,1.2399420550804,1.24008691737881,0.000144862298416593
0.0806717676227049,1.23994182555749,1.24008726166317,0.000145436105671859
0.0806988386856656,1.23994159659928,1.24008760510049,0.000146008501217709
0.0807259097486262,1.23994136820435,1.24008794769288,0.000146579488531806
0.0807529808115869,1.23994114037133,1.24008828944241,0.000147149071082708
0.0807800518745475,1.23994091309883,1.24008863035116,0.000147717252330315
0.0808071229375081,1.23994068638547,1.2400889704212,0.000148284035726531
0.0808341940004688,1.23994046022988,1.24008930965459,0.000148849424713493
0.0808612650634294,1.23994023463067,1.2400896480534,0.00014941342272623
0.0808883361263901,1.23994000958649,1.24008998561968,0.000149976033190891
0.0809154071893507,1.23993978509595,1.24009032235548,0.000150537259524741
0.0809424782523114,1.23993956115771,1.24009065826284,0.000151097105137055
0.080969549315272,1.23993933777039,1.24009099334382,0.000151655573428222
0.0809966203782326,1.23993911493265,1.24009132760044,0.000152212667790863
0.0810236914411933,1.23993889264312,1.24009166103473,0.000152768391608715
0.0810507625041539,1.23993867090046,1.24009199364872,0.000153322748257745
0.0810778335671145,1.23993844970332,1.24009232544442,0.000153875741104814
0.0811049046300752,1.23993822905036,1.24009265642387,0.00015442737350857
0.0811319756930358,1.23993800894023,1.24009298658905,0.000154977648820331
0.0811590467559965,1.23993778937161,1.24009331594199,0.000155526570382092
0.0811861178189571,1.23993757034315,1.24009364448468,0.000156074141528073
0.0812131888819177,1.23993735185353,1.24009397221911,0.000156620365584059
0.0812402599448784,1.23993713390141,1.24009429914728,0.000157165245867619
0.081267331007839,1.23993691648549,1.24009462527117,0.00015770878568877
0.0812944020707997,1.23993669960442,1.24009495059277,0.00015825098834843
0.0813214731337603,1.23993648325691,1.24009527511405,0.000158791857139962
0.0813485441967209,1.23993626744162,1.24009559883697,0.000159331395348072
0.0813756152596816,1.23993605215726,1.24009592176351,0.000159869606250362
0.0814026863226422,1.23993583740252,1.24009624389563,0.000160406493114884
0.0814297573856028,1.23993562317608,1.24009656523528,0.000160942059203251
0.0814568284485635,1.23993540947665,1.24009688578442,0.000161476307767527
0.0814838995115241,1.23993519630294,1.24009720554499,0.000162009242052452
0.0815109705744848,1.23993498365364,1.24009752451894,0.000162540865295435
0.0815380416374454,1.23993477152747,1.2400978427082,0.000163071180724561
0.0815651127004061,1.23993455992314,1.2400981601147,0.000163600191560809
0.0815921837633667,1.23993434883935,1.24009847674037,0.000164127901016942
0.0816192548263273,1.23993413827484,1.24009879258714,0.00016465431229773
0.081646325889288,1.23993392822832,1.24009910765692,0.000165179428600393
0.0816733969522486,1.23993371869851,1.24009942195163,0.000165703253113714
0.0817004680152092,1.23993350968415,1.24009973547317,0.000166225789019148
0.0817275390781699,1.23993330118396,1.24010004822345,0.000166747039489712
0.0817546101411305,1.23993309319668,1.24010036020438,0.000167267007691541
0.0817816812040912,1.23993288572105,1.24010067141783,0.000167785696781664
0.0818087522670518,1.2399326787558,1.24010098186571,0.000168303109910228
0.0818358233300124,1.23993247229967,1.24010129154989,0.000168819250219832
0.0818628943929731,1.23993226635142,1.24010160047227,0.000169334120844189
0.0818899654559337,1.2399320609098,1.24010190863471,0.000169847724910355
0.0819170365188944,1.23993185597355,1.24010221603908,0.000170360065537389
0.081944107581855,1.23993165154143,1.24010252268726,0.000170871145836138
0.0819711786448156,1.2399314476122,1.24010282858111,0.00017138096891034
0.0819982497077763,1.23993124418462,1.24010313372247,0.000171889537855963
0.0820253207707369,1.23993104125746,1.24010343811322,0.000172396855761203
0.0820523918336976,1.23993083882948,1.24010374175518,0.00017290292570693
0.0820794628966582,1.23993063689945,1.24010404465022,0.000173407750766241
0.0821065339596188,1.23993043546616,1.24010434680016,0.000173911334004018
0.0821336050225795,1.23993023452837,1.24010464820685,0.000174413678478702
0.0821606760855401,1.23993003408486,1.2401049488721,0.000174914787240521
0.0821877471485007,1.23992983413443,1.24010524879776,0.000175414663332374
0.0822148182114614,1.23992963467584,1.24010554798563,0.000175913309789166
0.082241889274422,1.2399294357079,1.24010584643754,0.000176410729639365
0.0822689603373827,1.2399292372294,1.2401061441553,0.000176906925902998
0.0822960314003433,1.23992903923912,1.24010644114071,0.000177401901592988
0.082323102463304,1.23992884173587,1.24010673739559,0.000177895659714933
0.0823501735262646,1.23992864471845,1.24010703292172,0.000178388203266655
0.0823772445892252,1.23992844818566,1.2401073277209,0.000178879535239096
0.0824043156521859,1.23992825213631,1.24010762179493,0.000179369658615425
0.0824313867151465,1.23992805656921,1.24010791514558,0.000179858576371483
0.0824584577781071,1.23992786148317,1.24010820777464,0.000180346291476008
0.0824855288410678,1.239927666877,1.24010849968389,0.000180832806889963
0.0825125999040284,1.23992747274953,1.2401087908751,0.000181318125568097
0.0825396709669891,1.23992727909958,1.24010908135003,0.000181802250456053
0.0825667420299497,1.23992708592596,1.24010937111045,0.000182285184493702
0.0825938130929103,1.23992689322751,1.24010966015813,0.000182766930613143
0.082620884155871,1.23992670100306,1.2401099484948,0.000183247491739591
0.0826479552188316,1.23992650925144,1.24011023612223,0.000183726870790268
0.0826750262817923,1.23992631797149,1.24011052304216,0.000184205070675958
0.0827020973447529,1.23992612716204,1.24011080925634,0.000184682094299671
0.0827291684077135,1.23992593682194,1.24011109476649,0.000185157944557757
0.0827562394706742,1.23992574695002,1.24011137957436,0.000185632624339682
0.0827833105336348,1.23992555754515,1.24011166368167,0.000186106136526698
0.0828103815965955,1.23992536860616,1.24011194709015,0.000186578483993394
0.0828374526595561,1.23992518013191,1.24011222980152,0.000187049669608141
0.0828645237225167,1.23992499212127,1.2401125118175,0.00018751969623132
0.0828915947854774,1.23992480457307,1.24011279313979,0.00018798856671598
0.082918665848438,1.23992461748619,1.2401130737701,0.000188456283909622
0.0829457369113986,1.2399244308595,1.24011335371015,0.000188922850650641
0.0829728079743593,1.23992424469185,1.24011363296162,0.000189388269772328
0.0829998790373199,1.23992405898212,1.24011391152622,0.000189852544099756
0.0830269501002806,1.23992387372918,1.24011418940563,0.000190315676451336
0.0830540211632412,1.2399236889319,1.24011446660154,0.000190777669639264
0.0830810922262019,1.23992350458917,1.24011474311564,0.000191238526467519
0.0831081632891625,1.23992332069986,1.2401150189496,0.000191698249734307
0.0831352343521231,1.23992313726287,1.2401152941051,0.000192156842230062
0.0831623054150838,1.23992295427706,1.2401155685838,0.000192614306738781
0.0831893764780444,1.23992277174134,1.24011584238738,0.000193070646037796
0.083216447541005,1.2399225896546,1.2401161155175,0.000193525862897115
0.0832435186039657,1.23992240801573,1.24011638797581,0.000193979960080082
0.0832705896669263,1.23992222682362,1.24011665976396,0.000194432940343381
0.083297660729887,1.23992204607718,1.24011693088362,0.00019488480643659
0.0833247317928476,1.23992186577532,1.24011720133642,0.000195335561103294
0.0833518028558082,1.23992168591693,1.240117471124,0.000195785207078636
0.0833788739187689,1.23992150650092,1.24011774024801,0.0001962337470931
0.0834059449817295,1.23992132752621,1.24011800871008,0.00019668118386873
0.0834330160446902,1.23992114899171,1.24011827651183,0.000197127520121798
0.0834600871076508,1.23992097089633,1.24011854365489,0.000197572758562137
0.0834871581706114,1.239920793239,1.24011881014089,0.000198016901891362
0.0835142292335721,1.23992061601863,1.24011907597144,0.000198459952806429
0.0835413002965327,1.23992043923416,1.24011934114815,0.000198901913995853
0.0835683713594934,1.2399202628845,1.24011960567264,0.00019934278814282
0.083595442422454,1.23992008696859,1.24011986954651,0.000199782577922969
0.0836225134854146,1.23991991148535,1.24012013277136,0.000200221286006386
0.0836495845483753,1.23991973643373,1.24012039534879,0.000200658915055829
0.0836766556113359,1.23991956181267,1.24012065728039,0.000201095467726953
0.0837037266742966,1.23991938762109,1.24012091856776,0.000201530946670303
0.0837307977372572,1.23991921385794,1.24012117921247,0.000201965354528655
0.0837578688002178,1.23991904052218,1.24012143921612,0.000202398693938788
0.0837849398631785,1.23991886761274,1.24012169858028,0.000202830967531265
0.0838120109261391,1.23991869512858,1.24012195730651,0.00020326217792932
0.0838390819890998,1.23991852306866,1.24012221539641,0.000203692327750638
0.0838661530520604,1.23991835143191,1.24012247285152,0.000204121419605796
0.083893224115021,1.23991818021732,1.24012272967342,0.000204549456098713
0.0839202951779817,1.23991800942382,1.24012298586365,0.000204976439828419
0.0839473662409423,1.2399178390504,1.24012324142379,0.000205402373385288
0.0839744373039029,1.23991766909601,1.24012349635537,0.000205827259355251
0.0840015083668636,1.23991749955963,1.24012375065995,0.00020625110031669
0.0840285794298242,1.23991733044022,1.24012400433906,0.000206673898841991
0.0840556504927849,1.23991716173676,1.24012425739425,0.000207095657497325
0.0840827215557455,1.23991699344822,1.24012450982706,0.000207516378842643
0.0841097926187061,1.23991682557358,1.24012476163901,0.000207936065431014
0.0841368636816668,1.23991665811183,1.24012501283164,0.000208354719809734
0.0841639347446274,1.23991649106195,1.24012526340647,0.000208772344519437
0.0841910058075881,1.23991632442292,1.24012551336501,0.000209188942094762
0.0842180768705487,1.23991615819373,1.24012576270879,0.000209604515064354
0.0842451479335093,1.23991599237338,1.24012601143933,0.000210019065950195
0.08427221899647,1.23991582696085,1.24012625955812,0.000210432597267607
0.0842992900594306,1.23991566195514,1.24012650706667,0.000210845111526803
0.0843263611223913,1.23991549735526,1.24012675396649,0.000211256611231114
0.0843534321853519,1.2399153331602,1.24012700025908,0.000211667098878099
0.0843805032483125,1.23991516936897,1.24012724594593,0.000212076576958431
0.0844075743112732,1.23991500598057,1.24012749102853,0.000212485047957456
0.0844346453742338,1.23991484299401,1.24012773550837,0.000212892514353635
0.0844617164371945,1.23991468040831,1.24012797938693,0.000213298978620324
0.0844887875001551,1.23991451822247,1.24012822266569,0.00021370444322355
0.0845158585631157,1.23991435643551,1.24012846534613,0.000214108910624677
0.0845429296260764,1.23991419504644,1.24012870742972,0.000214512383277521
0.084570000689037,1.2399140340543,1.24012894891793,0.000214914863630788
0.0845970717519977,1.2399138734581,1.24012918981223,0.000215316354126749
0.0846241428149583,1.23991371325687,1.24012943011408,0.00021571685720212
0.0846512138779189,1.23991355344964,1.24012966982493,0.000216116375286957
0.0846782849408796,1.23991339403543,1.24012990894624,0.000216514910805765
0.0847053560038402,1.23991323501328,1.24013014747946,0.000216912466177055
0.0847324270668008,1.23991307638223,1.24013038542604,0.000217309043813341
0.0847594981297615,1.23991291814131,1.24013062278743,0.000217704646121142
0.0847865691927221,1.23991276028955,1.24013085956506,0.000218099275500983
0.0848136402556828,1.23991260282602,1.24013109576036,0.000218492934347392
0.0848407113186434,1.23991244574973,1.24013133137478,0.000218885625049126
0.084867782381604,1.23991228905976,1.24013156640975,0.000219277349989166
0.0848948534445647,1.23991213275514,1.24013180086668,0.000219668111544502
0.0849219245075253,1.23991197683492,1.24013203474701,0.000220057912086125
0.084948995570486,1.23991182129816,1.24013226805214,0.000220446753979475
0.0849760666334466,1.23991166614392,1.2401325007835,0.000220834639583778
0.0850031376964072,1.23991151137125,1.24013273294251,0.000221221571252928
0.0850302087593679,1.23991135697922,1.24013296453055,0.000221607551334824
0.0850572798223285,1.23991120296689,1.24013319554906,0.000221992582170927
0.0850843508852892,1.23991104933331,1.24013342599941,0.000222376666098256
0.0851114219482498,1.23991089607758,1.24013365588302,0.000222759805446726
0.0851384930112104,1.23991074319874,1.24013388520128,0.000223142002541588
0.0851655640741711,1.23991059069587,1.24013411395557,0.000223523259701652
0.0851926351371317,1.23991043856806,1.2401343421473,0.000223903579239737
0.0852197062000924,1.23991028681437,1.24013456977783,0.000224282963464439
0.085246777263053,1.23991013543388,1.24013479684856,0.00022466141467703
0.0852738483260136,1.23990998442568,1.24013502336086,0.000225038935173671
0.0853009193889743,1.23990983378886,1.2401352493161,0.000225415527244976
0.0853279904519349,1.23990968352248,1.24013547471566,0.00022579119317645
0.0853550615148956,1.23990953362565,1.2401356995609,0.000226165935246936
0.0853821325778562,1.23990938409746,1.24013592385319,0.000226539755730171
0.0854092036408168,1.239909234937,1.24013614759389,0.000226912656893896
0.0854362747037775,1.23990908614335,1.24013637078435,0.000227284641001191
0.0854633457667381,1.23990893771563,1.24013659342594,0.000227655710308694
0.0854904168296987,1.23990878965293,1.24013681551999,0.000228025867067716
0.0855174878926594,1.23990864195434,1.24013703706787,0.000228395113524238
0.08554455895562,1.23990849461899,1.2401372580709,0.000228763451918246
0.0855716300185807,1.23990834764596,1.24013747853044,0.000229130884484618
0.0855987010815413,1.23990820103437,1.24013769844782,0.000229497413452462
0.0856257721445019,1.23990805478333,1.24013791782438,0.000229863041045997
0.0856528432074626,1.23990790889196,1.24013813666144,0.000230227769482783
0.0856799142704232,1.23990776335936,1.24013835496034,0.000230591600975938
0.0857069853333839,1.23990761818466,1.24013857272239,0.000230954537732586
0.0857340563963445,1.23990747336697,1.24013878994893,0.000231316581955188
0.0857611274593051,1.23990732890542,1.24013900664126,0.000231677735839542
0.0857881985222658,1.23990718479912,1.2401392228007,0.000232038001577006
0.0858152695852264,1.23990704104721,1.24013943842856,0.000232397381352945
0.085842340648187,1.23990689764881,1.24013965352616,0.000232755877348279
0.0858694117111477,1.23990675460306,1.24013986809479,0.000233113491737047
0.0858964827741083,1.23990661190908,1.24014008213577,0.000233470226689514
0.085923553837069,1.239906469566,1.24014029565037,0.000233826084369282
0.0859506249000296,1.23990632757298,1.24014050863991,0.000234181066935291
0.0859776959629902,1.23990618592914,1.24014072110568,0.000234535176541151
0.0860047670259509,1.23990604463362,1.24014093304895,0.000234888415335366
0.0860318380889115,1.23990590368557,1.24014114447103,0.000235240785460444
0.0860589091518722,1.23990576308413,1.24014135537318,0.00023559228905401
0.0860859802148328,1.23990562282845,1.2401415657567,0.000235942928248578
0.0861130512777935,1.23990548291768,1.24014177562285,0.000236292705171337
0.0861401223407541,1.23990534335097,1.24014198497292,0.000236641621943923
0.0861671934037147,1.23990520412748,1.24014219380816,0.000236989680683086
0.0861942644666754,1.23990506524635,1.24014240212985,0.00023733688350025
0.086221335529636,1.23990492670675,1.24014260993925,0.000237683232501507
0.0862484065925966,1.23990478850784,1.24014281723762,0.000238028729788065
0.0862754776555573,1.23990465064877,1.24014302402623,0.000238373377455803
0.0863025487185179,1.23990451312871,1.24014323030631,0.000238717177595049
0.0863296197814786,1.23990437594683,1.24014343607913,0.000239060132291469
0.0863566908444392,1.2399042391023,1.24014364134593,0.000239402243625841
0.0863837619073998,1.23990410259428,1.24014384610796,0.00023974351367273
0.0864108329703605,1.23990396642195,1.24014405036645,0.0002400839445027
0.0864379040333211,1.23990383058448,1.24014425412266,0.000240423538180989
0.0864649750962818,1.23990369508104,1.24014445737781,0.000240762296766839
0.0864920461592424,1.23990355991082,1.24014466013314,0.00024110022231616
0.086519117222203,1.239903425073,1.24014486238988,0.000241437316877535
0.0865461882851637,1.23990329056675,1.24014506414925,0.000241773582496663
0.0865732593481243,1.23990315639127,1.24014526541248,0.000242109021212578
0.0866003304110849,1.23990302254573,1.24014546618079,0.000242443635060763
0.0866274014740456,1.23990288902932,1.24014566645539,0.000242777426070262
0.0866544725370062,1.23990275584124,1.24014586623751,0.000243110396265678
0.0866815435999669,1.23990262298068,1.24014606552835,0.000243442547667394
0.0867086146629275,1.23990249044683,1.24014626432912,0.000243773882289133
0.0867356857258881,1.23990235823889,1.24014646264104,0.000244104402141287
0.0867627567888488,1.23990222635606,1.24014666046529,0.000244434109228919
0.0867898278518094,1.23990209479753,1.24014685780308,0.000244763005551096
0.0868168989147701,1.23990196356251,1.24014705465561,0.000245091093103111
0.0868439699777307,1.2399018326502,1.24014725102408,0.00024541837387515
0.0868710410406913,1.23990170205981,1.24014744690966,0.00024574484985207
0.086898112103652,1.23990157179054,1.24014764231356,0.000246070523014064
0.0869251831666126,1.23990144184162,1.24014783723695,0.000246395395336441
0.0869522542295733,1.23990131221223,1.24014803168102,0.000246719468789403
0.0869793252925339,1.23990118290161,1.24014822564695,0.000247042745339154
0.0870063963554945,1.23990105390897,1.24014841913592,0.000247365226946128
0.0870334674184552,1.23990092523352,1.24014861214909,0.000247686915566314
0.0870605384814158,1.23990079687449,1.24014880468764,0.000248007813150597
0.0870876095443765,1.23990066883109,1.24014899675274,0.000248327921645641
0.0871146806073371,1.23990054110255,1.24014918834555,0.000248647242992783
0.0871417516702977,1.2399004136881,1.24014937946723,0.000248965779128474
0.0871688227332584,1.23990028658696,1.24014957011894,0.000249283531984945
0.087195893796219,1.23990015979835,1.24014976030184,0.000249600503489322
0.0872229648591797,1.23990003332152,1.24014995001709,0.000249916695564067
0.0872500359221403,1.2398999071557,1.24015013926583,0.000250232110126536
0.0872771069851009,1.23989978130011,1.2401503280492,0.000250546749090086
0.0873041780480616,1.239899655754,1.24015051636837,0.000250860614363191
0.0873312491110222,1.23989953051661,1.24015070422446,0.000251173707848995
0.0873583201739828,1.23989940558717,1.24015089161862,0.000251486031446202
0.0873853912369435,1.23989928096493,1.24015107855198,0.000251797587049518
0.0874124622999041,1.23989915664913,1.24015126502568,0.000252108376548099
0.0874395333628648,1.23989903263902,1.24015145104085,0.000252418401826882
0.0874666044258254,1.23989890893384,1.24015163659861,0.000252727664766139
0.087493675488786,1.23989878553285,1.24015182170009,0.000253036167241483
0.0875207465517467,1.2398986624353,1.24015200634642,0.000253343911123416
0.0875478176147073,1.23989853964044,1.24015219053872,0.000253650898279112
0.087574888677668,1.23989841714752,1.24015237427809,0.000253957130569527
0.0876019597406286,1.23989829495581,1.24015255756566,0.000254262609852063
0.0876290308035892,1.23989817306456,1.24015274040254,0.000254567337979905
0.0876561018665499,1.23989805147303,1.24015292278983,0.000254871316800243
0.0876831729295105,1.23989793018049,1.24015310472864,0.000255174548156933
0.0877102439924712,1.23989780918619,1.24015328622008,0.000255477033888951
0.0877373150554318,1.23989768848942,1.24015346726525,0.000255778775830606
0.0877643861183924,1.23989756808942,1.24015364786524,0.000256079775811546
0.0877914571813531,1.23989744798549,1.24015382802114,0.000256380035657866
0.0878185282443137,1.23989732817687,1.24015400773406,0.000256679557189665
0.0878455993072744,1.23989720866286,1.24015418700508,0.000256978342223269
0.087872670370235,1.23989708944272,1.24015436583529,0.000257276392571226
0.0878997414331956,1.23989697051573,1.24015454422577,0.000257573710040537
0.0879268124961563,1.23989685188117,1.24015472217761,0.000257870296434426
0.0879538835591169,1.23989673353833,1.24015489969188,0.000258166153551453
0.0879809546220776,1.23989661548647,1.24015507676966,0.000258461283185518
0.0880080256850382,1.2398964977249,1.24015525341202,0.0002587556871263
0.0880350967479988,1.23989638025288,1.24015542962004,0.000259049367159259
0.0880621678109595,1.23989626306972,1.24015560539479,0.000259342325065415
0.0880892388739201,1.2398961461747,1.24015578073732,0.000259634562621125
0.0881163099368807,1.23989602956711,1.24015595564871,0.000259926081598305
0.0881433809998414,1.23989591324624,1.24015613013001,0.000260216883764874
0.088170452062802,1.23989579721139,1.24015630418228,0.000260506970884089
0.0881975231257627,1.23989568146186,1.24015647780658,0.000260796344715652
0.0882245941887233,1.23989556599694,1.24015665100396,0.000261085007013717
0.0882516652516839,1.23989545081594,1.24015682377546,0.000261372959528439
0.0882787363146446,1.23989533591815,1.24015699612215,0.00026166020400642
0.0883058073776052,1.23989522130287,1.24015716804506,0.000261946742189378
0.0883328784405659,1.23989510696942,1.24015733954524,0.000262232575814592
0.0883599495035265,1.2398949929171,1.24015751062372,0.000262517706615339
0.0883870205664871,1.23989487914522,1.24015768128154,0.000262802136320683
0.0884140916294478,1.23989476565309,1.24015785151974,0.000263085866655244
0.0884411626924084,1.23989465244001,1.24015802133935,0.000263368899339644
0.0884682337553691,1.23989453950531,1.2401581907414,0.000263651236089624
0.0884953048183297,1.2398944268483,1.24015835972692,0.000263932878617812
0.0885223758812903,1.23989431446829,1.24015852829693,0.000264213828631288
0.088549446944251,1.23989420236461,1.24015869645245,0.000264494087834244
0.0885765180072116,1.23989409053658,1.2401588641945,0.000264773657925543
0.0886035890701723,1.23989397898351,1.24015903152411,0.000265052540600275
0.0886306601331329,1.23989386770473,1.24015919844228,0.000265330737549974
0.0886577311960935,1.23989375669956,1.24015936495002,0.000265608250460847
0.0886848022590542,1.23989364596734,1.24015953104836,0.000265885081015993
0.0887118733220148,1.23989353550739,1.24015969673828,0.000266161230893847
0.0887389443849755,1.23989342531904,1.24015986202081,0.000266436701768624
0.0887660154479361,1.23989331540162,1.24016002689693,0.000266711495310989
0.0887930865108967,1.23989320575447,1.24016019136766,0.000266985613186721
0.0888201575738574,1.23989309637692,1.24016035543398,0.000267259057057823
0.088847228636818,1.23989298726831,1.2401605190969,0.000267531828582745
0.0888742996997786,1.23989287842798,1.2401606823574,0.000267803929414612
0.0889013707627393,1.23989276985526,1.24016084521647,0.000268075361203879
0.0889284418256999,1.23989266154951,1.2401610076751,0.000268346125595675
0.0889555128886606,1.23989255351005,1.24016116973429,0.000268616224232465
0.0889825839516212,1.23989244573625,1.240161331395,0.000268885658751161
0.0890096550145818,1.23989233822743,1.24016149265822,0.000269154430785568
0.0890367260775425,1.23989223098296,1.24016165352493,0.000269422541965492
0.0890637971405031,1.23989212400218,1.2401618139961,0.000269689993916078
0.0890908682034638,1.23989201728444,1.2401619740727,0.000269956788259362
0.0891179392664244,1.2398919108291,1.24016213375571,0.000270222926612496
0.089145010329385,1.23989180463551,1.2401622930461,0.00027048841058952
0.0891720813923457,1.23989169870303,1.24016245194483,0.000270753241799149
0.0891991524553063,1.23989159303101,1.24016261045285,0.000271017421848097
0.089226223518267,1.23989148761881,1.24016276857115,0.000271280952337305
0.0892532945812276,1.2398913824658,1.24016292630066,0.000271543834864829
0.0892803656441882,1.23989127757134,1.24016308364236,0.000271806071024727
0.0893074367071489,1.23989117293478,1.24016324059719,0.00027206766240595
0.0893345077701095,1.23989106855551,1.2401633971661,0.000272328610595673
0.0893615788330702,1.23989096443288,1.24016355335005,0.000272588917175076
0.0893886498960308,1.23989086056626,1.24016370914998,0.000272848583722674
0.0894157209589914,1.23989075695502,1.24016386456683,0.00027310761181254
0.0894427920219521,1.23989065359854,1.24016401960155,0.000273366003014974
0.0894698630849127,1.23989055049619,1.24016417425508,0.000273623758896946
0.0894969341478734,1.23989044764734,1.24016432852836,0.000273880881020983
0.089524005210834,1.23989034505137,1.24016448242231,0.000274137370945837
0.0895510762737946,1.23989024270765,1.24016463593788,0.000274393230226488
0.0895781473367553,1.23989014061558,1.24016478907599,0.000274648460413918
0.0896052183997159,1.23989003877452,1.24016494183758,0.000274903063055554
0.0896322894626765,1.23988993718387,1.24016509422356,0.000275157039695051
0.0896593605256372,1.239889835843,1.24016524623487,0.000275410391871844
0.0896864315885978,1.2398897347513,1.24016539787242,0.00027566312112226
0.0897135026515585,1.23988963390815,1.24016554913713,0.000275915228978185
0.0897405737145191,1.23988953331296,1.24016570002993,0.00027616671696773
0.0897676447774797,1.2398894329651,1.24016585055171,0.00027641758661634
0.0897947158404404,1.23988933286397,1.24016600070341,0.000276667839443911
0.089821786903401,1.23988923300896,1.24016615048593,0.000276917476967897
0.0898488579663617,1.23988913339946,1.24016629990017,0.000277166500702197
0.0898759290293223,1.23988903403488,1.24016644894704,0.000277414912155605
0.0899030000922829,1.23988893491461,1.24016659762745,0.00027766271283447
0.0899300711552436,1.23988883603805,1.24016674594229,0.000277909904240925
0.0899571422182042,1.2398887374046,1.24016689389247,0.000278156487873549
0.0899842132811648,1.23988863901365,1.24016704147888,0.000278402465227368
0.0900112843441255,1.23988854086463,1.24016718870242,0.000278647837792967
0.0900383554070861,1.23988844295692,1.24016733556398,0.000278892607058268
0.0900654264700468,1.23988834528994,1.24016748206445,0.000279136774506972
0.0900924975330074,1.2398882478631,1.24016762820472,0.000279380341619007
0.0901195685959681,1.2398881506758,1.24016777398567,0.000279623309871191
0.0901466396589287,1.23988805372745,1.24016791940819,0.000279865680736346
0.0901737107218893,1.23988795701747,1.24016806447315,0.000280107455683964
0.09020078178485,1.23988786054527,1.24016820918145,0.000280348636178873
0.0902278528478106,1.23988776431027,1.24016835353395,0.00028058922368368
0.0902549239107713,1.23988766831188,1.24016849753154,0.000280829219656775
0.0902819949737319,1.23988757254952,1.24016864117508,0.000281068625552994
0.0903090660366925,1.23988747702261,1.24016878446544,0.000281307442823397
0.0903361370996532,1.23988738173058,1.24016892740349,0.000281545672915939
0.0903632081626138,1.23988728667283,1.24016906999011,0.000281783317274353
0.0903902792255744,1.23988719184881,1.24016921222615,0.000282020377339487
0.0904173502885351,1.23988709725792,1.24016935411247,0.000282256854547969
0.0904444213514957,1.23988700289961,1.24016949564994,0.000282492750333541
0.0904714924144564,1.23988690877329,1.24016963683942,0.000282728066126392
0.090498563477417,1.2398868148784,1.24016977768175,0.000282962803352493
0.0905256345403776,1.23988672121437,1.2401699181778,0.000283196963434929
0.0905527056033383,1.23988662778063,1.24017005832842,0.000283430547793229
0.0905797766662989,1.23988653457661,1.24017019813445,0.000283663557842928
0.0906068477292596,1.23988644160174,1.24017033759674,0.000283895994996675
0.0906339187922202,1.23988634885548,1.24017047671614,0.000284127860663341
0.0906609898551808,1.23988625633724,1.24017061549349,0.000284359156248915
0.0906880609181415,1.23988616404648,1.24017075392964,0.000284589883154274
0.0907151319811021,1.23988607198263,1.24017089202541,0.000284820042778966
0.0907422030440627,1.23988598014514,1.24017102978165,0.000285049636517654
0.0907692741070234,1.23988588853344,1.2401711671992,0.000285278665762112
0.090796345169984,1.23988579714698,1.24017130427888,0.000285507131900564
0.0908234162329447,1.23988570598522,1.24017144102153,0.00028573503631768
0.0908504872959053,1.23988561504758,1.24017157742798,0.000285962380395466
0.090877558358866,1.23988552433354,1.24017171349905,0.000286189165511042
0.0909046294218266,1.23988543384253,1.24017184923557,0.000286415393039974
0.0909317004847872,1.239885343574,1.24017198463835,0.000286641064352722
0.0909587715477479,1.23988525352742,1.24017211970823,0.000286866180817746
0.0909858426107085,1.23988516370222,1.24017225444602,0.000287090743799068
0.0910129136736691,1.23988507409788,1.24017238885254,0.000287314754657819
0.0910399847366298,1.23988498471384,1.24017252292859,0.00028753821475247
0.0910670557995904,1.23988489554957,1.240172656675,0.000287761125436825
0.0910941268625511,1.23988480660452,1.24017279009258,0.000287983488061805
0.0911211979255117,1.23988471787815,1.24017292318213,0.000288205303975886
0.0911482689884723,1.23988462936993,1.24017305594446,0.000288426574523104
0.091175340051433,1.23988454107932,1.24017318838037,0.000288647301044609
0.0912024111143936,1.23988445300579,1.24017332049067,0.000288867484878219
0.0912294821773543,1.2398843651488,1.24017345227616,0.000289087127358867
0.0912565532403149,1.23988427750781,1.24017358373763,0.000289306229817488
0.0912836243032756,1.23988419008231,1.24017371487589,0.000289524793581908
0.0913106953662362,1.23988410287175,1.24017384569173,0.000289742819977512
0.0913377664291968,1.23988401587561,1.24017397618594,0.000289960310324799
0.0913648374921575,1.23988392909336,1.24017410635931,0.000290177265942937
0.0913919085551181,1.23988384252448,1.24017423621263,0.000290393688146429
0.0914189796180787,1.23988375616844,1.24017436574669,0.00029060957824667
0.0914460506810394,1.23988367002472,1.24017449496227,0.000290824937552614
0.091473121744,1.23988358409279,1.24017462386016,0.000291039767369439
0.0915001928069606,1.23988349837214,1.24017475244114,0.000291254068999214
0.0915272638699213,1.23988341286225,1.24017488070599,0.0002914678437409
0.0915543349328819,1.23988332756259,1.24017500865548,0.000291681092889906
0.0915814059958426,1.23988324247265,1.24017513629038,0.000291893817738975
0.0916084770588032,1.23988315759191,1.24017526361149,0.000292106019577076
0.0916355481217639,1.23988307291986,1.24017539061956,0.000292317699690736
0.0916626191847245,1.239882988456,1.24017551731536,0.000292528859362262
0.0916896902476851,1.23988290419979,1.24017564369966,0.000292739499871963
0.0917167613106458,1.23988282015074,1.24017576977324,0.000292949622496153
0.0917438323736064,1.23988273630834,1.24017589553685,0.000293159228508699
0.091770903436567,1.23988265267207,1.24017602099125,0.000293368319179921
0.0917979744995277,1.23988256924143,1.24017614613721,0.000293576895776582
0.0918250455624883,1.23988248601592,1.24017627097548,0.000293784959563448
0.091852116625449,1.23988240299502,1.24017639550682,0.000293992511800845
0.0918791876884096,1.23988232017824,1.24017651973199,0.000294199553746877
0.0919062587513702,1.23988223756508,1.24017664365173,0.000294406086656762
0.0919333298143309,1.23988215515503,1.24017676726681,0.000294612111781722
0.0919604008772915,1.23988207294759,1.24017689057796,0.000294817630370536
0.0919874719402522,1.23988199094227,1.24017701358594,0.000295022643668874
0.0920145430032128,1.23988190913857,1.24017713629149,0.000295227152919075
0.0920416140661734,1.239881827536,1.24017725869536,0.000295431159360815
0.0920686851291341,1.23988174613405,1.24017738079828,0.000295634664229993
0.0920957561920947,1.23988166493224,1.240177502601,0.00029583766876029
0.0921228272550554,1.23988158393007,1.24017762410425,0.000296040174181833
0.092149898318016,1.23988150312705,1.24017774530877,0.000296242181722084
0.0921769693809766,1.2398814225227,1.2401778662153,0.000296443692605397
0.0922040404439373,1.23988134211652,1.24017798682457,0.000296644708052352
0.0922311115068979,1.23988126190803,1.24017810713731,0.000296845229281972
0.0922581825698586,1.23988118189674,1.24017822715425,0.000297045257509065
0.0922852536328192,1.23988110208216,1.24017834687611,0.000297244793945772
0.0923123246957798,1.23988102246382,1.24017846630362,0.000297443839801792
0.0923393957587405,1.23988094304123,1.24017858543751,0.000297642396283049
0.0923664668217011,1.2398808638139,1.2401787042785,0.000297840464593024
0.0923935378846618,1.23988078478137,1.2401788228273,0.000298038045931648
0.0924206089476224,1.23988070594314,1.24017894108464,0.00029823514149685
0.092447680010583,1.23988062729875,1.24017905905123,0.000298431752483008
0.0924747510735437,1.23988054884771,1.24017917672779,0.000298627880081392
0.0925018221365043,1.23988047058955,1.24017929411503,0.000298823525480163
0.0925288931994649,1.23988039252379,1.24017941121366,0.000299018689865926
0.0925559642624256,1.23988031464997,1.24017952802439,0.000299213374420848
0.0925830353253862,1.23988023696761,1.24017964454793,0.000299407580324873
0.0926101063883469,1.23988015947624,1.24017976078499,0.00029960130875506
0.0926371774513075,1.23988008217539,1.24017987673627,0.000299794560884914
0.0926642485142681,1.23988000506458,1.24017999240247,0.000299987337885721
0.0926913195772288,1.23987992814337,1.24018010778429,0.000300179640926324
0.0927183906401894,1.23987985141127,1.24018022288244,0.000300371471171346
0.0927454617031501,1.23987977486783,1.24018033769761,0.000300562829783635
0.0927725327661107,1.23987969851257,1.24018045223049,0.000300753717922708
0.0927996038290713,1.23987962234504,1.24018056648179,0.000300944136745418
0.092826674892032,1.23987954636478,1.24018068045218,0.00030113408740573
0.0928537459549926,1.23987947057132,1.24018079414237,0.000301323571054724
0.0928808170179533,1.2398793949642,1.24018090755304,0.000301512588840369
0.0929078880809139,1.23987931954298,1.24018102068488,0.000301701141908861
0.0929349591438745,1.23987924430718,1.24018113353858,0.000301889231402175
0.0929620302068352,1.23987916925635,1.24018124611481,0.000302076858459843
0.0929891012697958,1.23987909439005,1.24018135841427,0.000302264024219845
0.0930161723327565,1.23987901970781,1.24018147043763,0.000302450729815495
0.0930432433957171,1.23987894520919,1.24018158218557,0.000302636976378334
0.0930703144586777,1.23987887089372,1.24018169365876,0.000302822765037458
0.0930973855216384,1.23987879676097,1.24018180485789,0.000303008096918189
0.093124456584599,1.23987872281048,1.24018191578362,0.000303192973144073
0.0931515276475597,1.2398786490418,1.24018202643664,0.000303377394835103
0.0931785987105203,1.23987857545449,1.2401821368176,0.000303561363108829
0.0932056697734809,1.23987850204811,1.24018224692719,0.000303744879080137
0.0932327408364416,1.23987842882219,1.24018235676605,0.000303927943861249
0.0932598118994022,1.23987835577631,1.24018246633487,0.000304110558561055
0.0932868829623628,1.23987828291002,1.24018257563431,0.00030429272428667
0.0933139540253235,1.23987821022288,1.24018268466502,0.000304474442141656
0.0933410250882841,1.23987813771445,1.24018279342767,0.000304655713226909
0.0933680961512448,1.23987806538428,1.24018290192292,0.000304836538641551
0.0933951672142054,1.23987799323195,1.24018301015143,0.000305016919480483
0.093422238277166,1.239877921257,1.24018311811384,0.000305196856837275
0.0934493093401267,1.23987784945902,1.24018322581082,0.000305376351802611
0.0934763804030873,1.23987777783755,1.24018333324302,0.000305555405463398
0.093503451466048,1.23987770639218,1.24018344041108,0.000305734018904991
0.0935305225290086,1.23987763512245,1.24018354731566,0.000305912193210078
0.0935575935919692,1.23987756402795,1.24018365395741,0.000306089929457798
0.0935846646549299,1.23987749310825,1.24018376033697,0.000306267228724844
0.0936117357178905,1.2398774223629,1.24018386645499,0.000306444092086355
0.0936388067808512,1.23987735179149,1.24018397231211,0.000306620520613698
0.0936658778438118,1.23987728139359,1.24018407790896,0.000306796515375796
0.0936929489067724,1.23987721116876,1.2401841832462,0.000306972077439127
0.0937200199697331,1.23987714111659,1.24018428832446,0.000307147207867731
0.0937470910326937,1.23987707123665,1.24018439314437,0.000307321907722757
0.0937741620956544,1.23987700152851,1.24018449770657,0.000307496178062472
0.093801233158615,1.23987693199176,1.2401846020117,0.00030767001994314
0.0938283042215756,1.23987686262597,1.24018470606039,0.000307843434418142
0.0938553752845363,1.23987679343072,1.24018480985326,0.000308016422538193
0.0938824463474969,1.2398767244056,1.24018491339095,0.000308188985351565
0.0939095174104576,1.23987665555018,1.24018501667408,0.000308361123903644
0.0939365884734182,1.23987658686404,1.24018511970328,0.000308532839237818
0.0939636595363788,1.23987651834678,1.24018522247917,0.000308704132394366
0.0939907305993395,1.23987644999797,1.24018532500238,0.000308875004410902
0.0940178016623001,1.23987638181721,1.24018542727353,0.000309045456323487
0.0940448727252607,1.23987631380407,1.24018552929324,0.000309215489164405
0.0940719437882214,1.23987624595815,1.24018563106211,0.000309385103964166
0.094099014851182,1.23987617827904,1.24018573258079,0.000309554301750392
0.0941260859141427,1.23987611076632,1.24018583384987,0.000309723083548485
0.0941531569771033,1.23987604341958,1.24018593486996,0.000309891450380961
0.0941802280400639,1.23987597623843,1.2401860356417,0.000310059403267893
0.0942072991030246,1.23987590922245,1.24018613616567,0.000310226943227354
0.0942343701659852,1.23987584237123,1.2401862364425,0.000310394071273867
0.0942614412289459,1.23987577568437,1.24018633647279,0.000310560788420844
0.0942885122919065,1.23987570916146,1.24018643625714,0.000310727095677699
0.0943155833548671,1.23987564280211,1.24018653579617,0.000310892994052736
0.0943426544178278,1.23987557660592,1.24018663509047,0.000311058484550708
0.0943697254807884,1.23987551057247,1.24018673414064,0.000311223568174812
0.0943967965437491,1.23987544470137,1.24018683294729,0.000311388245924915
0.0944238676067097,1.23987537899222,1.24018693151102,0.000311552518798885
0.0944509386696703,1.23987531344462,1.24018702983241,0.000311716387791927
0.094478009732631,1.23987524805818,1.24018712791207,0.00031187985389769
0.0945050807955916,1.23987518283249,1.2401872257506,0.000312042918105604
0.0945321518585523,1.23987511776717,1.24018732334858,0.000312205581404434
0.0945592229215129,1.23987505286182,1.2401874207066,0.000312367844779393
0.0945862939844735,1.23987498811605,1.24018751782526,0.000312529709213694
0.0946133650474342,1.23987492352946,1.24018761470515,0.000312691175688107
0.0946404361103948,1.23987485910166,1.24018771134684,0.000312852245180739
0.0946675071733555,1.23987479483227,1.24018780775094,0.000313012918667921
0.0946945782363161,1.23987473072089,1.24018790391801,0.000313173197123318
0.0947216492992767,1.23987466676713,1.24018799984865,0.000313333081517264
0.0947487203622374,1.23987460297061,1.24018809554343,0.000313492572819429
0.094775791425198,1.23987453933094,1.24018819100293,0.000313651671995263
0.0948028624881586,1.23987447584773,1.24018828622774,0.000313810380009105
0.0948299335511193,1.23987441252061,1.24018838121843,0.000313968697822853
0.0948570046140799,1.23987434934918,1.24018847597557,0.000314126626395517
0.0948840756770406,1.23987428633306,1.24018857049975,0.000314284166683887
0.0949111467400012,1.23987422347188,1.24018866479152,0.000314441319642533
0.0949382178029618,1.23987416076525,1.24018875885147,0.000314598086223805
0.0949652888659225,1.23987409821278,1.24018885268016,0.000314754467377165
0.0949923599288831,1.23987403581411,1.24018894627816,0.0003149104640503
0.0950194309918438,1.23987397356886,1.24018903964605,0.000315066077188453
0.0950465020548044,1.23987391147664,1.24018913278438,0.000315221307734426
0.095073573117765,1.23987384953708,1.24018922569371,0.000315376156628799
0.0951006441807257,1.23987378774981,1.24018931837462,0.00031553062480949
0.0951277152436863,1.23987372611445,1.24018941082766,0.000315684713212416
0.0951547863066469,1.23987366463063,1.2401895030534,0.000315838422771719
0.0951818573696076,1.23987360329797,1.24018959505239,0.000315991754417988
0.0952089284325682,1.2398735421161,1.24018968682518,0.000316144709080923
0.0952359994955289,1.23987348108466,1.24018977837235,0.000316297287686451
0.0952630705584895,1.23987342020327,1.24018986969443,0.000316449491159387
0.0952901416214502,1.23987335947157,1.24018996079199,0.000316601320422327
0.0953172126844108,1.23987329888918,1.24019005166557,0.000316752776394535
0.0953442837473714,1.23987323845574,1.24019014231573,0.000316903859993722
0.0953713548103321,1.23987317817088,1.24019023274302,0.000317054572135378
0.0953984258732927,1.23987311803424,1.24019032294797,0.000317204913732994
0.0954254969362534,1.23987305804546,1.24019041293115,0.00031735488569673
0.095452567999214,1.23987299820416,1.2401905026931,0.00031750448893586
0.0954796390621746,1.23987293850999,1.24019059223435,0.000317653724356104
0.0955067101251353,1.23987287896259,1.24019068155545,0.000317802592862293
0.0955337811880959,1.23987281956159,1.24019077065695,0.00031795109535615
0.0955608522510565,1.23987276030664,1.24019085953938,0.000318099232737401
0.0955879233140172,1.23987270119737,1.24019094820328,0.000318247005903327
0.0956149943769778,1.23987264223343,1.24019103664918,0.000318394415749435
0.0956420654399385,1.23987258341447,1.24019112487763,0.000318541463168787
0.0956691365028991,1.23987252474011,1.24019121288916,0.000318688149052226
0.0956962075658597,1.23987246621002,1.24019130068431,0.000318834474288821
0.0957232786288204,1.23987240782383,1.24019138826359,0.000318980439764527
0.095750349691781,1.23987234958119,1.24019147562755,0.000319126046364415
0.0957774207547417,1.23987229148175,1.24019156277672,0.000319271294969781
0.0958044918177023,1.23987223352515,1.24019164971161,0.00031941618646103
0.0958315628806629,1.23987217571105,1.24019173643276,0.000319560721716128
0.0958586339436236,1.23987211803909,1.2401918229407,0.000319704901610596
0.0958857050065842,1.23987206050893,1.24019190923594,0.000319848727017957
0.0959127760695448,1.23987200312021,1.24019199531902,0.000319992198809738
0.0959398471325055,1.23987194587259,1.24019208119045,0.000320135317855019
0.0959669181954661,1.23987188876572,1.24019216685075,0.000320278085020664
0.0959939892584268,1.23987183179926,1.24019225230044,0.000320420501172203
0.0960210603213874,1.23987177497286,1.24019233754004,0.000320562567172056
0.096048131384348,1.23987171828618,1.24019242257006,0.000320704283880868
0.0960752024473087,1.23987166173887,1.24019250739103,0.000320845652157287
0.0961022735102693,1.23987160533059,1.24019259200345,0.000320986672857959
0.09612934457323,1.239871549061,1.24019267640783,0.000321127346837313
0.0961564156361906,1.23987149292975,1.2401927606047,0.000321267674947334
0.0961834866991512,1.23987143693652,1.24019284459456,0.000321407658038453
0.0962105577621119,1.23987138108095,1.24019292837791,0.000321547296958435
0.0962376288250725,1.23987132536271,1.24019301195526,0.000321686592553494
0.0962646998880332,1.23987126978147,1.24019309532713,0.000321825545667398
0.0962917709509938,1.23987121433688,1.24019317849402,0.000321964157142141
0.0963188420139544,1.23987115902861,1.24019326145642,0.000322102427817494
0.0963459130769151,1.23987110385632,1.24019334421485,0.00032224035853079
0.0963729841398757,1.23987104881968,1.2401934267698,0.000322377950118247
0.0964000552028364,1.23987099391837,1.24019350912178,0.000322515203413198
0.096427126265797,1.23987093915203,1.24019359127128,0.00032265211924698
0.0964541973287576,1.23987088452035,1.2401936732188,0.000322788698449372
0.0964812683917183,1.23987083002299,1.24019375496484,0.000322924941847491
0.0965083394546789,1.23987077565963,1.24019383650989,0.000323060850266899
0.0965354105176396,1.23987072142992,1.24019391785445,0.00032319642453138
0.0965624815806002,1.23987066733355,1.24019399899901,0.000323331665461613
0.0965895526435608,1.23987061337018,1.24019407994406,0.000323466573877607
0.0966166237065215,1.23987055953949,1.24019416069009,0.00032360115059582
0.0966436947694821,1.23987050584116,1.24019424123759,0.000323735396432268
0.0966707658324427,1.23987045227485,1.24019432158705,0.000323869312200076
0.0966978368954034,1.23987039884025,1.24019440173896,0.000324002898710596
0.096724907958364,1.23987034553702,1.24019448169379,0.000324136156772736
0.0967519790213247,1.23987029236485,1.24019456145205,0.000324269087194295
0.0967790500842853,1.23987023932342,1.2401946410142,0.000324401690780629
0.0968061211472459,1.2398701864124,1.24019472038073,0.00032453396833465
0.0968331922102066,1.23987013363147,1.24019479955213,0.000324665920658163
0.0968602632731672,1.23987008098031,1.24019487852886,0.000324797548550082
0.0968873343361279,1.23987002845861,1.24019495731142,0.000324928852808437
0.0969144053990885,1.23986997606604,1.24019503590027,0.000325059834228369
0.0969414764620491,1.23986992380229,1.24019511429589,0.000325190493603245
0.0969685475250098,1.23986987166704,1.24019519249877,0.000325320831725096
0.0969956185879704,1.23986981965998,1.24019527050936,0.000325450849382847
0.0970226896509311,1.23986976778078,1.24019534832815,0.000325580547364979
0.0970497607138917,1.23986971602915,1.2401954259556,0.000325709926456641
0.0970768317768523,1.23986966440475,1.2401955033922,0.000325838987441873
0.097103902839813,1.23986961290729,1.24019558063839,0.000325967731102272
0.0971309739027736,1.23986956153644,1.24019565769466,0.000326096158218547
0.0971580449657343,1.2398695102919,1.24019573456147,0.000326224269567854
0.0971851160286949,1.23986945917336,1.24019581123929,0.000326352065926905
0.0972121870916555,1.2398694081805,1.24019588772857,0.000326479548069747
0.0972392581546162,1.23986935731302,1.24019596402979,0.000326606716768207
0.0972663292175768,1.23986930657061,1.24019604014341,0.000326733572793669
0.0972934002805375,1.23986925595296,1.24019611606988,0.000326860116913963
0.0973204713434981,1.23986920545977,1.24019619180967,0.000326986349895586
0.0973475424064587,1.23986915509073,1.24019626736323,0.000327112272503705
0.0973746134694194,1.23986910484553,1.24019634273103,0.000327237885501264
0.09740168453238,1.23986905472387,1.24019641791352,0.000327363189648766
0.0974287555953406,1.23986900472545,1.24019649291115,0.000327488185705604
0.0974558266583013,1.23986895484996,1.24019656772439,0.000327612874428729
0.0974828977212619,1.2398689050971,1.24019664235367,0.000327737256574201
0.0975099687842226,1.23986885546657,1.24019671679947,0.000327861332894974
0.0975370398471832,1.23986880595807,1.24019679106222,0.000327985104142892
0.0975641109101438,1.2398687565713,1.24019686514237,0.000328108571067576
0.0975911819731045,1.23986870730596,1.24019693904038,0.000328231734417317
0.0976182530360651,1.23986865816175,1.24019701275669,0.000328354594937963
0.0976453240990258,1.23986860913838,1.24019708629175,0.000328477153374029
0.0976723951619864,1.23986856023554,1.24019715964601,0.000328599410468255
0.097699466224947,1.23986851145295,1.24019723281991,0.000328721366960716
0.0977265372879077,1.23986846279029,1.24019730581388,0.000328843023590153
0.0977536083508683,1.23986841424729,1.24019737862839,0.000328964381094421
0.097780679413829,1.23986836582365,1.24019745126385,0.000329085440208043
0.0978077504767896,1.23986831751906,1.24019752372073,0.000329206201664434
0.0978348215397502,1.23986826933325,1.24019759599945,0.000329326666195451
0.0978618926027109,1.23986822126592,1.24019766810045,0.000329446834530511
0.0978889636656715,1.23986817331677,1.24019774002417,0.000329566707397921
0.0979160347286322,1.23986812548552,1.24019781177104,0.000329686285523767
0.0979431057915928,1.23986807777188,1.24019788334151,0.00032980556963258
0.0979701768545534,1.23986803017555,1.240197954736,0.000329924560446671
0.0979972479175141,1.23986798269625,1.24019802595494,0.00033004325868724
0.0980243189804747,1.2398679353337,1.24019809699877,0.00033016166507327
0.0980513900434354,1.2398678880876,1.24019816786792,0.000330279780321963
0.098078461106396,1.23986784095767,1.24019823856282,0.000330397605148969
0.0981055321693566,1.23986779394362,1.24019830908389,0.000330515140268162
0.0981326032323173,1.23986774704517,1.24019837943156,0.000330632386391416
0.0981596742952779,1.23986770026204,1.24019844960627,0.000330749344228831
0.0981867453582385,1.23986765359393,1.24019851960842,0.000330866014489395
0.0982138164211992,1.23986760704058,1.24019858943846,0.000330982397879653
0.0982408874841598,1.23986756060169,1.24019865909679,0.000331098495104598
0.0982679585471205,1.23986751427698,1.24019872858385,0.000331214306867667
0.0982950296100811,1.23986746806618,1.24019879790005,0.00033132983387052
0.0983221006730417,1.239867421969,1.24019886704582,0.00033144507681282
0.0983491717360024,1.23986737598517,1.24019893602156,0.000331560036392675
0.098376242798963,1.23986733011441,1.24019900482771,0.000331674713306862
0.0984033138619237,1.23986728435643,1.24019907346468,0.000331789108249714
0.0984303849248843,1.23986723871096,1.24019914193288,0.000331903221914676
0.0984574559878449,1.23986719317773,1.24019921023272,0.000332017054992528
0.0984845270508056,1.23986714775646,1.24019927836463,0.000332130608173165
0.0985115981137662,1.23986710244687,1.24019934632901,0.0003322438821447
0.0985386691767269,1.23986705724869,1.24019941412628,0.000332356877593032
0.0985657402396875,1.23986701216165,1.24019948175685,0.000332469595202722
0.0985928113026481,1.23986696718546,1.24019954922112,0.000332582035656781
0.0986198823656088,1.23986692231987,1.24019961651951,0.000332694199635997
0.0986469534285694,1.2398668775646,1.24019968365242,0.000332806087820048
0.0986740244915301,1.23986683291937,1.24019975062026,0.000332917700887059
0.0987010955544907,1.23986678838392,1.24019981742344,0.000333029039512933
0.0987281666174513,1.23986674395798,1.24019988406235,0.000333140104372021
0.098755237680412,1.23986669964127,1.24019995053741,0.00033325089613756
0.0987823087433726,1.23986665543354,1.24020001684902,0.000333361415480349
0.0988093798063333,1.2398666113345,1.24020008299757,0.000333471663069851
0.0988364508692939,1.2398665673439,1.24020014898347,0.000333581639574421
0.0988635219322545,1.23986652346146,1.24020021480712,0.000333691345659748
0.0988905929952152,1.23986647968693,1.24020028046892,0.000333800781991078
0.0989176640581758,1.23986643602003,1.24020034596927,0.000333909949230771
0.0989447351211364,1.23986639246051,1.24020041130855,0.000334018848040074
0.0989718061840971,1.2398663490081,1.24020047648717,0.000334127479079127
0.0989988772470577,1.23986630566252,1.24020054150553,0.00033423584300607
0.0990259483100184,1.23986626242354,1.24020060636401,0.000334343940477266
0.099053019372979,1.23986621929087,1.24020067106302,0.000334451772147304
0.0990800904359396,1.23986617626426,1.24020073560293,0.000334559338669882
0.0991071614989003,1.23986613334345,1.24020079998414,0.000334666640696035
0.0991342325618609,1.23986609052818,1.24020086420705,0.000334773678876132
0.0991613036248216,1.23986604781818,1.24020092827204,0.000334880453858544
0.0991883746877822,1.23986600521321,1.2402009921795,0.000334986966290529
0.0992154457507428,1.239865962713,1.24020105592982,0.000335093216816684
0.0992425168137035,1.23986592031729,1.24020111952338,0.000335199206081382
0.0992695878766641,1.23986587802584,1.24020118296056,0.000335304934725889
0.0992966589396247,1.23986583583837,1.24020124624176,0.000335410403391245
0.0993237300025854,1.23986579375464,1.24020130936736,0.000335515612716497
0.099350801065546,1.23986575177439,1.24020137233773,0.000335620563338246
0.0993778721285067,1.23986570989737,1.24020143515326,0.000335725255893315
0.0994049431914673,1.23986566812332,1.24020149781433,0.000335829691014977
0.099432014254428,1.23986562645199,1.24020156032133,0.000335933869336502
0.0994590853173886,1.23986558488313,1.24020162267462,0.000336037791488941
0.0994861563803492,1.23986554341649,1.24020168487459,0.000336141458101791
0.0995132274433099,1.2398655020518,1.24020174692161,0.000336244869802771
0.0995402985062705,1.23986546078884,1.24020180881606,0.000336348027218936
0.0995673695692312,1.23986541962734,1.24020187055831,0.000336450930974674
0.0995944406321918,1.23986537856705,1.24020193214874,0.000336553581693488
0.0996215116951524,1.23986533760773,1.24020199358772,0.000336655979997325
0.0996485827581131,1.23986529674912,1.24020205487563,0.000336758126506576
0.0996756538210737,1.23986525599099,1.24020211601283,0.00033686002184008
0.0997027248840343,1.23986521533308,1.24020217699969,0.000336961666614677
0.099729795946995,1.23986517477515,1.24020223783659,0.000337063061446985
0.0997568670099556,1.23986513431695,1.2402022985239,0.000337164206950291
0.0997839380729163,1.23986509395823,1.24020235906197,0.000337265103738105
0.0998110091358769,1.23986505369876,1.24020241945118,0.000337365752421048
0.0998380801988376,1.23986501353828,1.24020247969189,0.000337466153609522
0.0998651512617982,1.23986497347656,1.24020253978447,0.000337566307911041
0.0998922223247588,1.23986493351335,1.24020259972928,0.000337666215932675
0.0999192933877195,1.23986489364841,1.24020265952669,0.000337765878279939
0.0999463644506801,1.2398648538815,1.24020271917706,0.00033786529555635
0.0999734355136407,1.23986481421238,1.24020277868074,0.000337964468363872
0.100000506576601,1.2398647746408,1.24020283803811,0.000338063397303801
0.100027577639562,1.23986473516653,1.24020289724951,0.000338162082974991
0.100054648702523,1.23986469578933,1.24020295631531,0.000338260525975853
0.100081719765483,1.23986465650896,1.24020301523587,0.000338358726902355
0.100108790828444,1.23986461732519,1.24020307401153,0.000338456686349131
0.100135861891405,1.23986457823776,1.24020313264267,0.000338554404910152
0.100162932954365,1.23986453924645,1.24020319112963,0.000338651883177388
0.100190004017326,1.23986450035103,1.24020324947277,0.000338749121740811
0.100217075080286,1.23986446155125,1.24020330767244,0.000338846121190173
0.100244146143247,1.23986442284688,1.24020336572899,0.00033894288211278
0.100271217206208,1.23986438423769,1.24020342364278,0.000339039405094832
0.100298288269168,1.23986434572344,1.24020348141416,0.000339135690721193
0.100325359332129,1.23986430730389,1.24020353904347,0.00033923173957473
0.10035243039509,1.23986426897883,1.24020359653107,0.000339327552237867
0.10037950145805,1.23986423074801,1.2402036538773,0.000339423129290806
0.100406572521011,1.2398641926112,1.24020371108251,0.000339518471312639
0.100433643583972,1.23986415456817,1.24020376814705,0.000339613578880682
0.100460714646932,1.2398641166187,1.24020382507127,0.000339708452571363
0.100487785709893,1.23986407876254,1.2402038818555,0.000339803092959112
0.100514856772854,1.23986404099948,1.24020393850009,0.000339897500617914
0.100541927835814,1.23986400332928,1.2402039950054,0.000339991676119089
0.100568998898775,1.23986396575171,1.24020405137174,0.000340085620033292
0.100596069961735,1.23986392826655,1.24020410759948,0.000340179332930068
0.100623141024696,1.23986389087357,1.24020416368895,0.000340272815376519
0.100650212087657,1.23986385357255,1.24020421964049,0.000340366067939302
0.100677283150617,1.23986381636325,1.24020427545443,0.000340459091183298
0.100704354213578,1.23986377924545,1.24020433113113,0.000340551885672058
0.100731425276539,1.23986374221894,1.2402043866709,0.000340644451967798
0.100758496339499,1.23986370528347,1.2402044420741,0.00034073679063118
0.10078556740246,1.23986366843883,1.24020449734106,0.000340828902221757
0.100812638465421,1.2398636316848,1.2402045524721,0.000340920787297305
0.100839709528381,1.23986359502116,1.24020460746757,0.000341012446414712
0.100866780591342,1.23986355844767,1.2402046623278,0.00034110388012909
0.100893851654302,1.23986352196413,1.24020471705312,0.000341195088994439
0.100920922717263,1.2398634855703,1.24020477164386,0.000341286073563429
0.100947993780224,1.23986344926597,1.24020482610036,0.000341376834386953
0.100975064843184,1.23986341305092,1.24020488042293,0.000341467372015236
0.101002135906145,1.23986337692492,1.24020493461192,0.000341557686996286
0.101029206969106,1.23986334088777,1.24020498866765,0.000341647779877663
0.101056278032066,1.23986330493924,1.24020504259045,0.000341737651204932
0.101083349095027,1.23986326907911,1.24020509638064,0.00034182730152299
0.101110420157988,1.23986323330717,1.24020515003855,0.000341916731374292
0.101137491220948,1.2398631976232,1.2402052035645,0.000342005941301071
0.101164562283909,1.23986316202699,1.24020525695883,0.00034209493184334
0.10119163334687,1.23986312651831,1.24020531022185,0.000342183703540888
0.10121870440983,1.23986309109695,1.24020536335388,0.000342272256931064
0.101245775472791,1.2398630557627,1.24020541635525,0.000342360592550328
0.101272846535751,1.23986302051535,1.24020546922628,0.000342448710933807
0.101299917598712,1.23986298535468,1.24020552196729,0.00034253661261574
0.101326988661673,1.23986295028047,1.2402055745786,0.000342624298128369
0.101354059724633,1.23986291529252,1.24020562706052,0.000342711768002824
0.101381130787594,1.23986288039061,1.24020567941338,0.000342799022768903
0.101408201850555,1.23986284557454,1.2402057316375,0.000342886062955738
0.101435272913515,1.23986281084409,1.24020578373318,0.000342972889090243
0.101462343976476,1.23986277619904,1.24020583570074,0.000343059501698439
0.101489415039437,1.2398627416392,1.24020588754051,0.00034314590130502
0.101516486102397,1.23986270716435,1.24020593925278,0.000343232088433787
0.101543557165358,1.23986267277428,1.24020599083789,0.000343318063606324
0.101570628228318,1.23986263846878,1.24020604229613,0.000343403827343991
0.101597699291279,1.23986260424766,1.24020609362782,0.000343489380166151
0.10162477035424,1.23986257011069,1.24020614483328,0.000343574722591056
0.1016518414172,1.23986253605767,1.2402061959128,0.000343659855135625
0.101678912480161,1.2398625020884,1.24020624686671,0.000343744778315891
0.101705983543122,1.23986246820266,1.24020629769531,0.00034382949264633
0.101733054606082,1.23986243440027,1.24020634839891,0.000343913998640089
0.101760125669043,1.239862400681,1.24020639897781,0.000343998296808978
0.101787196732004,1.23986236704466,1.24020644943232,0.000344082387663924
0.101814267794964,1.23986233349104,1.24020649976275,0.000344166271714297
0.101841338857925,1.23986230001993,1.2402065499694,0.000344249949468356
0.101868409920885,1.23986226663115,1.24020660005258,0.000344333421432585
0.101895480983846,1.23986223332448,1.24020665001259,0.000344416688113469
0.101922552046807,1.23986220009972,1.24020669984973,0.000344499750015048
0.101949623109767,1.23986216695666,1.24020674956431,0.000344582607640476
0.101976694172728,1.23986213389512,1.24020679915662,0.000344665261492016
0.102003765235689,1.23986210091489,1.24020684862696,0.000344747712069937
0.102030836298649,1.23986206801577,1.24020689797565,0.000344829959874282
0.10205790736161,1.23986203519756,1.24020694720296,0.000344912005403097
0.102084978424571,1.23986200246006,1.24020699630921,0.000344993849153319
0.102112049487531,1.23986196980307,1.24020704529469,0.000345075491620772
0.102139120550492,1.2398619372264,1.2402070941597,0.000345156933300617
0.102166191613453,1.23986190472985,1.24020714290453,0.000345238174685791
0.102193262676413,1.23986187231321,1.24020719152948,0.000345319216268569
0.102220333739374,1.2398618399763,1.24020724003484,0.000345400058540113
0.102247404802334,1.23986180771892,1.24020728842091,0.000345480701989809
0.102274475865295,1.23986177554088,1.24020733668798,0.000345561147106377
0.102301546928256,1.23986174344197,1.24020738483635,0.000345641394377649
0.102328617991216,1.239861711422,1.24020743286629,0.000345721444288793
0.102355689054177,1.23986167948079,1.24020748077812,0.000345801297326087
0.102382760117138,1.23986164761813,1.2402075285721,0.000345880953972255
0.102409831180098,1.23986161583384,1.24020757624855,0.000345960414710467
0.102436902243059,1.23986158412771,1.24020762380773,0.00034603968002167
0.10246397330602,1.23986155249957,1.24020767124995,0.000346118750386815
0.10249104436898,1.23986152094921,1.24020771857549,0.000346197626284184
0.102518115431941,1.23986148947644,1.24020776578464,0.000346276308192284
0.102545186494901,1.23986145808109,1.24020781287767,0.0003463547965874
0.102572257557862,1.23986142676294,1.24020785985489,0.000346433091945153
0.102599328620823,1.23986139552182,1.24020790671656,0.000346511194740051
0.102626399683783,1.23986136435754,1.24020795346299,0.000346589105444828
0.102653470746744,1.23986133326991,1.24020800009444,0.000346666824532216
0.102680541809705,1.23986130225873,1.2402080466112,0.000346744352472728
0.102707612872665,1.23986127132383,1.24020809301356,0.000346821689735988
0.102734683935626,1.239861240465,1.24020813930179,0.000346898836790288
0.102761754998587,1.23986120968208,1.24020818547618,0.000346975794103477
0.102788826061547,1.23986117897486,1.240208231537,0.000347052562141847
0.102815897124508,1.23986114834317,1.24020827748454,0.000347129141370583
0.102842968187468,1.23986111778682,1.24020832331907,0.000347205532253092
0.102870039250429,1.23986108730562,1.24020836904087,0.000347281735252558
0.10289711031339,1.23986105689939,1.24020841465022,0.000347357750830612
0.10292418137635,1.23986102656794,1.24020846014739,0.000347433579447998
0.102951252439311,1.23986099631109,1.24020850553266,0.000347509221563902
0.102978323502272,1.23986096612866,1.2402085508063,0.000347584677636625
0.103005394565232,1.23986093602047,1.24020859596859,0.00034765994812358
0.103032465628193,1.23986090598633,1.24020864101981,0.000347735033480623
0.103059536691154,1.23986087602605,1.24020868596022,0.000347809934162724
0.103086607754114,1.23986084613947,1.24020873079009,0.000347884650623298
0.103113678817075,1.23986081632639,1.24020877550971,0.000347959183315538
0.103140749880036,1.23986078658664,1.24020882011933,0.000348033532690861
0.103167820942996,1.23986075692004,1.24020886461924,0.000348107699200018
0.103194892005957,1.2398607273264,1.24020890900969,0.000348181683291537
0.103221963068917,1.23986069780555,1.24020895329097,0.000348255485414617
0.103249034131878,1.23986066835731,1.24020899746333,0.000348329106016232
0.103276105194839,1.2398606389815,1.24020904152704,0.000348402545541804
0.103303176257799,1.23986060967794,1.24020908548238,0.000348475804436754
0.10333024732076,1.23986058044646,1.24020912932961,0.00034854888314495
0.103357318383721,1.23986055128687,1.24020917306898,0.000348621782109149
0.103384389446681,1.23986052219901,1.24020921670078,0.000348694501770774
0.103411460509642,1.23986049318269,1.24020926022526,0.00034876704257103
0.103438531572603,1.23986046423774,1.24020930364269,0.000348839404948675
0.103465602635563,1.23986043536398,1.24020934695332,0.000348911589342693
0.103492673698524,1.23986040656124,1.24020939015743,0.000348983596190511
0.103519744761484,1.23986037782935,1.24020943325527,0.00034905542592778
0.103546815824445,1.23986034916812,1.24020947624711,0.000349127078990152
0.103573886887406,1.23986032057739,1.24020951913321,0.000349198555811947
0.103600957950366,1.23986029205699,1.24020956191381,0.000349269856825707
0.103628029013327,1.23986026360673,1.2402096045892,0.000349340982463753
0.103655100076288,1.23986023522646,1.24020964715961,0.000349411933157073
0.103682171139248,1.23986020691598,1.24020968962532,0.000349482709335547
0.103709242202209,1.23986017867515,1.24020973198657,0.000349553311427941
0.10373631326517,1.23986015050377,1.24020977424364,0.000349623739862137
0.10376338432813,1.23986012240169,1.24020981639676,0.000349693995064682
0.103790455391091,1.23986009436873,1.24020985844619,0.000349764077461234
0.103817526454052,1.23986006640473,1.2402099003922,0.000349833987476789
0.103844597517012,1.2398600385095,1.24020994223504,0.000349903725534562
0.103871668579973,1.23986001068289,1.24020998397495,0.000349973292057326
0.103898739642933,1.23985998292473,1.2402100256122,0.000350042687466301
0.103925810705894,1.23985995523484,1.24021006714703,0.000350111912182482
0.103952881768855,1.23985992761307,1.24021010857969,0.000350180966624647
0.103979952831815,1.23985990005923,1.24021014991044,0.00035024985121157
0.104007023894776,1.23985987257317,1.24021019113953,0.000350318566360919
0.104034094957737,1.23985984515472,1.24021023226721,0.00035038711248836
0.104061166020697,1.23985981780371,1.24021027329372,0.000350455490009782
0.104088237083658,1.23985979051998,1.24021031421932,0.000350523699339078
0.104115308146619,1.23985976330336,1.24021035504425,0.000350591740890138
0.104142379209579,1.23985973615369,1.24021039576876,0.000350659615074633
0.10416945027254,1.2398597090708,1.2402104363931,0.000350727322304012
0.1041965213355,1.23985968205452,1.24021047691751,0.000350794862988613
0.104223592398461,1.2398596551047,1.24021051734224,0.000350862237537664
0.104250663461422,1.23985962822117,1.24021055766753,0.000350929446359283
0.104277734524382,1.23985960140377,1.24021059789363,0.000350996489861144
0.104304805587343,1.23985957465234,1.24021063802079,0.000351063368448923
0.104331876650304,1.23985954796671,1.24021067804923,0.000351130082528073
0.104358947713264,1.23985952134672,1.24021071797922,0.000351196632502937
0.104386018776225,1.23985949479221,1.24021075781098,0.000351263018776748
0.104413089839186,1.23985946830302,1.24021079754477,0.00035132924175163
0.104440160902146,1.23985944187899,1.24021083718081,0.000351395301828594
0.104467231965107,1.23985941551995,1.24021087671936,0.000351461199408654
0.104494303028067,1.23985938922576,1.24021091616065,0.0003515269348906
0.104521374091028,1.23985936299625,1.24021095550492,0.000351592508672782
0.104548445153989,1.23985933683126,1.24021099475241,0.000351657921152437
0.104575516216949,1.23985931073063,1.24021103390335,0.000351723172726137
0.10460258727991,1.2398592846942,1.24021107295799,0.000351788263789343
0.104629658342871,1.23985925872182,1.24021111191656,0.000351853194736185
0.104656729405831,1.23985923281333,1.24021115077929,0.000351917965960569
0.104683800468792,1.23985920696857,1.24021118954643,0.000351982577854626
0.104710871531753,1.23985918118739,1.2402112282182,0.000352047030809599
0.104737942594713,1.23985915546963,1.24021126679485,0.000352111325216509
0.104765013657674,1.23985912981513,1.24021130527659,0.000352175461465043
0.104792084720635,1.23985910422374,1.24021134366368,0.000352239439943336
0.104819155783595,1.2398590786953,1.24021138195634,0.000352303261039522
0.104846226846556,1.23985905322966,1.2402114201548,0.000352366925139957
0.104873297909516,1.23985902782666,1.24021145825929,0.000352430432630557
0.104900368972477,1.23985900248616,1.24021149627005,0.000352493783896568
0.104927440035438,1.23985897720799,1.24021153418731,0.000352556979321017
0.104954511098398,1.239858951992,1.24021157201129,0.000352620019287597
0.104981582161359,1.23985892683804,1.24021160974222,0.000352682904178003
0.10500865322432,1.23985890174597,1.24021164738034,0.000352745634373264
0.10503572428728,1.23985887671561,1.24021168492587,0.000352808210253741
0.105062795350241,1.23985885174684,1.24021172237903,0.000352870632198465
0.105089866413202,1.23985882683948,1.24021175974007,0.000352932900585357
0.105116937476162,1.2398588019934,1.24021179700919,0.000352995015792557
0.105144008539123,1.23985877720844,1.24021183418663,0.000353056978195543
0.105171079602083,1.23985875248445,1.24021187127262,0.000353118788170459
0.105198150665044,1.23985872782128,1.24021190826737,0.000353180446091672
0.105225221728005,1.23985870321878,1.24021194517111,0.000353241952332883
0.105252292790965,1.23985867867681,1.24021198198407,0.000353303307266462
0.105279363853926,1.23985865419521,1.24021201870647,0.000353364511264553
0.105306434916887,1.23985862977384,1.24021205533853,0.000353425564698195
0.105333505979847,1.23985860541254,1.24021209188048,0.000353486467936648
0.105360577042808,1.23985858111117,1.24021212833252,0.000353547221349615
0.105387648105769,1.23985855686959,1.2402121646949,0.000353607825305469
0.105414719168729,1.23985853268765,1.24021220096782,0.000353668280170583
0.10544179023169,1.23985850856519,1.2402122371515,0.000353728586311997
0.105468861294651,1.23985848450208,1.24021227324617,0.000353788744094974
0.105495932357611,1.23985846049816,1.24021230925204,0.00035384875388389
0.105523003420572,1.2398584365533,1.24021234516934,0.000353908616042897
0.105550074483532,1.23985841266734,1.24021238099827,0.000353968330934151
0.105577145546493,1.23985838884015,1.24021241673907,0.000354027898920029
0.105604216609454,1.23985836507157,1.24021245239193,0.000354087320361351
0.105631287672414,1.23985834136147,1.24021248795708,0.000354146595617832
0.105658358735375,1.23985831770969,1.24021252343474,0.000354205725049406
0.105685429798336,1.23985829411611,1.24021255882512,0.000354264709013785
0.105712500861296,1.23985827058057,1.24021259412844,0.000354323547868685
0.105739571924257,1.23985824710293,1.2402126293449,0.000354382241970486
0.105766642987218,1.23985822368304,1.24021266447472,0.000354440791675126
0.105793714050178,1.23985820032078,1.24021269951812,0.000354499197337432
0.105820785113139,1.23985817701599,1.2402127344753,0.000354557459311122
0.105847856176099,1.23985815376853,1.24021276934648,0.000354615577949691
0.10587492723906,1.23985813057827,1.24021280413188,0.000354673553604634
0.105901998302021,1.23985810744506,1.24021283883169,0.000354731386628115
0.105929069364981,1.23985808436877,1.24021287344614,0.000354789077370077
0.105956140427942,1.23985806134924,1.24021290797542,0.000354846626180239
0.105983211490903,1.23985803838635,1.24021294241976,0.000354904033407211
0.106010282553863,1.23985801547995,1.24021297677935,0.000354961299399381
0.106037353616824,1.23985799262991,1.24021301105442,0.000355018424503362
0.106064424679785,1.23985796983609,1.24021304524515,0.000355075409065764
0.106091495742745,1.23985794709834,1.24021307935177,0.000355132253431645
0.106118566805706,1.23985792441654,1.24021311337448,0.000355188957945396
0.106145637868666,1.23985790179053,1.24021314731348,0.000355245522950742
0.106172708931627,1.2398578792202,1.24021318116899,0.000355301948790743
0.106199779994588,1.23985785670539,1.2402132149412,0.000355358235807124
0.106226851057548,1.23985783424598,1.24021324863032,0.000355414384340946
0.106253922120509,1.23985781184182,1.24021328223655,0.000355470394732826
0.10628099318347,1.23985778949278,1.24021331576011,0.000355526267321826
0.10630806424643,1.23985776719873,1.24021334920118,0.000355582002446786
0.106335135309391,1.23985774495953,1.24021338255998,0.000355637600445435
0.106362206372352,1.23985772277505,1.24021341583671,0.000355693061654616
0.106389277435312,1.23985770064515,1.24021344903156,0.000355748386410948
0.106416348498273,1.23985767856969,1.24021348214474,0.000355803575049274
0.106443419561234,1.23985765654855,1.24021351517645,0.000355858627903771
0.106470490624194,1.23985763458159,1.2402135481269,0.000355913545308617
0.106497561687155,1.23985761266867,1.24021358099627,0.000355968327596656
0.106524632750115,1.23985759080967,1.24021361378477,0.000356022975099846
0.106551703813076,1.23985756900445,1.2402136464926,0.000356077488149031
0.106578774876037,1.23985754725288,1.24021367911996,0.00035613186707506
0.106605845938997,1.23985752555483,1.24021371166704,0.000356186112207224
0.106632917001958,1.23985750391016,1.24021374413404,0.000356240223874371
0.106659988064919,1.23985748231875,1.24021377652115,0.000356294202404683
0.106687059127879,1.23985746078046,1.24021380882859,0.000356348048124788
0.10671413019084,1.23985743929517,1.24021384105653,0.000356401761361536
0.106741201253801,1.23985741786274,1.24021387320518,0.000356455342440221
0.106768272316761,1.23985739648304,1.24021390527472,0.000356508791685695
0.106795343379722,1.23985737515594,1.24021393726536,0.000356562109421699
0.106822414442682,1.23985735388132,1.24021396917729,0.000356615295971752
0.106849485505643,1.23985733265905,1.24021400101071,0.00035666835165804
0.106876556568604,1.23985731148899,1.24021403276579,0.000356721276801863
0.106903627631564,1.23985729037102,1.24021406444275,0.000356774071724519
0.106930698694525,1.23985726930501,1.24021409604176,0.00035682673674553
0.106957769757486,1.23985724829084,1.24021412756302,0.000356879272184418
0.106984840820446,1.23985722732837,1.24021415900673,0.000356931678359373
0.107011911883407,1.23985720641748,1.24021419037306,0.000356983955588142
0.107038982946368,1.23985718555804,1.24021422166222,0.00035703610418758
0.107066054009328,1.23985716474992,1.2402142528744,0.000357088124473659
0.107093125072289,1.23985714399301,1.24021428400977,0.000357140016762125
0.10712019613525,1.23985712328716,1.24021431506853,0.000357191781366728
0.10714726719821,1.23985710263227,1.24021434605087,0.000357243418601882
0.107174338261171,1.2398570820282,1.24021437695698,0.000357294928780227
0.107201409324131,1.23985706147483,1.24021440778704,0.000357346312213958
0.107228480387092,1.23985704097203,1.24021443854124,0.000357397569214823
0.107255551450053,1.23985702051967,1.24021446921977,0.000357448700093244
0.107282622513013,1.23985700011765,1.24021449982281,0.000357499705159192
0.107309693575974,1.23985697976582,1.24021453035054,0.000357550584721977
0.107336764638935,1.23985695946407,1.24021456080316,0.000357601339089797
0.107363835701895,1.23985693921228,1.24021459118085,0.000357651968570405
0.107390906764856,1.23985691901032,1.24021462148379,0.000357702473470445
0.107417977827817,1.23985689885807,1.24021465171217,0.000357752854096338
0.107445048890777,1.23985687875541,1.24021468186616,0.000357803110753618
0.107472119953738,1.23985685870221,1.24021471194596,0.000357853243746264
0.107499191016698,1.23985683869836,1.24021474195174,0.0003579032533787
0.107526262079659,1.23985681874373,1.24021477188368,0.000357953139953793
0.10755333314262,1.2398567988382,1.24021480174197,0.000358002903774191
0.10758040420558,1.23985677898165,1.2402148315268,0.000358052545141652
0.107607475268541,1.23985675917397,1.24021486123832,0.00035810206435638
0.107634546331502,1.23985673941502,1.24021489087674,0.000358151461719025
0.107661617394462,1.2398567197047,1.24021492044223,0.000358200737529124
0.107688688457423,1.23985670004288,1.24021494993496,0.000358249892085105
0.107715759520384,1.23985668042944,1.24021497935512,0.000358298925685174
0.107742830583344,1.23985666086426,1.24021500870289,0.000358347838626205
0.107769901646305,1.23985664134723,1.24021503797843,0.000358396631205071
0.107796972709265,1.23985662187822,1.24021506718194,0.000358445303717314
0.107824043772226,1.23985660245713,1.24021509631358,0.000358493856458031
0.107851114835187,1.23985658308382,1.24021512537354,0.000358542289721209
0.107878185898147,1.23985656375819,1.24021515436199,0.000358590603801279
0.107905256961108,1.23985654448011,1.2402151832791,0.00035863879899023
0.107932328024069,1.23985652524948,1.24021521212506,0.000358686875580716
0.107959399087029,1.23985650606616,1.24021524090003,0.000358734833863839
0.10798647014999,1.23985648693006,1.24021526960419,0.000358782674130698
0.108013541212951,1.23985646784104,1.24021529823771,0.000358830396671062
0.108040612275911,1.239856448799,1.24021532680077,0.000358878001774254
0.108067683338872,1.23985642980382,1.24021535529355,0.000358925489728934
0.108094754401833,1.23985641085538,1.2402153837162,0.000358972860822648
0.108121825464793,1.23985639195357,1.24021541206892,0.000359020115343167
0.108148896527754,1.23985637309828,1.24021544035186,0.000359067253576262
0.108175967590714,1.23985635428939,1.24021546856519,0.000359114275807926
0.108203038653675,1.23985633552678,1.2402154967091,0.000359161182323486
0.108230109716636,1.23985631681035,1.24021552478375,0.000359207973407383
0.108257180779596,1.23985629813997,1.24021555278931,0.0003592546493425
0.108284251842557,1.23985627951554,1.24021558072596,0.00035930121041261
0.108311322905518,1.23985626093695,1.24021560859385,0.000359347656899489
0.108338393968478,1.23985624240408,1.24021563639316,0.000359393989084911
0.108365465031439,1.23985622391681,1.24021566412406,0.00035944020724954
0.1083925360944,1.23985620547504,1.24021569178671,0.00035948631167404
0.10841960715736,1.23985618707865,1.24021571938129,0.000359532302637522
0.108446678220321,1.23985616872754,1.24021574690796,0.000359578180418652
0.108473749283281,1.23985615042159,1.24021577436689,0.000359623945295873
0.108500820346242,1.23985613216069,1.24021580175824,0.000359669597546741
0.108527891409203,1.23985611394473,1.24021582908218,0.000359715137447481
0.108554962472163,1.2398560957736,1.24021585633887,0.000359760565274758
0.108582033535124,1.23985607764719,1.24021588352849,0.000359805881303465
0.108609104598085,1.23985605956538,1.24021591065119,0.000359851085808716
0.108636175661045,1.23985604152808,1.24021593770715,0.000359896179064512
0.108663246724006,1.23985602353517,1.24021596469651,0.000359941161343968
0.108690317786967,1.23985600558654,1.24021599161946,0.000359986032919979
0.108717388849927,1.23985598768208,1.24021601847615,0.000360030794064548
0.108744459912888,1.23985596982169,1.24021604526674,0.000360075445049235
0.108771530975848,1.23985595200525,1.24021607199139,0.000360119986144491
0.108798602038809,1.23985593423266,1.24021609865028,0.000360164417620545
0.10882567310177,1.23985591650381,1.24021612524356,0.000360208739746515
0.10885274416473,1.23985589881859,1.24021615177138,0.000360252952790852
0.108879815227691,1.2398558811769,1.24021617823392,0.000360297057022674
0.108906886290652,1.23985586357862,1.24021620463133,0.000360341052708213
0.108933957353612,1.23985584602366,1.24021623096378,0.000360384940114811
0.108961028416573,1.2398558285119,1.24021625723141,0.000360428719508699
0.108988099479534,1.23985581104325,1.2402162834344,0.000360472391154776
0.109015170542494,1.23985579361758,1.2402163095729,0.000360515955318164
0.109042241605455,1.2398557762348,1.24021633564707,0.000360559412263095
0.109069312668416,1.23985575889481,1.24021636165706,0.000360602762252471
0.109096383731376,1.23985574159749,1.24021638760304,0.000360646005549858
0.109123454794337,1.23985572434274,1.24021641348516,0.000360689142416826
0.109150525857297,1.23985570713046,1.24021643930358,0.000360732173115164
0.109177596920258,1.23985568996055,1.24021646505845,0.000360775097905996
0.109204667983219,1.23985567283289,1.24021649074994,0.000360817917049117
0.109231739046179,1.23985565574739,1.24021651637819,0.000360860630804538
0.10925881010914,1.23985563870393,1.24021654194337,0.000360903239431165
0.109285881172101,1.23985562170243,1.24021656744562,0.000360945743187013
0.109312952235061,1.23985560474278,1.24021659288511,0.000360988142330099
0.109340023298022,1.23985558782486,1.24021661826198,0.000361030437117105
0.109367094360983,1.23985557094859,1.24021664357639,0.000361072627805159
0.109394165423943,1.23985555411385,1.2402166688285,0.000361114714649613
0.109421236486904,1.23985553732054,1.24021669401845,0.000361156697905818
0.109448307549864,1.23985552056858,1.2402167191464,0.000361198577828459
0.109475378612825,1.23985550385784,1.24021674421251,0.000361240354670889
0.109502449675786,1.23985548718823,1.24021676921692,0.000361282028686905
0.109529520738746,1.23985547055966,1.24021679415978,0.000361323600129193
0.109556591801707,1.23985545397201,1.24021681904126,0.000361365069249775
0.109583662864668,1.23985543742519,1.24021684386149,0.000361406436299561
0.109610733927628,1.23985542091909,1.24021686862062,0.000361447701530349
0.109637804990589,1.23985540445363,1.24021689331882,0.000361488865191717
0.10966487605355,1.23985538802869,1.24021691795623,0.000361529927533244
0.10969194711651,1.23985537164418,1.24021694253299,0.000361570888804064
0.109719018179471,1.23985535530001,1.24021696704926,0.000361611749252644
0.109746089242432,1.23985533899606,1.24021699150518,0.000361652509126564
0.109773160305392,1.23985532273224,1.24021701590091,0.000361693168673183
0.109800231368353,1.23985530650845,1.24021704023659,0.000361733728138969
0.109827302431313,1.2398552903246,1.24021706451237,0.000361774187769726
0.109854373494274,1.23985527418058,1.24021708872839,0.000361814547811035
0.109881444557235,1.2398552580763,1.24021711288481,0.000361854808507367
0.109908515620195,1.23985524201167,1.24021713698177,0.00036189497010275
0.109935586683156,1.23985522598657,1.24021716101941,0.00036193503284121
0.109962657746117,1.23985521000092,1.24021718499789,0.00036197499696522
0.109989728809077,1.23985519405462,1.24021720891734,0.000362014862717697
0.110016799872038,1.23985517814757,1.24021723277791,0.000362054630339559
0.110043870934999,1.23985516227968,1.24021725657975,0.000362094300072613
0.110070941997959,1.23985514645084,1.240217280323,0.000362133872157111
0.11009801306092,1.23985513066097,1.24021730400781,0.000362173346833083
0.11012508412388,1.23985511490997,1.24021732763431,0.000362212724339894
0.110152155186841,1.23985509919774,1.24021735120266,0.000362252004916241
0.110179226249802,1.23985508352419,1.24021737471299,0.000362291188800601
0.110206297312762,1.23985506788921,1.24021739816544,0.00036233027623056
0.110233368375723,1.23985505229273,1.24021742156017,0.000362369267442819
0.110260439438684,1.23985503673464,1.24021744489731,0.000362408162674299
0.110287510501644,1.23985502121484,1.240217468177,0.000362446962160368
0.110314581564605,1.23985500573325,1.24021749139939,0.000362485666136614
0.110341652627566,1.23985499028977,1.24021751456461,0.000362524274837517
0.110368723690526,1.23985497488431,1.2402175376728,0.000362562788497556
0.110395794753487,1.23985495951677,1.24021756072412,0.000362601207350099
0.110422865816447,1.23985494418705,1.24021758371868,0.000362639531628073
0.110449936879408,1.23985492889508,1.24021760665664,0.000362677761564179
0.110477007942369,1.23985491364075,1.24021762953814,0.000362715897389787
0.110504079005329,1.23985489842397,1.24021765236331,0.000362753939336491
0.11053115006829,1.23985488324465,1.24021767513229,0.000362791887635217
0.110558221131251,1.2398548681027,1.24021769784521,0.000362829742515558
0.110585292194211,1.23985485299802,1.24021772050223,0.000362867504207331
0.110612363257172,1.23985483793053,1.24021774310347,0.000362905172939465
0.110639434320133,1.23985482290013,1.24021776564907,0.000362942748940664
0.110666505383093,1.23985480790673,1.24021778813917,0.000362980232438748
0.110693576446054,1.23985479295024,1.2402178105739,0.000363017623661088
0.110720647509015,1.23985477803057,1.2402178329534,0.00036305492283395
0.110747718571975,1.23985476314763,1.24021785527781,0.00036309213018404
0.110774789634936,1.23985474830133,1.24021787754727,0.000363129245937177
0.110801860697896,1.23985473349158,1.2402178997619,0.00036316627031785
0.110828931760857,1.23985471871828,1.24021792192183,0.000363203203550988
0.110856002823818,1.23985470398136,1.24021794402722,0.000363240045860858
0.110883073886778,1.23985468928072,1.24021796607819,0.000363276797470169
0.110910144949739,1.23985467461626,1.24021798807487,0.000363313458602299
0.1109372160127,1.23985465998791,1.24021801001739,0.000363350029479514
0.11096428707566,1.23985464539557,1.2402180319059,0.00036338651032386
0.110991358138621,1.23985463083916,1.24021805374052,0.00036342290135627
0.111018429201582,1.23985461631858,1.24021807552138,0.000363459202797456
0.111045500264542,1.23985460183376,1.24021809724862,0.000363495414867909
0.111072571327503,1.23985458738459,1.24021811892238,0.000363531537786566
0.111099642390463,1.23985457297099,1.24021814054277,0.000363567571773471
0.111126713453424,1.23985455859289,1.24021816210993,0.000363603517046673
0.111153784516385,1.23985454425017,1.240218183624,0.000363639373823998
0.111180855579345,1.23985452994277,1.2402182050851,0.000363675142323272
0.111207926642306,1.2398545156706,1.24021822649336,0.00036371082276121
0.111234997705267,1.23985450143356,1.24021824784892,0.000363746415354305
0.111262068768227,1.23985448723158,1.24021826915189,0.000363781920318829
0.111289139831188,1.23985447306456,1.24021829040243,0.000363817337869499
0.111316210894149,1.23985445893241,1.24021831160064,0.000363852668221476
0.111343281957109,1.23985444483507,1.24021833274666,0.000363887911589034
0.11137035302007,1.23985443077243,1.24021835384061,0.000363923068186001
0.11139742408303,1.23985441674441,1.24021837488264,0.000363958138225318
0.111424495145991,1.23985440275094,1.24021839587286,0.000363993121920148
0.111451566208952,1.23985438879191,1.24021841681139,0.000364028019482099
0.111478637271912,1.23985437486725,1.24021843769838,0.000364062831123446
0.111505708334873,1.23985436097688,1.24021845853394,0.000364097557055354
0.111532779397834,1.23985434712071,1.2402184793182,0.000364132197487876
0.111559850460794,1.23985433329865,1.24021850005128,0.000364166752631512
0.111586921523755,1.23985431951062,1.24021852073332,0.000364201222696092
0.111613992586716,1.23985430575655,1.24021854136444,0.000364235607890118
0.111641063649676,1.23985429203633,1.24021856194476,0.000364269908422754
0.111668134712637,1.2398542783499,1.2402185824744,0.000364304124501835
0.111695205775598,1.23985426469717,1.2402186029535,0.000364338256334751
0.111722276838558,1.23985425107805,1.24021862338218,0.000364372304128668
0.111749347901519,1.23985423749247,1.24021864376056,0.000364406268090312
0.111776418964479,1.23985422394033,1.24021866408876,0.000364440148425293
0.11180349002744,1.23985421042157,1.24021868436691,0.00036447394533945
0.111830561090401,1.23985419693609,1.24021870459512,0.000364507659037727
0.111857632153361,1.23985418348381,1.24021872477354,0.000364541289724629
0.111884703216322,1.23985417006466,1.24021874490226,0.000364574837604215
0.111911774279283,1.23985415667855,1.24021876498143,0.000364608302880098
0.111938845342243,1.2398541433254,1.24021878501116,0.000364641685754785
0.111965916405204,1.23985413000513,1.24021880499156,0.000364674986431446
0.111992987468165,1.23985411671766,1.24021882492277,0.000364708205111697
0.112020058531125,1.2398541034629,1.2402188448049,0.000364741341997155
0.112047129594086,1.23985409024079,1.24021886463808,0.00036477439728877
0.112074200657046,1.23985407705123,1.24021888442241,0.00036480737118727
0.112101271720007,1.23985406389414,1.24021890415804,0.000364840263892496
0.112128342782968,1.23985405076946,1.24021892384506,0.000364873075604066
0.112155413845928,1.23985403767709,1.24021894348361,0.000364905806520932
0.112182484908889,1.23985402461696,1.24021896307381,0.000364938456841823
0.11220955597185,1.239854011589,1.24021898261576,0.000364971026765026
0.11223662703481,1.23985399859311,1.24021900210959,0.000365003516487272
0.112263698097771,1.23985398562922,1.24021902155543,0.000365035926206847
0.112290769160732,1.23985397269725,1.24021904095337,0.000365068256119372
0.112317840223692,1.23985395979713,1.24021906030355,0.000365100506421578
0.112344911286653,1.23985394692878,1.24021907960609,0.000365132677308866
0.112371982349614,1.23985393409211,1.24021909886109,0.000365164768976634
0.112399053412574,1.23985392128705,1.24021911806867,0.00036519678161917
0.112426124475535,1.23985390851353,1.24021913722896,0.000365228715431209
0.112453195538495,1.23985389577146,1.24021915634206,0.000365260570606152
0.112480266601456,1.23985388306077,1.2402191754081,0.000365292347337398
0.112507337664417,1.23985387038137,1.24021919442719,0.000365324045817683
0.112534408727377,1.23985385773321,1.24021921339944,0.000365355666239076
0.112561479790338,1.23985384511618,1.24021923232498,0.000365387208793866
0.112588550853299,1.23985383253023,1.2402192512039,0.000365418673673457
0.112615621916259,1.23985381997527,1.24021927003634,0.00036545006106814
0.11264269297922,1.23985380745123,1.2402192888224,0.000365481371168874
0.112669764042181,1.23985379495803,1.2402193075622,0.00036551260416573
0.112696835105141,1.2398537824956,1.24021932625585,0.000365543760247888
0.112723906168102,1.23985377006386,1.24021934490346,0.000365574839604532
0.112750977231062,1.23985375766273,1.24021936350516,0.000365605842423955
0.112778048294023,1.23985374529214,1.24021938206104,0.000365636768894451
0.112805119356984,1.23985373295202,1.24021940057122,0.000365667619203869
0.112832190419944,1.23985372064228,1.24021941903582,0.000365698393539393
0.112859261482905,1.23985370836287,1.24021943745495,0.000365729092087541
0.112886332545866,1.23985369611369,1.24021945582872,0.000365759715034386
0.112913403608826,1.23985368389467,1.24021947415724,0.000365790262566001
0.112940474671787,1.23985367170575,1.24021949244062,0.000365820734867794
0.112967545734748,1.23985365954685,1.24021951067898,0.000365851132124728
0.112994616797708,1.23985364741789,1.24021952887241,0.000365881454520878
0.113021687860669,1.2398536353188,1.24021954702104,0.00036591170224054
0.113048758923629,1.23985362324951,1.24021956512498,0.000365941875467124
0.11307582998659,1.23985361120995,1.24021958318433,0.000365971974383816
0.113102901049551,1.23985359920003,1.2402196011992,0.000366001999173138
0.113129972112511,1.23985358721969,1.24021961916971,0.000366031950017609
0.113157043175472,1.23985357526886,1.24021963709596,0.000366061827098418
0.113184114238433,1.23985356334746,1.24021965497806,0.000366091630597198
0.113211185301393,1.23985355145542,1.24021967281612,0.000366121360695137
0.113238256364354,1.23985353959267,1.24021969061024,0.00036615101757187
0.113265327427315,1.23985352775914,1.24021970836054,0.000366180601407473
0.113292398490275,1.23985351595475,1.24021972606713,0.000366210112382026
0.113319469553236,1.23985350417943,1.2402197437301,0.000366239550674718
0.113346540616197,1.23985349243311,1.24021976134958,0.000366268916463186
0.113373611679157,1.23985348071573,1.24021977892566,0.000366298209926397
0.113400682742118,1.2398534690272,1.24021979645844,0.000366327431242208
0.113427753805078,1.23985345736746,1.24021981394805,0.00036635658058759
0.113454824868039,1.23985344573644,1.24021983139458,0.00036638565813929
0.113481895931,1.23985343413407,1.24021984879814,0.000366414664074499
0.11350896699396,1.23985342256027,1.24021986615884,0.000366443598568189
0.113536038056921,1.23985341101498,1.24021988347678,0.000366472461796885
0.113563109119882,1.23985339949813,1.24021990075206,0.000366501253935114
0.113590180182842,1.23985338800964,1.24021991798479,0.00036652997515807
0.113617251245803,1.23985337654944,1.24021993517508,0.000366558625639835
0.113644322308764,1.23985336511748,1.24021995232303,0.000366587205554714
0.113671393371724,1.23985335371367,1.24021996942874,0.000366615715075014
0.113698464434685,1.23985334233795,1.24021998649232,0.00036664415437504
0.113725535497645,1.23985333099025,1.24022000351387,0.000366672523626654
0.113752606560606,1.2398533196705,1.2402200204935,0.000366700823001942
0.113779677623567,1.23985330837863,1.2402200374313,0.000366729052673209
0.113806748686527,1.23985329711457,1.24022005432739,0.00036675721281143
0.113833819749488,1.23985328587826,1.24022007118185,0.000366785303587358
0.113860890812449,1.23985327466963,1.2402200879948,0.000366813325172188
0.113887961875409,1.2398532634886,1.24022010476634,0.000366841277735119
0.11391503293837,1.23985325233512,1.24022012149657,0.000366869161446237
0.113942104001331,1.23985324120911,1.24022013818558,0.000366896976474518
0.113969175064291,1.2398532301105,1.24022015483349,0.000366924722989159
0.113996246127252,1.23985321903923,1.24022017144039,0.000366952401158249
0.114023317190213,1.23985320799524,1.24022018800639,0.000366980011149876
0.114050388253173,1.23985319697845,1.24022020453158,0.000367007553131682
0.114077459316134,1.23985318598879,1.24022022101606,0.00036703502727109
0.114104530379094,1.2398531750262,1.24022023745994,0.000367062433734189
0.114131601442055,1.23985316409062,1.24022025386331,0.000367089772687956
0.114158672505016,1.23985315318198,1.24022027022628,0.000367117044297816
0.114185743567976,1.23985314230021,1.24022028654894,0.000367144248729412
0.114212814630937,1.23985313144524,1.24022030283139,0.000367171386148168
0.114239885693898,1.23985312061701,1.24022031907373,0.00036719845671862
0.114266956756858,1.23985310981546,1.24022033527606,0.000367225460605081
0.114294027819819,1.23985309904051,1.24022035143848,0.000367252397971418
0.11432109888278,1.23985308829211,1.24022036756109,0.00036727926898128
0.11434816994574,1.23985307757018,1.24022038364398,0.000367306073797424
0.114375241008701,1.23985306687466,1.24022039968725,0.000367332812582832
0.114402312071661,1.2398530562055,1.240220415691,0.000367359485500041
0.114429383134622,1.23985304556261,1.24022043165532,0.000367386092710476
0.114456454197583,1.23985303494595,1.24022044758032,0.000367412634376008
0.114483525260543,1.23985302435543,1.24022046346609,0.000367439110657175
0.114510596323504,1.23985301379101,1.24022047931273,0.000367465521715626
0.114537667386465,1.23985300325261,1.24022049512032,0.000367491867711012
0.114564738449425,1.23985299274018,1.24022051088898,0.000367518148803203
0.114591809512386,1.23985298225364,1.24022052661879,0.000367544365152073
0.114618880575347,1.23985297179293,1.24022054230985,0.000367570516916604
0.114645951638307,1.23985296135799,1.24022055796225,0.00036759660425556
0.114673022701268,1.23985295094877,1.24022057357609,0.000367622627327258
0.114700093764228,1.23985294056518,1.24022058915147,0.000367648586290015
0.114727164827189,1.23985293020718,1.24022060468848,0.000367674481300817
0.11475423589015,1.23985291987469,1.24022062018721,0.000367700312517094
0.11478130695311,1.23985290956766,1.24022063564775,0.000367726080096054
0.114808378016071,1.23985289928602,1.24022065107021,0.000367751784193571
0.114835449079032,1.23985288902971,1.24022066645468,0.000367777424965965
0.114862520141992,1.23985287879867,1.24022068180124,0.000367803002569111
0.114889591204953,1.23985286859283,1.24022069710999,0.000367828517157553
0.114916662267914,1.23985285841214,1.24022071238103,0.000367853968887166
0.114943733330874,1.23985284825653,1.24022072761444,0.000367879357911383
0.114970804393835,1.23985283812594,1.24022074281033,0.00036790468438519
0.114997875456796,1.23985282802031,1.24022075796877,0.00036792994846202
0.115024946519756,1.23985281793958,1.24022077308987,0.000367955150295307
0.115052017582717,1.23985280788368,1.24022078817372,0.000367980290038261
0.115079088645677,1.23985279785256,1.2402208032204,0.000368005367842983
0.115106159708638,1.23985278784615,1.24022081823001,0.000368030383862017
0.115133230771599,1.2398527778644,1.24022083320264,0.000368055338247242
0.115160301834559,1.23985276790724,1.24022084813839,0.000368080231150314
0.11518737289752,1.23985275797461,1.24022086303733,0.000368105062722446
0.115214443960481,1.23985274806645,1.24022087789956,0.000368129833113739
0.115241515023441,1.23985273818271,1.24022089272518,0.000368154542474963
0.115268586086402,1.23985272832331,1.24022090751427,0.000368179190956663
0.115295657149363,1.23985271848821,1.24022092226692,0.00036820377870761
0.115322728212323,1.23985270867734,1.24022093698322,0.000368228305877683
0.115349799275284,1.23985269889065,1.24022095166326,0.000368252772615429
0.115376870338244,1.23985268912807,1.24022096630714,0.00036827717906962
0.115403941401205,1.23985267938954,1.24022098091493,0.000368301525388803
0.115431012464166,1.23985266967501,1.24022099548673,0.000368325811719972
0.115458083527126,1.23985265998441,1.24022101002262,0.000368350038211229
0.115485154590087,1.23985265031769,1.2402210245227,0.000368374205009347
0.115512225653048,1.23985264067479,1.24022103898705,0.000368398312261098
0.115539296716008,1.23985263105565,1.24022105341576,0.000368422360113252
0.115566367778969,1.23985262146021,1.24022106780892,0.000368446348711249
0.11559343884193,1.23985261188841,1.24022108216662,0.000368470278200972
0.11562050990489,1.2398526023402,1.24022109648893,0.000368494148728082
0.115647580967851,1.23985259281552,1.24022111077596,0.000368517960436909
0.115674652030812,1.23985258331431,1.24022112502778,0.000368541713472448
0.115701723093772,1.2398525738365,1.24022113924448,0.000368565407978805
0.115728794156733,1.23985256438205,1.24022115342615,0.000368589044100087
0.115755865219693,1.2398525549509,1.24022116757288,0.000368612621979514
0.115782936282654,1.23985254554299,1.24022118168475,0.000368636141760081
0.115810007345615,1.23985253615826,1.24022119576185,0.000368659603585231
0.115837078408575,1.23985252679666,1.24022120980425,0.00036868300759707
0.115864149471536,1.23985251745812,1.24022122381206,0.000368706353937487
0.115891220534497,1.2398525081426,1.24022123778534,0.000368729642748367
0.115918291597457,1.23985249885003,1.2402212517242,0.000368752874171596
0.115945362660418,1.23985248958036,1.2402212656287,0.000368776048348174
0.115972433723379,1.23985248033353,1.24022127949895,0.00036879916541821
0.115999504786339,1.23985247110949,1.24022129333501,0.00036882222552248
0.1160265758493,1.23985246190817,1.24022130713697,0.000368845228801096
0.11605364691226,1.23985245272954,1.24022132090493,0.000368868175393722
0.116080717975221,1.23985244357352,1.24022133463896,0.000368891065439358
0.116107789038182,1.23985243444006,1.24022134833914,0.00036891389907745
0.116134860101142,1.23985242532912,1.24022136200556,0.000368936676446552
0.116161931164103,1.23985241624062,1.24022137563831,0.00036895939768522
0.116189002227064,1.23985240717452,1.24022138923745,0.0003689820629309
0.116216073290024,1.23985239813077,1.24022140280309,0.00036900467232126
0.116243144352985,1.2398523891093,1.24022141633529,0.000369027225994412
0.116270215415946,1.23985238011006,1.24022142983415,0.000369049724086468
0.116297286478906,1.239852371133,1.24022144329973,0.00036907216673443
0.116324357541867,1.23985236217806,1.24022145673214,0.000369094554074856
0.116351428604827,1.2398523532452,1.24022147013144,0.000369116886242971
0.116378499667788,1.23985234433434,1.24022148349772,0.00036913916337511
0.116405570730749,1.23985233544545,1.24022149683106,0.000369161385606054
0.116432641793709,1.23985232657846,1.24022151013154,0.000369183553071473
0.11645971285667,1.23985231773333,1.24022152339924,0.000369205665905259
0.116486783919631,1.23985230891,1.24022153663424,0.000369227724242194
0.116513854982591,1.23985230010841,1.24022154983662,0.000369249728215948
0.116540926045552,1.23985229132851,1.24022156300647,0.000369271677960414
0.116567997108513,1.23985228257025,1.24022157614386,0.000369293573608598
0.116595068171473,1.23985227383358,1.24022158924887,0.000369315415293725
0.116622139234434,1.23985226511843,1.24022160232158,0.000369337203148579
0.116649210297395,1.23985225642477,1.24022161536208,0.000369358937305275
0.116676281360355,1.23985224775253,1.24022162837043,0.000369380617895709
0.116703352423316,1.23985223910167,1.24022164134672,0.000369402245052219
0.116730423486276,1.23985223047213,1.24022165429104,0.000369423818905146
0.116757494549237,1.23985222186386,1.24022166720344,0.000369445339586605
0.116784565612198,1.2398522132768,1.24022168008403,0.000369466807226493
0.116811636675158,1.23985220471091,1.24022169293287,0.000369488221955816
0.116838707738119,1.23985219616613,1.24022170575004,0.000369509583904026
0.11686577880108,1.23985218764241,1.24022171853561,0.000369530893201464
0.11689284986404,1.2398521791397,1.24022173128968,0.000369552149977137
0.116919920927001,1.23985217065795,1.24022174401231,0.000369573354360497
0.116946991989962,1.2398521621971,1.24022175670358,0.000369594506480331
0.116974063052922,1.23985215375711,1.24022176936357,0.000369615606464757
0.117001134115883,1.23985214533792,1.24022178199236,0.00036963665444234
0.117028205178843,1.23985213693948,1.24022179459002,0.000369657650540756
0.117055276241804,1.23985212856174,1.24022180715662,0.000369678594887679
0.117082347304765,1.23985212020465,1.24022181969226,0.000369699487610342
0.117109418367725,1.23985211186816,1.24022183219699,0.00036972032883531
0.117136489430686,1.23985210355222,1.24022184467091,0.000369741118689815
0.117163560493647,1.23985209525677,1.24022185711407,0.000369761857299533
0.117190631556607,1.23985208698178,1.24022186952657,0.000369782544791031
0.117217702619568,1.23985207872718,1.24022188190847,0.000369803181289541
0.117244773682529,1.23985207049292,1.24022189425984,0.000369823766920296
0.117271844745489,1.23985206227897,1.24022190658078,0.000369844301808975
0.11729891580845,1.23985205408526,1.24022191887134,0.000369864786079921
0.11732598687141,1.23985204591175,1.24022193113161,0.000369885219857702
0.117353057934371,1.23985203775839,1.24022194336165,0.000369905603266441
0.117380128997332,1.23985202962512,1.24022195556155,0.000369925936429816
0.117407200060292,1.2398520215119,1.24022196773137,0.000369946219471506
0.117434271123253,1.23985201341869,1.2402219798712,0.000369966452514747
0.117461342186214,1.23985200534542,1.2402219919811,0.000369986635682329
0.117488413249174,1.23985199729205,1.24022200406115,0.000370006769097264
0.117515484312135,1.23985198925854,1.24022201611142,0.000370026852881455
0.117542555375096,1.23985198124483,1.24022202813199,0.000370046887157249
0.117569626438056,1.23985197325087,1.24022204012292,0.000370066872046104
0.117596697501017,1.23985196527662,1.24022205208429,0.000370086807669479
0.117623768563978,1.23985195732203,1.24022206401618,0.000370106694148609
0.117650839626938,1.23985194938705,1.24022207591865,0.000370126531604065
0.117677910689899,1.23985194147163,1.24022208779179,0.000370146320156861
0.117704981752859,1.23985193357572,1.24022209963565,0.000370166059927124
0.11773205281582,1.23985192569928,1.24022211145031,0.000370185751034091
0.117759123878781,1.23985191784225,1.24022212323585,0.000370205393598333
0.117786194941741,1.2398519100046,1.24022213499233,0.000370224987738865
0.117813266004702,1.23985190218626,1.24022214671984,0.000370244533574704
0.117840337067663,1.2398518943872,1.24022215841843,0.000370264031224643
0.117867408130623,1.23985188660737,1.24022217008817,0.000370283480807032
0.117894479193584,1.23985187884671,1.24022218172915,0.000370302882439999
0.117921550256545,1.23985187110519,1.24022219334144,0.000370322236241671
0.117948621319505,1.23985186338276,1.24022220492509,0.000370341542329511
0.117975692382466,1.23985185567936,1.24022221648018,0.000370360800821201
0.118002763445426,1.23985184799496,1.24022222800679,0.000370380011833316
0.118029834508387,1.2398518403295,1.24022223950498,0.000370399175482872
0.118056905571348,1.23985183268294,1.24022225097482,0.000370418291885777
0.118083976634308,1.23985182505523,1.24022226241639,0.000370437361159048
0.118111047697269,1.23985181744632,1.24022227382974,0.00037045638341815
0.11813811876023,1.23985180985618,1.24022228521496,0.000370475358778544
0.11816518982319,1.23985180228475,1.2402222965721,0.000370494287355694
0.118192260886151,1.23985179473198,1.24022230790125,0.000370513169264397
0.118219331949112,1.23985178719784,1.24022231920246,0.000370532004619895
0.118246403012072,1.23985177968228,1.24022233047581,0.000370550793536539
0.118273474075033,1.23985177218524,1.24022234172137,0.000370569536127574
0.118300545137994,1.23985176470669,1.24022235293919,0.000370588232508462
0.118327616200954,1.23985175724657,1.24022236412936,0.00037060688279178
0.118354687263915,1.23985174980485,1.24022237529194,0.000370625487090992
0.118381758326875,1.23985174238148,1.240222386427,0.000370644045519786
0.118408829389836,1.23985173497641,1.2402223975346,0.000370662558190071
0.118435900452797,1.2398517275896,1.24022240861482,0.00037068102521487
0.118462971515757,1.23985172022101,1.24022241966771,0.000370699446706091
0.118490042578718,1.23985171287058,1.24022243069336,0.000370717822776312
0.118517113641679,1.23985170553827,1.24022244169181,0.000370736153536777
0.118544184704639,1.23985169822405,1.24022245266315,0.000370754439098731
0.1185712557676,1.23985169092786,1.24022246360743,0.000370772679573639
0.118598326830561,1.23985168364966,1.24022247452473,0.000370790875072302
0.118625397893521,1.23985167638941,1.24022248541511,0.000370809025705077
0.118652468956482,1.23985166914706,1.24022249627864,0.000370827131582763
0.118679540019442,1.23985166192256,1.24022250711538,0.00037084519281505
0.118706611082403,1.23985165471588,1.2402225179254,0.000370863209511629
0.118733682145364,1.23985164752698,1.24022252870876,0.00037088118178219
0.118760753208324,1.23985164035579,1.24022253946553,0.000370899109735978
0.118787824271285,1.2398516332023,1.24022255019578,0.00037091699348224
0.118814895334246,1.23985162606644,1.24022256089957,0.000370934833128889
0.118841966397206,1.23985161894817,1.24022257157696,0.000370952628785171
0.118869037460167,1.23985161184747,1.24022258222802,0.000370970380558999
0.118896108523128,1.23985160476427,1.24022259285282,0.000370988088558066
0.118923179586088,1.23985159769853,1.24022260345142,0.000371005752890285
0.118950250649049,1.23985159065022,1.24022261402389,0.000371023373662682
0.118977321712009,1.2398515836193,1.24022262457028,0.000371040950982948
0.11900439277497,1.23985157660571,1.24022263509066,0.000371058484957443
0.119031463837931,1.23985156960941,1.2402226455851,0.000371075975692969
0.119058534900891,1.23985156263037,1.24022265605367,0.000371093423295665
0.119085605963852,1.23985155566854,1.24022266649641,0.000371110827871668
0.119112677026813,1.23985154872388,1.2402226769134,0.000371128189526893
0.119139748089773,1.23985154179634,1.24022268730471,0.00037114550836681
0.119166819152734,1.23985153488589,1.24022269767039,0.000371162784496892
0.119193890215695,1.23985152799248,1.2402227080105,0.000371180018021944
0.119220961278655,1.23985152111607,1.24022271832512,0.000371197209046548
0.119248032341616,1.23985151425662,1.24022272861429,0.000371214357675731
0.119275103404577,1.23985150741408,1.2402227388781,0.000371231464013411
0.119302174467537,1.23985150058842,1.24022274911659,0.000371248528163726
0.119329245530498,1.2398514937796,1.24022275932983,0.000371265550229927
0.119356316593458,1.23985148698756,1.24022276951788,0.000371282530316375
0.119383387656419,1.23985148021228,1.2402227796808,0.000371299468525654
0.11941045871938,1.2398514734537,1.24022278981866,0.000371316364961016
0.11943752978234,1.2398514667118,1.24022279993152,0.000371333219725045
0.119464600845301,1.23985145998652,1.24022281001944,0.000371350032920326
0.119491671908262,1.23985145327783,1.24022282008248,0.000371366804648998
0.119518742971222,1.23985144658568,1.2402228301207,0.000371383535013203
0.119545814034183,1.23985143991004,1.24022284013416,0.000371400224114193
0.119572885097144,1.23985143325087,1.24022285012292,0.000371416872053887
0.119599956160104,1.23985142660811,1.24022286008705,0.000371433478933758
0.119627027223065,1.23985141998175,1.2402228700266,0.000371450044854171
0.119654098286025,1.23985141337172,1.24022287994164,0.000371466569915935
0.119681169348986,1.239851406778,1.24022288983222,0.000371483054219857
0.119708240411947,1.23985140020054,1.24022289969841,0.000371499497866079
0.119735311474907,1.23985139363931,1.24022290954026,0.0003715159009543
0.119762382537868,1.23985138709425,1.24022291935784,0.000371532263584884
0.119789453600829,1.23985138056534,1.2402229291512,0.00037154858585664
0.119816524663789,1.23985137405254,1.24022293892041,0.000371564867869045
0.11984359572675,1.2398513675558,1.24022294866552,0.000371581109721353
0.119870666789711,1.23985136107508,1.24022295838659,0.000371597311511929
0.119897737852671,1.23985135461035,1.24022296808369,0.000371613473339583
0.119924808915632,1.23985134816157,1.24022297775687,0.000371629595302458
0.119951879978593,1.23985134172869,1.24022298740619,0.000371645677498922
0.119978951041553,1.23985133531168,1.2402229970317,0.00037166172002645
0.120006022104514,1.23985132891049,1.24022300663348,0.000371677722982522
0.120033093167474,1.2398513225251,1.24022301621157,0.000371693686464392
0.120060164230435,1.23985131615546,1.24022302576603,0.000371709610569537
0.120087235293396,1.23985130980153,1.24022303529692,0.00037172549539477
0.120114306356356,1.23985130346327,1.24022304480431,0.000371741341036236
0.120141377419317,1.23985129714065,1.24022305428824,0.000371757147590523
0.120168448482278,1.23985129083362,1.24022306374878,0.000371772915153779
0.120195519545238,1.23985128454216,1.24022307318598,0.000371788643822146
0.120222590608199,1.23985127826621,1.2402230825999,0.000371804333691328
0.12024966167116,1.23985127200574,1.2402230919906,0.000371819984856137
0.12027673273412,1.23985126576072,1.24022310135813,0.000371835597411829
0.120303803797081,1.2398512595311,1.24022311070256,0.000371851171454107
0.120330874860041,1.23985125331686,1.24022312002393,0.00037186670707734
0.120357945923002,1.23985124711794,1.24022312932231,0.000371882204375673
0.120385016985963,1.23985124093431,1.24022313859775,0.000371897663443477
0.120412088048923,1.23985123476594,1.24022314785031,0.000371913084375119
0.120439159111884,1.23985122861278,1.24022315708004,0.00037192846726386
0.120466230174845,1.2398512224748,1.24022316628701,0.000371943812203623
0.120493301237805,1.23985121635197,1.24022317547126,0.00037195911928789
0.120520372300766,1.23985121024424,1.24022318463285,0.000371974388609697
0.120547443363727,1.23985120415158,1.24022319377184,0.000371989620261415
0.120574514426687,1.23985119807395,1.24022320288829,0.000372004814336302
0.120601585489648,1.23985119201131,1.24022321198224,0.000372019970926507
0.120628656552608,1.23985118596364,1.24022322105376,0.000372035090124179
0.120655727615569,1.23985117993088,1.2402232301029,0.000372050172021243
0.12068279867853,1.239851173913,1.24022323912971,0.000372065216709849
0.12070986974149,1.23985116790997,1.24022324813425,0.000372080224281035
0.120736940804451,1.23985116192175,1.24022325711658,0.000372095194826283
0.120764011867412,1.23985115594831,1.24022326607675,0.000372110128436631
0.120791082930372,1.2398511499896,1.24022327501481,0.000372125025202896
0.120818153993333,1.2398511440456,1.24022328393081,0.000372139885216116
0.120845225056294,1.23985113811626,1.24022329282482,0.000372154708565775
0.120872296119254,1.23985113220155,1.24022330169689,0.000372169495342689
0.120899367182215,1.23985112630143,1.24022331054707,0.000372184245636786
0.120926438245176,1.23985112041587,1.24022331937541,0.000372198959537995
0.120953509308136,1.23985111454483,1.24022332818197,0.000372213637135133
0.120980580371097,1.23985110868828,1.2402233369668,0.000372228278518127
0.121007651434057,1.23985110284617,1.24022334572995,0.000372242883776019
0.121034722497018,1.23985109701849,1.24022335447148,0.000372257452997404
0.121061793559979,1.23985109120518,1.24022336319145,0.000372271986270656
0.121088864622939,1.23985108540621,1.2402233718899,0.000372286483684814
0.1211159356859,1.23985107962155,1.24022338056688,0.000372300945327808
0.121143006748861,1.23985107385117,1.24022338922246,0.000372315371287568
0.121170077811821,1.23985106809502,1.24022339785668,0.000372329761651802
0.121197148874782,1.23985106235308,1.24022340646959,0.000372344116508216
0.121224219937743,1.23985105662531,1.24022341506125,0.000372358435944076
0.121251291000703,1.23985105091167,1.24022342363171,0.000372372720046643
0.121278362063664,1.23985104521212,1.24022343218103,0.000372386968902738
0.121305433126624,1.23985103952664,1.24022344070924,0.000372401182598958
0.121332504189585,1.2398510338552,1.24022344921642,0.000372415361221901
0.121359575252546,1.23985102819774,1.2402234577026,0.000372429504857497
0.121386646315506,1.23985102255425,1.24022346616784,0.000372443613592566
0.121413717378467,1.23985101692468,1.24022347461219,0.000372457687512151
0.121440788441428,1.239851011309,1.24022348303571,0.000372471726702184
0.121467859504388,1.23985100570718,1.24022349143843,0.000372485731248373
0.121494930567349,1.23985100011919,1.24022349982043,0.00037249970123554
0.12152200163031,1.23985099454498,1.24022350818173,0.000372513636749172
0.12154907269327,1.23985098898453,1.24022351652241,0.000372527537873424
0.121576143756231,1.23985098343781,1.2402235248425,0.000372541404693116
0.121603214819191,1.23985097790477,1.24022353314206,0.000372555237292849
0.121630285882152,1.23985097238538,1.24022354142114,0.000372569035756776
0.121657356945113,1.23985096687962,1.24022354967978,0.000372582800168608
0.121684428008073,1.23985096138744,1.24022355791805,0.000372596530612279
0.121711499071034,1.23985095590881,1.24022356613599,0.000372610227171277
0.121738570133995,1.23985095044371,1.24022357433364,0.000372623889929091
0.121765641196955,1.2398509449921,1.24022358251106,0.000372637518968766
0.121792712259916,1.23985093955393,1.24022359066831,0.000372651114373346
0.121819783322877,1.23985093412919,1.24022359880542,0.000372664676225432
0.121846854385837,1.23985092871784,1.24022360692245,0.000372678204607402
0.121873925448798,1.23985092331984,1.24022361501944,0.000372691699601857
0.121900996511759,1.23985091793517,1.24022362309646,0.000372705161290954
0.121928067574719,1.23985091256378,1.24022363115354,0.000372718589756404
0.12195513863768,1.23985090720565,1.24022363919073,0.000372731985079922
0.12198220970064,1.23985090186075,1.24022364720809,0.000372745347343439
0.122009280763601,1.23985089652903,1.24022365520566,0.000372758676628004
0.122036351826562,1.23985089121048,1.24022366318349,0.000372771973014663
0.122063422889522,1.23985088590505,1.24022367114163,0.000372785236584461
0.122090493952483,1.23985088061272,1.24022367908013,0.000372798467418001
0.122117565015444,1.23985087533344,1.24022368699904,0.000372811665595885
0.122144636078404,1.2398508700672,1.2402236948984,0.000372824831198715
0.122171707141365,1.23985086481396,1.24022370277827,0.000372837964306205
0.122198778204326,1.23985085957368,1.24022371063868,0.000372851064998514
0.122225849267286,1.23985085434634,1.2402237184797,0.000372864133355133
0.122252920330247,1.2398508491319,1.24022372630136,0.000372877169455998
0.122279991393207,1.23985084393033,1.24022373410371,0.000372890173380158
0.122307062456168,1.2398508387416,1.24022374188681,0.000372903145207104
0.122334133519129,1.23985083356568,1.24022374965069,0.00037291608501544
0.122361204582089,1.23985082840253,1.24022375739541,0.000372928992883992
0.12238827564505,1.23985082325213,1.24022376512102,0.000372941868891363
0.122415346708011,1.23985081811444,1.24022377282755,0.000372954713115936
0.122442417770971,1.23985081298943,1.24022378051506,0.000372967525636092
0.122469488833932,1.23985080787707,1.2402237881836,0.000372980306529769
0.122496559896893,1.23985080277733,1.24022379583321,0.00037299305587446
0.122523630959853,1.23985079769018,1.24022380346393,0.000373005773748325
0.122550702022814,1.23985079261559,1.24022381107582,0.000373018460228192
0.122577773085775,1.23985078755352,1.24022381866892,0.000373031115391553
0.122604844148735,1.23985078250396,1.24022382624327,0.000373043739315682
0.122631915211696,1.23985077746685,1.24022383379893,0.000373056332076738
0.122658986274656,1.23985077244218,1.24022384133593,0.000373068893752215
0.122686057337617,1.23985076742991,1.24022384885433,0.000373081424418276
0.122713128400578,1.23985076243002,1.24022385635417,0.000373093924150858
0.122740199463538,1.23985075744247,1.2402238638355,0.000373106393026568
0.122767270526499,1.23985075246723,1.24022387129835,0.000373118831121122
0.12279434158946,1.23985074750428,1.24022387874279,0.00037313123851046
0.12282141265242,1.23985074255357,1.24022388616884,0.000373143615269633
0.122848483715381,1.23985073761509,1.24022389357657,0.000373155961474358
0.122875554778342,1.2398507326888,1.240223900966,0.000373168277199687
0.122902625841302,1.23985072777467,1.24022390833719,0.000373180562520448
0.122929696904263,1.23985072287268,1.24022391569019,0.000373192817511914
0.122956767967223,1.23985071798278,1.24022392302503,0.00037320504224847
0.122983839030184,1.23985071310496,1.24022393034176,0.000373217236804502
0.123010910093145,1.23985070823918,1.24022393764043,0.000373229401253949
0.123037981156105,1.23985070338541,1.24022394492108,0.000373241535671642
0.123065052219066,1.23985069854363,1.24022395218376,0.000373253640130855
0.123092123282027,1.2398506937138,1.2402239594285,0.000373265714705528
0.123119194344987,1.23985068889589,1.24022396665536,0.000373277759468715
0.123146265407948,1.23985068408988,1.24022397386438,0.0003732897744948
0.123173336470909,1.23985067929574,1.24022398105559,0.000373301759855726
0.123200407533869,1.23985067451343,1.24022398822906,0.000373313715625434
0.12322747859683,1.23985066974293,1.24022399538481,0.00037332564187631
0.12325454965979,1.23985066498421,1.24022400252289,0.000373337538681184
0.123281620722751,1.23985066023724,1.24022400964335,0.000373349406112222
0.123308691785712,1.23985065550198,1.24022401674623,0.000373361244242032
0.123335762848672,1.23985065077842,1.24022402383157,0.000373373053142112
0.123362833911633,1.23985064606653,1.24022403089941,0.000373384832885293
0.123389904974594,1.23985064136626,1.24022403794981,0.000373396583542407
0.123416976037554,1.23985063667761,1.24022404498279,0.000373408305185619
0.123444047100515,1.23985063200053,1.24022405199841,0.00037341999788576
0.123471118163476,1.23985062733499,1.24022405899671,0.000373431661714774
0.123498189226436,1.23985062268098,1.24022406597773,0.000373443296743048
0.123525260289397,1.23985061803846,1.2402240729415,0.000373454903041859
0.123552331352358,1.23985061340741,1.24022407988809,0.000373466480681817
0.123579402415318,1.23985060878779,1.24022408681752,0.00037347802973331
0.123606473478279,1.23985060417957,1.24022409372984,0.000373489550266726
0.123633544541239,1.23985059958274,1.24022410062509,0.000373501042352231
0.1236606156042,1.23985059499726,1.24022410750332,0.00037351250605977
0.123687686667161,1.2398505904231,1.24022411436456,0.000373523941459508
0.123714757730121,1.23985058586023,1.24022412120885,0.000373535348620502
0.123741828793082,1.23985058130863,1.24022412803625,0.000373546727612695
0.123768899856043,1.23985057676828,1.24022413484678,0.000373558078505365
0.123795970919003,1.23985057223913,1.2402241416405,0.000373569401367346
0.123823041981964,1.23985056772117,1.24022414841744,0.000373580696268139
0.123850113044925,1.23985056321437,1.24022415517764,0.00037359196327591
0.123877184107885,1.2398505587187,1.24022416192115,0.000373603202459716
0.123904255170846,1.23985055423412,1.24022416864801,0.000373614413887946
0.123931326233806,1.23985054976063,1.24022417535826,0.000373625597628546
0.123958397296767,1.23985054529818,1.24022418205193,0.00037363675375035
0.123985468359728,1.23985054084675,1.24022418872907,0.00037364788232086
0.124012539422688,1.23985053640632,1.24022419538972,0.000373658983407799
0.124039610485649,1.23985053197685,1.24022420203393,0.000373670057079112
0.12406668154861,1.23985052755832,1.24022420866172,0.000373681103402079
0.12409375261157,1.2398505231507,1.24022421527315,0.000373692122443758
0.124120823674531,1.23985051875397,1.24022422186824,0.000373703114271651
0.124147894737492,1.2398505143681,1.24022422844705,0.000373714078952592
0.124174965800452,1.23985050999306,1.24022423500961,0.000373725016553639
0.124202036863413,1.23985050562882,1.24022424155596,0.000373735927140739
0.124229107926374,1.23985050127537,1.24022424808615,0.000373746810781173
0.124256178989334,1.23985049693266,1.2402242546002,0.000373757667540664
0.124283250052295,1.23985049260068,1.24022426109817,0.000373768497485605
0.124310321115255,1.23985048827941,1.24022426758009,0.000373779300681942
0.124337392178216,1.2398504839688,1.240224274046,0.000373790077195624
0.124364463241177,1.23985047966884,1.24022428049593,0.00037380082709193
0.124391534304137,1.2398504753795,1.24022428692994,0.000373811550436809
0.124418605367098,1.23985047110076,1.24022429334806,0.000373822247295541
0.124445676430059,1.23985046683258,1.24022429975032,0.000373832917732964
0.124472747493019,1.23985046257495,1.24022430613677,0.00037384356181458
0.12449981855598,1.23985045832784,1.24022431250744,0.000373854179604782
0.124526889618941,1.23985045409121,1.24022431886238,0.000373864771168408
0.124553960681901,1.23985044986505,1.24022432520162,0.000373875336570073
0.124581031744862,1.23985044564933,1.2402243315252,0.000373885875874391
0.124608102807822,1.23985044144402,1.24022433783316,0.00037389638914509
0.124635173870783,1.2398504372491,1.24022434412555,0.000373906876446561
0.124662244933744,1.23985043306454,1.24022435040238,0.000373917337842533
0.124689315996704,1.23985042889032,1.24022435666372,0.000373927773397176
0.124716387059665,1.23985042472641,1.24022436290958,0.000373938183173328
0.124743458122626,1.23985042057278,1.24022436914002,0.000373948567235161
0.124770529185586,1.23985041642942,1.24022437535506,0.000373958925645512
0.124797600248547,1.23985041229629,1.24022438155476,0.000373969258467666
0.124824671311508,1.23985040817337,1.24022438773914,0.000373979565764682
0.124851742374468,1.23985040406064,1.24022439390824,0.000373989847599399
0.124878813437429,1.23985039995806,1.2402244000621,0.000374000104034211
0.124905884500389,1.23985039586562,1.24022440620076,0.000374010335131514
0.12493295556335,1.2398503917833,1.24022441232425,0.000374020540954367
0.124960026626311,1.23985038771105,1.24022441843262,0.000374030721564278
0.124987097689271,1.23985038364887,1.24022442452589,0.000374040877023862
0.125014168752232,1.23985037959672,1.24022443060411,0.000374051007394405
0.125041239815193,1.23985037555458,1.24022443666732,0.0003740611127383
0.125068310878153,1.23985037152243,1.24022444271555,0.000374071193116388
0.125095381941114,1.23985036750024,1.24022444874883,0.000374081248590619
0.125122453004075,1.23985036348799,1.24022445476721,0.000374091279222277
0.125149524067035,1.23985035948565,1.24022446077072,0.000374101285072426
0.125176595129996,1.2398503554932,1.2402244667594,0.000374111266202126
0.125203666192957,1.23985035151061,1.24022447273328,0.000374121222671997
0.125230737255917,1.23985034753786,1.2402244786924,0.000374131154542878
0.125257808318878,1.23985034357493,1.2402244846368,0.00037414106187561
0.125284879381838,1.23985033962178,1.24022449056651,0.000374150944729923
0.125311950444799,1.23985033567841,1.24022449648158,0.000374160803166212
0.12533902150776,1.23985033174478,1.24022450238202,0.000374170637245319
0.12536609257072,1.23985032782087,1.24022450826789,0.000374180447026307
0.125393163633681,1.23985032390665,1.24022451413922,0.000374190232569349
0.125420234696642,1.2398503200021,1.24022451999604,0.000374199993934177
0.125447305759602,1.2398503161072,1.24022452583838,0.000374209731180297
0.125474376822563,1.23985031222193,1.2402245316663,0.000374219444366775
0.125501447885524,1.23985030834625,1.24022453747981,0.000374229133553117
0.125528518948484,1.23985030448016,1.24022454327895,0.000374238798798388
0.125555590011445,1.23985030062361,1.24022454906377,0.000374248440161429
0.125582661074405,1.2398502967766,1.2402245548343,0.000374258057700638
0.125609732137366,1.23985029293909,1.24022456059056,0.000374267651475524
0.125636803200327,1.23985028911106,1.2402245663326,0.000374277221544039
0.125663874263287,1.23985028529249,1.24022457206045,0.00037428676796436
0.125690945326248,1.23985028148336,1.24022457777415,0.000374296290795106
0.125718016389209,1.23985027768364,1.24022458347373,0.000374305790094009
0.125745087452169,1.23985027389331,1.24022458915923,0.000374315265919467
0.12577215851513,1.23985027011234,1.24022459483067,0.000374324718328545
0.125799229578091,1.23985026634072,1.2402246004881,0.000374334147379418
0.125826300641051,1.23985026257842,1.24022460613155,0.000374343553129375
0.125853371704012,1.23985025882542,1.24022461176106,0.000374352935635924
0.125880442766972,1.23985025508169,1.24022461737665,0.000374362294956132
0.125907513829933,1.23985025134722,1.24022462297836,0.000374371631147064
0.125934584892894,1.23985024762197,1.24022462856623,0.000374380944265784
0.125961655955854,1.23985024390593,1.2402246341403,0.000374390234369137
0.125988727018815,1.23985024019907,1.24022463970058,0.000374399501513079
0.126015798081776,1.23985023650137,1.24022464524713,0.000374408745755117
0.126042869144736,1.23985023281281,1.24022465077997,0.000374417967151208
0.126069940207697,1.23985022913337,1.24022465629913,0.000374427165757529
0.126097011270658,1.23985022546302,1.24022466180465,0.000374436341630036
0.126124082333618,1.23985022180174,1.24022466729657,0.000374445494824904
0.126151153396579,1.23985021814952,1.24022467277491,0.000374454625398091
0.12617822445954,1.23985021450631,1.24022467823972,0.000374463733405106
0.1262052955225,1.23985021087211,1.24022468369102,0.000374472818901683
0.126232366585461,1.2398502072469,1.24022468912884,0.000374481881942668
0.126259437648421,1.23985020363064,1.24022469455322,0.000374490922584014
0.126286508711382,1.23985020002332,1.2402246999642,0.000374499940880346
0.126313579774343,1.23985019642492,1.24022470536181,0.000374508936887175
0.126340650837303,1.23985019283541,1.24022471074607,0.000374517910658678
0.126367721900264,1.23985018925477,1.24022471611702,0.000374526862250368
0.126394792963225,1.23985018568299,1.2402247214747,0.000374535791716424
0.126421864026185,1.23985018212003,1.24022472681914,0.000374544699111246
0.126448935089146,1.23985017856588,1.24022473215037,0.000374553584489457
0.126476006152107,1.23985017502051,1.24022473746842,0.000374562447904792
0.126503077215067,1.23985017148391,1.24022474277332,0.000374571289412096
0.126530148278028,1.23985016795605,1.24022474806511,0.000374580109064215
0.126557219340988,1.23985016443691,1.24022475334382,0.000374588906915996
0.126584290403949,1.23985016092647,1.24022475860949,0.000374597683020506
0.12661136146691,1.2398501574247,1.24022476386213,0.000374606437431479
0.12663843252987,1.23985015393159,1.2402247691018,0.000374615170202208
0.126665503592831,1.23985015044712,1.24022477432851,0.000374623881385983
0.126692574655792,1.23985014697126,1.2402247795423,0.000374632571036315
0.126719645718752,1.23985014350399,1.2402247847432,0.000374641239205609
0.126746716781713,1.23985014004529,1.24022478993124,0.000374649885947154
0.126773787844674,1.23985013659515,1.24022479510646,0.000374658511313575
0.126800858907634,1.23985013315353,1.24022480026889,0.000374667115357497
0.126827929970595,1.23985012972042,1.24022480541855,0.000374675698131322
0.126855001033556,1.2398501262958,1.24022481055549,0.000374684259687674
0.126882072096516,1.23985012287964,1.24022481567972,0.000374692800078735
0.126909143159477,1.23985011947193,1.24022482079129,0.000374701319356241
0.126936214222437,1.23985011607264,1.24022482589022,0.000374709817572594
0.126963285285398,1.23985011268176,1.24022483097654,0.00037471829477953
0.126990356348359,1.23985010929926,1.24022483605029,0.000374726751028565
0.127017427411319,1.23985010592512,1.2402248411115,0.000374735186371433
0.12704449847428,1.23985010255933,1.24022484616019,0.000374743600860095
0.127071569537241,1.23985009920186,1.2402248511964,0.000374751994544953
0.127098640600201,1.23985009585268,1.24022485622016,0.000374760367477966
0.127125711663162,1.23985009251179,1.2402248612315,0.000374768719709762
0.127152782726123,1.23985008917916,1.24022486623045,0.00037477705129163
0.127179853789083,1.23985008585476,1.24022487121704,0.000374785362274421
0.127206924852044,1.23985008253859,1.2402248761913,0.00037479365270876
0.127233995915004,1.23985007923061,1.24022488115326,0.000374801922645052
0.127261066977965,1.23985007593082,1.24022488610295,0.000374810172133477
0.127288138040926,1.23985007263918,1.24022489104041,0.000374818401225552
0.127315209103886,1.23985006935568,1.24022489596565,0.000374826609970347
0.127342280166847,1.23985006608031,1.24022490087872,0.000374834798418489
0.127369351229808,1.23985006281302,1.24022490577964,0.000374842966619715
0.127396422292768,1.23985005955382,1.24022491066845,0.000374851114624208
0.127423493355729,1.23985005630268,1.24022491554516,0.000374859242481262
0.12745056441869,1.23985005305958,1.24022492040982,0.000374867350240837
0.12747763548165,1.23985004982449,1.24022492526244,0.000374875437952449
0.127504706544611,1.23985004659741,1.24022493010307,0.000374883505664947
0.127531777607572,1.2398500433783,1.24022493493173,0.000374891553428069
0.127558848670532,1.23985004016716,1.24022493974845,0.000374899581290888
0.127585919733493,1.23985003696395,1.24022494455325,0.000374907589302254
0.127612990796453,1.23985003376867,1.24022494934618,0.000374915577511015
0.127640061859414,1.23985003058129,1.24022495412725,0.000374923545966022
0.127667132922375,1.23985002740179,1.2402249588965,0.000374931494715902
0.127694203985335,1.23985002423015,1.24022496365396,0.000374939423809284
0.127721275048296,1.23985002106635,1.24022496839965,0.000374947333294351
0.127748346111257,1.23985001791038,1.2402249731336,0.000374955223219509
0.127775417174217,1.23985001476222,1.24022497785585,0.000374963093632941
0.127802488237178,1.23985001162184,1.24022498256642,0.000374970944582609
0.127829559300139,1.23985000848922,1.24022498726534,0.000374978776116475
0.127856630363099,1.23985000536436,1.24022499195264,0.000374986588282278
0.12788370142606,1.23985000224722,1.24022499662835,0.000374994381128202
0.12791077248902,1.23984999913779,1.24022500129249,0.000375002154700876
0.127937843551981,1.23984999603605,1.2402250059451,0.000375009909048263
0.127964914614942,1.23984999294198,1.2402250105862,0.000375017644218323
0.127991985677902,1.23984998985557,1.24022501521583,0.000375025360257242
0.128019056740863,1.23984998677679,1.240225019834,0.000375033057212759
0.128046127803824,1.23984998370562,1.24022502444075,0.000375040735131504
0.128073198866784,1.23984998064205,1.24022502903611,0.000375048394060551
0.128100269929745,1.23984997758605,1.2402250336201,0.00037505603404675
0.128127340992706,1.23984997453762,1.24022503819275,0.000375063655136509
0.128154412055666,1.23984997149672,1.2402250427541,0.00037507125737668
0.128181483118627,1.23984996846335,1.24022504730416,0.000375078840813226
0.128208554181587,1.23984996543747,1.24022505184297,0.000375086405492775
0.128235625244548,1.23984996241909,1.24022505637055,0.000375093951461514
0.128262696307509,1.23984995940816,1.24022506088693,0.000375101478765627
0.128289767370469,1.23984995640469,1.24022506539214,0.000375108987450634
0.12831683843343,1.23984995340865,1.24022506988621,0.00037511647756272
0.128343909496391,1.23984995042001,1.24022507436916,0.000375123949147849
0.128370980559351,1.23984994743877,1.24022507884102,0.000375131402251094
0.128398051622312,1.2398499444649,1.24022508330182,0.000375138836918198
0.128425122685273,1.23984994149839,1.24022508775159,0.000375146253194902
0.128452193748233,1.23984993853922,1.24022509219035,0.000375153651126059
0.128479264811194,1.23984993558737,1.24022509661812,0.000375161030756743
0.128506335874154,1.23984993264282,1.24022510103495,0.000375168392132474
0.128533406937115,1.23984992970555,1.24022510544085,0.000375175735298106
0.128560478000076,1.23984992677555,1.24022510983585,0.000375183060298268
0.128587549063036,1.2398499238528,1.24022511421998,0.000375190367177813
0.128614620125997,1.23984992093728,1.24022511859326,0.000375197655981374
0.128641691188958,1.23984991802897,1.24022512295572,0.000375204926753359
0.128668762251918,1.23984991512785,1.24022512730739,0.000375212179538398
0.128695833314879,1.23984991223392,1.2402251316483,0.000375219414380679
0.12872290437784,1.23984990934714,1.24022513597846,0.000375226631324388
0.1287499754408,1.2398499064675,1.24022514029792,0.000375233830413491
0.128777046503761,1.23984990359499,1.24022514460668,0.000375241011692173
0.128804117566722,1.23984990072959,1.24022514890479,0.000375248175203957
0.128831188629682,1.23984989787127,1.24022515319227,0.000375255320993029
0.128858259692643,1.23984989502003,1.24022515746913,0.000375262449102687
0.128885330755603,1.23984989217584,1.24022516173542,0.000375269559576896
0.128912401818564,1.23984988933869,1.24022516599114,0.000375276652458512
0.128939472881525,1.23984988650855,1.24022517023634,0.000375283727791498
0.128966543944485,1.23984988368542,1.24022517447104,0.000375290785618487
0.128993615007446,1.23984988086928,1.24022517869526,0.000375297825983223
0.129020686070407,1.2398498780601,1.24022518290903,0.000375304848927893
0.129047757133367,1.23984987525787,1.24022518711237,0.000375311854496019
0.129074828196328,1.23984987246258,1.24022519130531,0.000375318842730232
0.129101899259289,1.2398498696742,1.24022519548787,0.00037532581367361
0.129128970322249,1.23984986689272,1.24022519966009,0.000375332767367897
0.12915604138521,1.23984986411813,1.24022520382198,0.000375339703855948
0.12918311244817,1.2398498613504,1.24022520797358,0.000375346623180839
0.129210183511131,1.23984985858952,1.2402252121149,0.00037535352538387
0.129237254574092,1.23984985583547,1.24022521624597,0.000375360410507453
0.129264325637052,1.23984985308823,1.24022522036683,0.000375367278593997
0.129291396700013,1.23984985034779,1.24022522447748,0.000375374129685246
0.129318467762974,1.23984984761414,1.24022522857796,0.000375380963822947
0.129345538825934,1.23984984488725,1.2402252326683,0.000375387781049286
0.129372609888895,1.23984984216711,1.24022523674851,0.00037539458140512
0.129399680951856,1.2398498394537,1.24022524081863,0.000375401364933081
0.129426752014816,1.239849836747,1.24022524487867,0.000375408131673582
0.129453823077777,1.239849834047,1.24022524892867,0.00037541488166859
0.129480894140738,1.23984983135368,1.24022525296864,0.000375421614959182
0.129507965203698,1.23984982866703,1.24022525699862,0.000375428331586658
0.129535036266659,1.23984982598703,1.24022526101862,0.000375435031591875
0.129562107329619,1.23984982331366,1.24022526502868,0.00037544171501569
0.12958917839258,1.23984982064691,1.24022526902881,0.000375448381899179
0.129616249455541,1.23984981798675,1.24022527301904,0.000375455032282979
0.129643320518501,1.23984981533318,1.24022527699939,0.000375461666207721
0.129670391581462,1.23984981268618,1.2402252809699,0.000375468283714042
0.129697462644423,1.23984981004573,1.24022528493057,0.000375474884842131
0.129724533707383,1.23984980741181,1.24022528888145,0.000375481469632843
0.129751604770344,1.23984980478442,1.24022529282254,0.000375488038125704
0.129778675833305,1.23984980216352,1.24022529675388,0.000375494590361569
0.129805746896265,1.23984979954912,1.2402253006755,0.000375501126380184
0.129832817959226,1.23984979694118,1.2402253045874,0.000375507646221296
0.129859889022186,1.2398497943397,1.24022530848962,0.000375514149925094
0.129886960085147,1.23984979174466,1.24022531238219,0.000375520637530879
0.129914031148108,1.23984978915604,1.24022531626511,0.000375527109079066
0.129941102211068,1.23984978657382,1.24022532013843,0.00037553356460851
0.129968173274029,1.239849783998,1.24022532400216,0.000375540004158736
0.12999524433699,1.23984978142856,1.24022532785633,0.000375546427769713
0.13002231539995,1.23984977886548,1.24022533170096,0.000375552835479853
0.130049386462911,1.23984977630874,1.24022533553606,0.000375559227328903
0.130076457525872,1.23984977375832,1.24022533936168,0.000375565603355943
0.130103528588832,1.23984977121423,1.24022534317783,0.00037557196359983
0.130130599651793,1.23984976867643,1.24022534698453,0.000375578308099422
0.130157670714754,1.23984976614491,1.2402253507818,0.000375584636893134
0.130184741777714,1.23984976361966,1.24022535456968,0.000375590950020266
0.130211812840675,1.23984976110066,1.24022535834818,0.000375597247519455
0.130238883903635,1.2398497585879,1.24022536211732,0.00037560352942867
0.130265954966596,1.23984975608135,1.24022536587714,0.000375609795786547
0.130293026029557,1.23984975358101,1.24022536962765,0.000375616046631277
0.130320097092517,1.23984975108687,1.24022537336887,0.00037562228200172
0.130347168155478,1.23984974859889,1.24022537710083,0.000375628501934955
0.130374239218439,1.23984974611708,1.24022538082355,0.000375634706470063
0.130401310281399,1.23984974364141,1.24022538453705,0.000375640895644347
0.13042838134436,1.23984974117187,1.24022538824136,0.000375647069495333
0.130455452407321,1.23984973870844,1.2402253919365,0.000375653228061656
0.130482523470281,1.23984973625111,1.24022539562249,0.000375659371380621
0.130509594533242,1.23984973379987,1.24022539929936,0.00037566549948953
0.130536665596202,1.2398497313547,1.24022540296712,0.000375671612426132
0.130563736659163,1.23984972891558,1.2402254066258,0.000375677710227507
0.130590807722124,1.23984972648249,1.24022541027542,0.000375683792931403
0.130617878785084,1.23984972405544,1.24022541391601,0.000375689860574679
0.130644949848045,1.23984972163439,1.24022541754758,0.00037569591319464
0.130672020911006,1.23984971921933,1.24022542117016,0.000375701950828145
0.130699091973966,1.23984971681026,1.24022542478377,0.000375707973512052
0.130726163036927,1.23984971440715,1.24022542838844,0.000375713981283665
0.130753234099888,1.23984971200999,1.24022543198417,0.000375719974178956
0.130780305162848,1.23984970961877,1.24022543557101,0.000375725952235451
0.130807376225809,1.23984970723347,1.24022543914896,0.000375731915488897
0.130834447288769,1.23984970485408,1.24022544271805,0.000375737863976378
0.13086151835173,1.23984970248057,1.24022544627831,0.000375743797733863
0.130888589414691,1.23984970011295,1.24022544982974,0.000375749716797769
0.130915660477651,1.23984969775118,1.24022545337239,0.00037575562120451
0.130942731540612,1.23984969539527,1.24022545690626,0.000375761510989836
0.130969802603573,1.23984969304519,1.24022546043138,0.000375767386190162
0.130996873666533,1.23984969070093,1.24022546394777,0.000375773246841238
0.131023944729494,1.23984968836247,1.24022546745545,0.000375779092979034
0.131051015792455,1.23984968602981,1.24022547095445,0.000375784924639078
0.131078086855415,1.23984968370292,1.24022547444478,0.00037579074185734
0.131105157918376,1.2398496813818,1.24022547792647,0.000375796544668905
0.131132228981337,1.23984967906642,1.24022548139953,0.000375802333109965
0.131159300044297,1.23984967675678,1.24022548486399,0.000375808107215159
0.131186371107258,1.23984967445286,1.24022548831988,0.000375813867020458
0.131213442170218,1.23984967215464,1.2402254917672,0.000375819612560946
0.131240513233179,1.23984966986212,1.24022549520599,0.000375825343871483
0.13126758429614,1.23984966757527,1.24022549863626,0.000375831060987375
0.1312946553591,1.23984966529409,1.24022550205803,0.000375836763943704
0.131321726422061,1.23984966301855,1.24022550547133,0.00037584245277511
0.131348797485022,1.23984966074866,1.24022550887617,0.000375848127516454
0.131375868547982,1.23984965848438,1.24022551227259,0.000375853788202596
0.131402939610943,1.23984965622572,1.24022551566059,0.000375859434868175
0.131430010673904,1.23984965397265,1.24022551904019,0.000375865067547609
0.131457081736864,1.23984965172515,1.24022552241143,0.000375870686275537
0.131484152799825,1.23984964948323,1.24022552577432,0.000375876291086152
0.131511223862785,1.23984964724686,1.24022552912887,0.000375881882013651
0.131538294925746,1.23984964501603,1.24022553247512,0.00037588745909245
0.131565365988707,1.23984964279072,1.24022553581308,0.000375893022356966
0.131592437051667,1.23984964057093,1.24022553914277,0.000375898571840505
0.131619508114628,1.23984963835663,1.24022554246421,0.000375904107577707
0.131646579177589,1.23984963614782,1.24022554577743,0.0003759096296021
0.131673650240549,1.23984963394449,1.24022554908243,0.000375915137947658
0.13170072130351,1.2398496317466,1.24022555237925,0.00037592063264813
0.131727792366471,1.23984962955417,1.24022555566791,0.000375926113736824
0.131754863429431,1.23984962736716,1.24022555894841,0.000375931581247491
0.131781934492392,1.23984962518558,1.24022556222079,0.000375937035213658
0.131809005555352,1.2398496230094,1.24022556548506,0.000375942475668634
0.131836076618313,1.23984962083861,1.24022556874125,0.000375947902645501
0.131863147681274,1.23984961867319,1.24022557198937,0.000375953316178013
0.131890218744234,1.23984961651314,1.24022557522944,0.000375958716298586
0.131917289807195,1.23984961435845,1.24022557846149,0.000375964103040971
0.131944360870156,1.23984961220909,1.24022558168553,0.000375969476437588
0.131971431933116,1.23984961006505,1.24022558490158,0.000375974836521964
0.131998502996077,1.23984960792633,1.24022558810966,0.000375980183326075
0.132025574059038,1.23984960579291,1.24022559130979,0.000375985516883448
0.132052645121998,1.23984960366477,1.240225594502,0.000375990837226281
0.132079716184959,1.23984960154191,1.2402255976863,0.000375996144386992
0.13210678724792,1.2398495994243,1.2402256008627,0.000376001438398665
0.13213385831088,1.23984959731195,1.24022560403124,0.000376006719293276
0.132160929373841,1.23984959520482,1.24022560719193,0.000376011987103464
0.132188000436801,1.23984959310292,1.24022561034478,0.000376017241861204
0.132215071499762,1.23984959100622,1.24022561348982,0.00037602248359847
0.132242142562723,1.23984958891472,1.24022561662707,0.000376027712347682
0.132269213625683,1.23984958682841,1.24022561975655,0.000376032928141035
0.132296284688644,1.23984958474726,1.24022562287827,0.000376038131010059
0.132323355751605,1.23984958267127,1.24022562599225,0.00037604332098673
0.132350426814565,1.23984958060042,1.24022562909852,0.000376048498103021
0.132377497877526,1.23984957853471,1.2402256321971,0.000376053662390241
0.132404568940487,1.23984957647411,1.24022563528799,0.000376058813880364
0.132431640003447,1.23984957441862,1.24022563837123,0.000376063952604699
0.132458711066408,1.23984957236822,1.24022564144682,0.000376069078594998
0.132485782129368,1.23984957032291,1.24022564451479,0.000376074191882569
0.132512853192329,1.23984956828266,1.24022564757516,0.000376079292498499
0.13253992425529,1.23984956624747,1.24022565062795,0.000376084380474095
0.13256699531825,1.23984956421733,1.24022565367317,0.000376089455840667
0.132594066381211,1.23984956219221,1.24022565671084,0.000376094518629078
0.132621137444172,1.23984956017211,1.24022565974098,0.000376099568870858
0.132648208507132,1.23984955815702,1.24022566276362,0.000376104606595984
0.132675279570093,1.23984955614693,1.24022566577876,0.00037610963183643
0.132702350633054,1.23984955414181,1.24022566878644,0.000376114644622172
0.132729421696014,1.23984955214167,1.24022567178665,0.000376119644983852
0.132756492758975,1.23984955014648,1.24022567477943,0.000376124632952779
0.132783563821936,1.23984954815624,1.2402256777648,0.00037612960855915
0.132810634884896,1.23984954617093,1.24022568074276,0.000376134571833164
0.132837705947857,1.23984954419054,1.24022568371334,0.000376139522805463
0.132864777010817,1.23984954221506,1.24022568667657,0.000376144461506467
0.132891848073778,1.23984954024447,1.24022568963244,0.000376149387966596
0.132918919136739,1.23984953827878,1.24022569258099,0.000376154302215603
0.132945990199699,1.23984953631795,1.24022569552223,0.000376159204283688
0.13297306126266,1.23984953436198,1.24022569845618,0.000376164094200826
0.133000132325621,1.23984953241086,1.24022570138286,0.000376168971997215
0.133027203388581,1.23984953046458,1.24022570430228,0.000376173837702831
0.133054274451542,1.23984952852312,1.24022570721447,0.000376178691347206
0.133081345514503,1.23984952658648,1.24022571011944,0.000376183532959873
0.133108416577463,1.23984952465463,1.2402257130172,0.000376188362571028
0.133135487640424,1.23984952272758,1.24022571590779,0.000376193180209761
0.133162558703384,1.2398495208053,1.2402257187912,0.000376197985906046
0.133189629766345,1.23984951888779,1.24022572166747,0.000376202779688972
0.133216700829306,1.23984951697503,1.24022572453661,0.000376207561588293
0.133243771892266,1.23984951506701,1.24022572739864,0.000376212331632653
0.133270842955227,1.23984951316372,1.24022573025357,0.000376217089852027
0.133297914018188,1.23984951126515,1.24022573310143,0.000376221836275059
0.133324985081148,1.23984950937129,1.24022573594222,0.00037622657093106
0.133352056144109,1.23984950748212,1.24022573877597,0.000376231293849116
0.13337912720707,1.23984950559764,1.2402257416027,0.000376236005057873
0.13340619827003,1.23984950371783,1.24022574442241,0.000376240704586195
0.133433269332991,1.23984950184268,1.24022574723514,0.000376245392463392
0.133460340395951,1.23984949997217,1.24022575004089,0.000376250068717665
0.133487411458912,1.23984949810631,1.24022575283969,0.000376254733377879
0.133514482521873,1.23984949624507,1.24022575563154,0.000376259386472455
0.133541553584833,1.23984949438845,1.24022575841648,0.00037626402803026
0.133568624647794,1.23984949253643,1.24022576119451,0.000376268658079049
0.133595695710755,1.239849490689,1.24022576396565,0.000376273276648131
0.133622766773715,1.23984948884615,1.24022576672992,0.000376277883765486
0.133649837836676,1.23984948700788,1.24022576948734,0.000376282479459089
0.133676908899637,1.23984948517416,1.24022577223791,0.000376287063756919
0.133703979962597,1.23984948334498,1.24022577498167,0.000376291636687842
0.133731051025558,1.23984948152035,1.24022577771863,0.000376296198279169
0.133758122088519,1.23984947970024,1.2402257804488,0.000376300748559322
0.133785193151479,1.23984947788464,1.24022578317219,0.000376305287556056
0.13381226421444,1.23984947607354,1.24022578588884,0.000376309815296905
0.1338393352774,1.23984947426694,1.24022578859875,0.000376314331809846
0.133866406340361,1.23984947246481,1.24022579130193,0.000376318837122636
0.133893477403322,1.23984947066715,1.24022579399842,0.000376323331262807
0.133920548466282,1.23984946887396,1.24022579668821,0.000376327814258115
0.133947619529243,1.23984946708521,1.24022579937134,0.00037633228613565
0.133974690592204,1.23984946530089,1.24022580204781,0.000376336746923389
0.134001761655164,1.239849463521,1.24022580471765,0.000376341196647978
0.134028832718125,1.23984946174552,1.24022580738086,0.000376345635337394
0.134055903781086,1.23984945997445,1.24022581003747,0.000376350063018283
0.134082974844046,1.23984945820777,1.24022581268749,0.000376354479718177
0.134110045907007,1.23984945644547,1.24022581533094,0.000376358885463945
0.134137116969967,1.23984945468755,1.24022581796783,0.000376363280282677
0.134164188032928,1.23984945293398,1.24022582059818,0.000376367664201016
0.134191259095889,1.23984945118476,1.24022582322201,0.000376372037246497
0.134218330158849,1.23984944943988,1.24022582583933,0.000376376399445322
0.13424540122181,1.23984944769933,1.24022582845015,0.000376380750824579
0.134272472284771,1.23984944596309,1.24022583105451,0.000376385091410691
0.134299543347731,1.23984944423117,1.2402258336524,0.000376389421230749
0.134326614410692,1.23984944250353,1.24022583624385,0.000376393740310732
0.134353685473653,1.23984944078019,1.24022583882887,0.000376398048677506
0.134380756536613,1.23984943906112,1.24022584140747,0.000376402346357496
0.134407827599574,1.23984943734631,1.24022584397968,0.000376406633376902
0.134434898662534,1.23984943563575,1.24022584654552,0.000376410909761704
0.134461969725495,1.23984943392944,1.24022584910498,0.000376415175538769
0.134489040788456,1.23984943222736,1.2402258516581,0.000376419430734076
0.134516111851416,1.23984943052951,1.24022585420488,0.000376423675373383
0.134543182914377,1.23984942883587,1.24022585674535,0.00037642790948289
0.134570253977338,1.23984942714642,1.24022585927951,0.0003764321330888
0.134597325040298,1.23984942546117,1.24022586180739,0.000376436346217091
0.134624396103259,1.2398494237801,1.24022586432899,0.000376440548893076
0.13465146716622,1.2398494221032,1.24022586684434,0.000376444741142734
0.13467853822918,1.23984942043046,1.24022586935345,0.000376448922992045
0.134705609292141,1.23984941876187,1.24022587185634,0.000376453094466322
0.134732680355102,1.23984941709742,1.24022587435301,0.000376457255591545
0.134759751418062,1.2398494154371,1.24022587684349,0.000376461406392803
0.134786822481023,1.2398494137809,1.2402258793278,0.000376465546895854
0.134813893543983,1.23984941212881,1.24022588180593,0.000376469677126234
0.134840964606944,1.23984941048081,1.24022588427792,0.00037647379710859
0.134868035669905,1.23984940883691,1.24022588674378,0.000376477906868899
0.134895106732865,1.23984940719708,1.24022588920352,0.000376482006432477
0.134922177795826,1.23984940556133,1.24022589165715,0.000376486095823525
0.134949248858787,1.23984940392963,1.2402258941047,0.000376490175068245
0.134976319921747,1.23984940230198,1.24022589654617,0.000376494244190839
0.135003390984708,1.23984940067837,1.24022589898159,0.000376498303217065
0.135030462047669,1.23984939905879,1.24022590141096,0.000376502352170904
0.135057533110629,1.23984939744323,1.2402259038343,0.000376506391077891
0.13508460417359,1.23984939583167,1.24022590625163,0.000376510419962672
0.13511167523655,1.23984939422412,1.24022590866297,0.000376514438849673
0.135138746299511,1.23984939262055,1.24022591106832,0.000376518447763763
0.135165817362472,1.23984939102097,1.24022591346769,0.000376522446729588
0.135192888425432,1.23984938942535,1.24022591586112,0.000376526435771796
0.135219959488393,1.23984938783369,1.24022591824861,0.000376530414914811
0.135247030551354,1.23984938624598,1.24022592063017,0.000376534384182614
0.135274101614314,1.23984938466222,1.24022592300582,0.000376538343600075
0.135301172677275,1.23984938308238,1.24022592537557,0.000376542293191395
0.135328243740236,1.23984938150646,1.24022592773945,0.000376546232980557
0.135355314803196,1.23984937993446,1.24022593009745,0.000376550162991984
