t,Tv,Ti,absdT
0,1.33333333333334,0.999999999999999,0.333333333333336
0.0037714285714266,1.33287673904762,1.00034244571428,0.332534293333335
0.0075428571428532,1.3324212392732,1.0006840705451,0.331737168728099
0.0113142857142798,1.3319668313864,1.0010248764602,0.330941954926197
0.0150857142857064,1.33151351276983,1.00136486542263,0.330148647347203
0.018857142857133,1.33106128081238,1.00170403939071,0.329357241421673
0.0226285714285596,1.33061013290921,1.00204240031809,0.328567732591116
0.0263999999999862,1.33016006646169,1.00237995015373,0.327780116307966
0.0301714285714128,1.32971107887746,1.0027166908419,0.326994388035561
0.0339428571428394,1.32926316757035,1.00305262432224,0.326210543248112
0.037714285714266,1.32881632996039,1.00338775252971,0.32542857743068
0.0414857142856926,1.3283705634738,1.00372207739465,0.324648486079149
0.0452571428571192,1.32792586554297,1.00405560084277,0.323870264700198
0.0490285714285458,1.32748223360644,1.00438832479517,0.323093908811279
0.0527999999999724,1.32703966510891,1.00472025116832,0.322319413940588
0.056571428571399,1.32659815750117,1.00505138187412,0.321546775627042
0.0603428571428256,1.32615770824014,1.00538171881989,0.32077598942025
0.0641142857142522,1.32571831478885,1.00571126390836,0.32000705088049
0.0678857142856788,1.32527997461639,1.00604001903771,0.319239955578682
0.0716571428571054,1.32484268519792,1.00636798610156,0.318474699096364
0.075428571428532,1.32440644401467,1.006695166989,0.317711277025665
0.0791999999999586,1.32397124855387,1.00702156358459,0.316949684969281
0.0829714285713852,1.32353709630883,1.00734717776838,0.316189918540446
0.0867428571428118,1.32310398477881,1.00767201141589,0.315431973362914
0.0905142857142384,1.3226719114691,1.00799606639817,0.314675845070925
0.094285714285665,1.32224087389096,1.00831934458178,0.313921529309188
0.0980571428570916,1.32181086956163,1.00864184782878,0.313169021732849
0.101828571428518,1.32138189600427,1.0089635779968,0.312418318007472
0.105599999999945,1.32095395074801,1.009284536939,0.311669413809009
0.109371428571371,1.32052703132787,1.0096047265041,0.310922304823778
0.113142857142798,1.32010113528482,1.00992414853638,0.310176986748438
0.116914285714225,1.31967626016569,1.01024280487573,0.309433455289963
0.120685714285651,1.31925240352321,1.01056069735759,0.308691706165617
0.124457142857078,1.31882956291596,1.01087782781303,0.307951735102933
0.128228571428504,1.31840773590839,1.01119419806871,0.307213537839682
0.131999999999931,1.31798692007077,1.01150980994692,0.306477110123854
0.135771428571358,1.31756711297922,1.01182466526559,0.305742447713633
0.139542857142784,1.31714831221564,1.01213876583827,0.305009546377369
0.143314285714211,1.31673051536775,1.01245211347419,0.304278401893556
0.147085714285637,1.31631372002903,1.01276470997823,0.303549010050808
0.150857142857064,1.31589792379876,1.01307655715093,0.302821366647834
0.154628571428491,1.31548312428195,1.01338765678854,0.302095467493415
0.158399999999917,1.31506931908936,1.01369801068298,0.301371308406376
0.162171428571344,1.31465650583747,1.0140076206219,0.300648885215568
0.16594285714277,1.31424468214848,1.01431648838864,0.299928193759839
0.169714285714197,1.31383384565029,1.01462461576228,0.299209229888013
0.173485714285624,1.31342399397649,1.01493200451763,0.298491989458862
0.17725714285705,1.31301512476634,1.01523865642525,0.29777646834109
0.181028571428477,1.31260723566474,1.01554457325144,0.297062662413299
0.184799999999903,1.31220032432227,1.0158497567583,0.296350567563974
0.18857142857133,1.31179438839512,1.01615420870366,0.295640179691454
0.192342857142757,1.31138942554509,1.01645793084118,0.294931494703911
0.196114285714183,1.31098543343961,1.01676092492029,0.294224508519326
0.19988571428561,1.31058240975169,1.01706319268623,0.293519217065463
0.203657142857036,1.31018035215991,1.01736473588006,0.29281561627985
0.207428571428463,1.30977925834843,1.01766555623868,0.292113702109752
0.21119999999989,1.30937912600694,1.01796565549479,0.29141347051215
0.214971428571316,1.30897995283069,1.01826503537698,0.290714917453715
0.218742857142743,1.30858173652045,1.01856369760966,0.290018038910788
0.222514285714169,1.30818447478249,1.01886164391313,0.289322830869353
0.226285714285596,1.30778816532858,1.01915887600356,0.288629289325018
0.230057142857023,1.30739280587599,1.019455395593,0.287937410282991
0.233828571428449,1.30699839414746,1.01975120438941,0.287247189758052
0.237599999999876,1.30660492787116,1.02004630409663,0.286558623774539
0.241371428571302,1.30621240478075,1.02034069641444,0.285871708366315
0.245142857142729,1.30582082261529,1.02063438303853,0.285186439576755
0.248914285714156,1.30543017911927,1.02092736566055,0.284502813458716
0.252685714285582,1.30504047204258,1.02121964596806,0.283820826074517
0.256457142857009,1.30465169914052,1.02151122564461,0.283140473495916
0.260228571428435,1.30426385817376,1.02180210636968,0.282461751804089
0.263999999999862,1.30387694690834,1.02209228981874,0.281784657089603
0.267771428571289,1.30349096311566,1.02238177766326,0.2811091854524
0.271542857142715,1.30310590457244,1.02267057157067,0.280435333001767
0.275314285714142,1.30272176906075,1.02295867320443,0.279763095856321
0.279085714285568,1.30233855436799,1.02324608422401,0.279092470143981
0.282857142856995,1.30195625828683,1.02353280628488,0.278423452001949
0.286628571428422,1.30157487861525,1.02381884103856,0.277756037576685
0.290399999999848,1.30119441315651,1.02410419013262,0.277090223023888
0.294171428571275,1.30081485971913,1.02438885521065,0.276426004508472
0.297942857142701,1.30043621611688,1.02467283791234,0.275763378204544
0.301714285714128,1.30005848016879,1.02495613987341,0.275102340295381
0.305485714285555,1.29968164969909,1.02523876272568,0.274442886973412
0.309257142856981,1.29930572253725,1.02552070809706,0.273785014440189
0.313028571428408,1.29893069651793,1.02580197761155,0.273128718906373
0.316799999999834,1.29855656948098,1.02608257288927,0.272473996591708
0.320571428571261,1.29818333927143,1.02636249554643,0.271820843724997
0.324342857142688,1.29781100373948,1.02664174719539,0.271169256544086
0.328114285714114,1.29743956074048,1.02692032944464,0.270519231295838
0.331885714285541,1.29706900813492,1.02719824389881,0.269870764236113
0.335657142856967,1.29669934378843,1.02747549215868,0.269223851629747
0.339428571428394,1.29633056557173,1.0277520758212,0.268578489750527
0.343199999999821,1.29596267136067,1.0280279964795,0.267934674881176
0.346971428571247,1.29559565903618,1.02830325572286,0.267292403313323
0.350742857142674,1.29522952648428,1.02857785513679,0.266651671347492
0.3545142857141,1.29486427159604,1.02885179630297,0.26601247529307
0.358285714285527,1.2944998922676,1.0291250807993,0.265374811468295
0.362057142856954,1.29413638640013,1.0293977101999,0.264738676200228
0.36582857142838,1.29377375189985,1.02966968607511,0.264104065824733
0.369599999999807,1.29341198667798,1.02994100999152,0.263470976686463
0.373371428571233,1.29305108865076,1.03021168351193,0.262839405138827
0.37714285714266,1.29269105573942,1.03048170819544,0.26220934754398
0.380914285714086,1.29233188587017,1.03075108559737,0.261580800272794
0.384685714285513,1.2919735769742,1.03101981726935,0.260953759704844
0.38845714285694,1.29161612698764,1.03128790475927,0.260328222228379
0.392228571428366,1.29125953385161,1.0315553496113,0.25970418424031
0.395999999999793,1.2909037955121,1.03182215336592,0.259081642146183
0.39977142857122,1.29054890992009,1.03208831755993,0.258460592360161
0.403542857142646,1.29019487503143,1.03235384372643,0.257841031305001
0.407314285714073,1.28984168880688,1.03261873339484,0.257222955412039
0.411085714285499,1.28948934921209,1.03288298809093,0.25660636112116
0.414857142856926,1.28913785421759,1.0331466093368,0.255991244880789
0.418628571428352,1.28878720179878,1.03340959865092,0.255377603147859
0.422399999999779,1.28843738993589,1.03367195754809,0.254765432387801
0.426171428571206,1.28808841661401,1.03393368753949,0.254154729074514
0.429942857142632,1.28774027982306,1.03419479013271,0.253545489690354
0.433714285714059,1.28739297755778,1.03445526683167,0.252937710726107
0.437485714285485,1.2870465078177,1.03471511913673,0.25233138868097
0.441257142856912,1.28670086860716,1.03497434854463,0.251726520062534
0.445028571428339,1.28635605793529,1.03523295654853,0.251123101386761
0.448799999999765,1.28601207381598,1.03549094463802,0.250521129177964
0.452571428571192,1.28566891426788,1.03574831429909,0.249920599968788
0.456342857142618,1.28532657731439,1.0360050670142,0.24932151030019
0.460114285714045,1.28498506098367,1.03626120426225,0.248723856721419
0.463885714285472,1.28464436330857,1.03651672751857,0.248127635789994
0.467657142856898,1.28430448232668,1.03677163825499,0.247532844071688
0.471428571428325,1.28396541608029,1.03702593793978,0.246939478140506
0.475199999999751,1.28362716261638,1.03727962803772,0.246347534578665
0.478971428571178,1.28328971998661,1.03753271001004,0.245757009976575
0.482742857142605,1.28295308624732,1.03778518531451,0.245167900932819
0.486514285714031,1.2826172594595,1.03803705540537,0.244580204054134
0.490285714285458,1.28228223768879,1.0382883217334,0.243993915955391
0.494057142856884,1.28194801900547,1.0385389857459,0.243409033259575
0.497828571428311,1.28161460148444,1.03878904888667,0.242825552597767
0.501599999999738,1.28128198320521,1.03903851259609,0.242243470609123
0.505371428571164,1.28095016225192,1.03928737831106,0.241662783940855
0.509142857142591,1.28061913671327,1.03953564746505,0.241083489248214
0.512914285714017,1.28028890468255,1.03978332148809,0.240505583194467
0.516685714285444,1.27995946425764,1.04003040180677,0.239929062450879
0.520457142856871,1.27963081354097,1.04027688984427,0.239353923696696
0.524228571428297,1.2793029506395,1.04052278702038,0.238780163619123
0.527999999999724,1.27897587366475,1.04076809475144,0.238207778913307
0.53177142857115,1.27864958073275,1.04101281445044,0.237636766282318
0.535542857142577,1.27832406996407,1.04125694752695,0.237067122437126
0.539314285714004,1.27799933948376,1.04150049538718,0.236498844096589
0.54308571428543,1.27767538742139,1.04174345943396,0.235931927987427
0.546857142856857,1.27735221191098,1.04198584106677,0.235366370844209
0.550628571428283,1.27702981109105,1.04222764168172,0.23480216940933
0.55439999999971,1.27670818310457,1.04246886267157,0.234239320432995
0.558171428571137,1.27638732609897,1.04270950542577,0.233677820673198
0.561942857142563,1.27606723822612,1.04294957133041,0.233117666895704
0.56571428571399,1.27574791764231,1.04318906176827,0.232558855874035
0.569485714285416,1.27542936250825,1.04342797811881,0.232001384389441
0.573257142856843,1.27511157098908,1.04366632175819,0.231445249230893
0.57702857142827,1.27479454125432,1.04390409405926,0.230890447195055
0.580799999999696,1.27447827147787,1.0441412963916,0.230336975086274
0.584571428571123,1.27416275983803,1.04437793012148,0.229784829716555
0.588342857142549,1.27384800451745,1.04461399661191,0.229234007905544
0.592114285713976,1.27353400370315,1.04484949722264,0.228684506480512
0.595885714285403,1.27322075558648,1.04508443331014,0.228136322276337
0.599657142856829,1.27290825836313,1.04531880622765,0.227589452135481
0.603428571428256,1.27259651023313,1.04555261732515,0.227043892907977
0.607199999999682,1.2722855094008,1.0457858679494,0.226499641451409
0.610971428571109,1.2719752540748,1.0460185594439,0.225956694630892
0.614742857142536,1.27166574246803,1.04625069314898,0.225415049319057
0.618514285713962,1.27135697279773,1.0464822704017,0.224874702396033
0.622285714285389,1.27104894328539,1.04671329253596,0.224335650749424
0.626057142856815,1.27074165215674,1.04694376088244,0.223797891274299
0.629828571428242,1.27043509764181,1.04717367676864,0.223261420873167
0.633599999999669,1.27012927797484,1.04740304151887,0.222726236455962
0.637371428571095,1.2698241913943,1.04763185645427,0.222192334940028
0.641142857142522,1.26951983614291,1.04786012289282,0.221659713250096
0.644914285713948,1.26921621046758,1.04808784214931,0.221128368318269
0.648685714285375,1.26891331261943,1.04831501553543,0.220598297084005
0.652457142856802,1.26861114085377,1.04854164435967,0.220069496494098
0.656228571428228,1.26830969343009,1.04876772992743,0.219541963502661
0.659999999999655,1.26800896861206,1.04899327354095,0.219015695071109
0.663771428571081,1.26770896466751,1.04921827649937,0.218490688168139
0.667542857142508,1.26740967986841,1.04944274009869,0.217966939769717
0.671314285713935,1.26711111249089,1.04966666563183,0.217444446859055
0.675085714285361,1.2668132608152,1.0498900543886,0.216923206426599
0.678857142856788,1.26651612312572,1.05011290765571,0.216403215470009
0.682628571428214,1.26621969771094,1.0503352267168,0.215884470994141
0.686399999999641,1.26592398286345,1.05055701285242,0.215366970011031
0.690171428571068,1.26562897687993,1.05077826734005,0.214850709539877
0.693942857142494,1.26533467806116,1.05099899145413,0.214335686607024
0.697714285713921,1.26504108471197,1.05121918646602,0.213821898245944
0.701485714285347,1.26474819514127,1.05143885364405,0.21330934149722
0.705257142856774,1.26445600766202,1.05165799425349,0.212798013408529
0.709028571428201,1.26416452059121,1.05187660955659,0.212287911034626
0.712799999999627,1.2638737322499,1.05209470081257,0.211779031437326
0.716571428571054,1.26358364096313,1.05231226927765,0.211271371685486
0.72034285714248,1.26329424505999,1.052529316205,0.210764928854991
0.724114285713907,1.26300554287356,1.05274584284483,0.210259700028733
0.727885714285334,1.26271753274091,1.05296185044431,0.209755682296599
0.73165714285676,1.26243021300311,1.05317734024766,0.209252872755451
0.735428571428187,1.26214358200521,1.05339231349609,0.208751268509111
0.739199999999613,1.2618576380962,1.05360677142785,0.208250866668342
0.74297142857104,1.26157237962905,1.05382071527821,0.207751664350833
0.746742857142467,1.26128780496068,1.05403414627949,0.207253658681183
0.750514285713893,1.26100391245193,1.05424706566105,0.206756846790885
0.75428571428532,1.2607207004676,1.0544594746493,0.206261225818305
0.758057142856746,1.26043816737638,1.05467137446771,0.20576679290867
0.761828571428173,1.26015631155089,1.05488276633683,0.205273545214052
0.7655999999996,1.25987513136763,1.05509365147428,0.204781479893348
0.769371428571026,1.25959462520701,1.05530403109474,0.204290594112265
0.773142857142453,1.25931479145332,1.05551390641001,0.203800885043306
0.776914285713879,1.25903562849471,1.05572327862896,0.20331234986575
0.780685714285306,1.25875713472322,1.05593214895758,0.202824985765639
0.784457142856733,1.25847930853472,1.05614051859896,0.202338789935759
0.788228571428159,1.25820214832893,1.0563483887533,0.201853759575628
0.791999999999586,1.25792565250941,1.05655576061794,0.201369891891473
0.795771428571012,1.25764981948355,1.05676263538733,0.200887184096221
0.799542857142439,1.25737464766256,1.05696901425308,0.20040563340948
0.803314285713866,1.25710013546144,1.05717489840392,0.19992523705752
0.807085714285292,1.25682628129901,1.05738028902574,0.199445992273264
0.810857142856719,1.25655308359787,1.0575851873016,0.198967896296265
0.814628571428145,1.2562805407844,1.0577895944117,0.198490946372695
0.818399999999572,1.25600865128876,1.05799351153343,0.198015139755325
0.822171428570999,1.25573741354486,1.05819693984135,0.197540473703514
0.825942857142425,1.25546682599039,1.0583998805072,0.197066945483189
0.829714285713852,1.25519688706676,1.05860233469993,0.196594552366831
0.833485714285278,1.25492759521912,1.05880430358566,0.196123291633461
0.837257142856705,1.25465894889635,1.05900578832773,0.19565316056862
0.841028571428132,1.25439094655106,1.0592067900867,0.195184156464357
0.844799999999558,1.25412358663955,1.05940731002034,0.194716276619212
0.848571428570985,1.25385686762183,1.05960734928363,0.194249518338202
0.852342857142411,1.2535907879616,1.0598069090288,0.193783878932802
0.856114285713838,1.25332534612625,1.06000599040531,0.193319355720934
0.859885714285265,1.25306054058683,1.06020459455988,0.192855946026947
0.863657142856691,1.25279636981806,1.06040272263645,0.192393647181606
0.867428571428118,1.25253283229833,1.06060037577625,0.191932456522073
0.871199999999544,1.25226992650965,1.06079755511776,0.191472371391894
0.874971428570971,1.2520076509377,1.06099426179672,0.191013389140983
0.878742857142398,1.25174600407177,1.06119049694617,0.190555507125604
0.882514285713824,1.25148498440478,1.06138626169642,0.190098722708363
0.886285714285251,1.25122459043325,1.06158155717506,0.189643033258183
0.890057142856677,1.25096482065731,1.06177638450701,0.189188436150298
0.893828571428104,1.2507056735807,1.06197074481447,0.188734928766233
0.897599999999531,1.25044714771074,1.06216463921695,0.188282508493788
0.901371428570957,1.2501892415583,1.06235806883127,0.187831172727027
0.905142857142384,1.24993195363786,1.0625510347716,0.187380918866258
0.90891428571381,1.24967528246744,1.06274353814942,0.186931744318025
0.912685714285237,1.24941922656862,1.06293558007354,0.186483646495084
0.916457142856664,1.24916378446651,1.06312716165012,0.186036622816397
0.92022857142809,1.24890895468978,1.06331828398267,0.185590670707111
0.923999999999517,1.2486547357706,1.06350894817205,0.185145787598544
0.927771428570943,1.24840112624467,1.0636991553165,0.184701970928175
0.93154285714237,1.24814812465121,1.06388890651159,0.184259218139623
0.935314285713797,1.24789572953293,1.0640782028503,0.183817526682636
0.939085714285223,1.24764393943604,1.06426704542297,0.183376894013073
0.94285714285665,1.24739275291023,1.06445543531733,0.182937317592896
0.946628571428076,1.24714216850866,1.06464337361851,0.182498794890147
0.950399999999503,1.24689218478796,1.06483086140903,0.182061323378939
0.95417142857093,1.24664280030825,1.06501789976881,0.18162490053944
0.957942857142356,1.24639401363306,1.0652044897752,0.181189523857858
0.961714285713783,1.24614582332939,1.06539063250296,0.180755190826427
0.965485714285209,1.24589822796765,1.06557632902426,0.180321898943392
0.969257142856636,1.24565122612171,1.06576158040872,0.179889645712996
0.973028571428063,1.24540481636884,1.06594638772337,0.179458428645464
0.976799999999489,1.24515899728971,1.06613075203272,0.179028245256988
0.980571428570916,1.24491376746841,1.06631467439869,0.178599093069717
0.984342857142342,1.24466912549242,1.06649815588068,0.178170969611737
0.988114285713769,1.24442506995261,1.06668119753555,0.177743872417061
0.991885714285196,1.24418159944321,1.06686380041759,0.177317799025612
0.995657142856622,1.24393871256183,1.06704596557862,0.17689274698321
0.999428571428049,1.24369640790946,1.0672276940679,0.176468713841561
1.00319999999948,1.24345468409042,1.06740898693218,0.176045697158236
1.0069714285709,1.24321353971238,1.06758984521572,0.175623694496664
1.01074285714233,1.24297297338635,1.06777026996024,0.175202703426111
1.01451428571376,1.24273298372667,1.067950262205,0.174782721521674
1.01828571428518,1.242493569351,1.06812982298675,0.174363746364259
1.02205714285661,1.24225472888033,1.06830895333975,0.173945775540573
1.02582857142803,1.24201646093892,1.06848765429581,0.173528806643108
1.02959999999946,1.24177876415436,1.06866592688423,0.173112837270127
1.03337142857089,1.24154163715751,1.06884377213186,0.17269786502565
1.03714285714231,1.24130507858254,1.0690211910631,0.172283887519438
1.04091428571374,1.24106908706685,1.06919818469986,0.171870902366987
1.04468571428517,1.24083366125115,1.06937475406164,0.171458907189504
1.04845714285659,1.24059879977937,1.06955090016547,0.171047899613901
1.05222857142802,1.24036450129873,1.06972662402595,0.170637877272778
1.05599999999945,1.24013076445966,1.06990192665525,0.170228837804409
1.05977142857087,1.23989758791585,1.07007680906312,0.169820778852731
1.0635428571423,1.23966497032419,1.07025127225686,0.169413698067326
1.06731428571373,1.23943291034481,1.07042531724139,0.169007593103415
1.07108571428515,1.23920140664105,1.07059894501921,0.168602461621834
1.07485714285658,1.23897045787945,1.07077215659042,0.16819830128903
1.07862857142801,1.23874006272974,1.0709449529527,0.167795109777043
1.08239999999943,1.23851021986485,1.07111733510136,0.167392884763494
1.08617142857086,1.2382809279609,1.07128930402933,0.166991623931569
1.08994285714229,1.23805218569715,1.07146086072714,0.166591324970009
1.09371428571371,1.23782399175605,1.07163200618296,0.166191985573096
1.09748571428514,1.23759634482322,1.07180274138258,0.165793603440638
1.10125714285657,1.2373692435874,1.07197306730945,0.165396176277958
1.10502857142799,1.2371426867405,1.07214298494462,0.164999701795878
1.10879999999942,1.23691667297755,1.07231249526684,0.164604177710708
1.11257142857085,1.2366912009967,1.07248159925247,0.164209601744233
1.11634285714227,1.23646626949926,1.07265029787556,0.163815971623699
1.1201142857137,1.2362418771896,1.0728185921078,0.1634232850818
1.12388571428513,1.23601802277524,1.07298648291857,0.163031539856664
1.12765714285655,1.23579470496677,1.07315397127492,0.162640733691842
1.13142857142798,1.23557192247788,1.07332105814159,0.162250864336293
1.13519999999941,1.23534967402536,1.07348774448098,0.161861929544375
1.13897142857083,1.23512795832904,1.07365403125322,0.161473927075825
1.14274285714226,1.23490677411186,1.07381991941611,0.161086854695752
1.14651428571369,1.23468612009978,1.07398540992516,0.160700710174623
1.15028571428511,1.23446599502186,1.07415050373361,0.160315491288248
1.15405714285654,1.23424639761015,1.07431520179238,0.15993119581777
1.15782857142797,1.2340273265998,1.07447950505015,0.159547821549651
1.16159999999939,1.23380878072895,1.07464341445329,0.159165366275657
1.16537142857082,1.23359075873877,1.07480693094592,0.158783827792849
1.16914285714225,1.23337325937347,1.0749700554699,0.15840320390357
1.17291428571367,1.23315628138024,1.07513278896482,0.158023492415428
1.1766857142851,1.23293982350931,1.07529513236802,0.157644691141288
1.18045714285653,1.23272388451386,1.0754570866146,0.157266797899259
1.18422857142795,1.2325084631501,1.07561865263742,0.156889810512678
1.18799999999938,1.2322935581772,1.0757798313671,0.156513726810101
1.19177142857081,1.23207916835731,1.07594062373202,0.156138544625289
1.19554285714223,1.23186529245554,1.07610103065834,0.155764261797196
1.19931428571366,1.23165192923997,1.07626105307002,0.155390876169956
1.20308571428509,1.23143907748164,1.07642069188877,0.15501838559287
1.20685714285651,1.23122673595451,1.07657994803412,0.154646787920397
1.21062857142794,1.23101490343551,1.07673882242337,0.154276081012137
1.21439999999936,1.23080357870447,1.07689731597165,0.15390626273282
1.21817142857079,1.23059276054417,1.07705542959187,0.153537330952298
1.22194285714222,1.2303824477403,1.07721316419478,0.153169283545524
1.22571428571364,1.23017263908146,1.07737052068891,0.152802118392551
1.22948571428507,1.22996333335915,1.07752749998064,0.152435833378509
1.2332571428565,1.22975452936777,1.07768410297417,0.1520704263936
1.23702857142792,1.22954622590462,1.07784033057154,0.151705895333083
1.24079999999935,1.22933842176986,1.0779961836726,0.151342238097261
1.24457142857078,1.22913111576656,1.07815166317508,0.150979452591472
1.2483428571422,1.22892430670061,1.07830676997454,0.150617536726076
1.25211428571363,1.22871799338082,1.07846150496438,0.150256488416438
1.25588571428506,1.22851217461881,1.07861586903589,0.149896305582924
1.25965714285648,1.22830684922908,1.07876986307819,0.149536986150884
1.26342857142791,1.22810201602894,1.0789234879783,0.149178528050642
1.26719999999934,1.22789767383856,1.07907674462108,0.14882092921748
1.27097142857076,1.22769382148093,1.0792296338893,0.148464187591633
1.27474285714219,1.22749045778187,1.0793821566636,0.148108301118273
1.27851428571362,1.22728758157,1.0795343138225,0.147753267747496
1.28228571428504,1.22708519167675,1.07968610624244,0.147399085434312
1.28605714285647,1.22688328693636,1.07983753479773,0.147045752138635
1.2898285714279,1.22668186618587,1.0799886003606,0.146693265825268
1.29359999999932,1.22648092826508,1.08013930380119,0.146341624463892
1.29737142857075,1.2262804720166,1.08028964598755,0.145990826029056
1.30114285714218,1.22608049628581,1.08043962778564,0.145640868500164
1.3049142857136,1.22588099992084,1.08058925005937,0.145291749861465
1.30868571428503,1.22568198177259,1.08073851367056,0.144943468102036
1.31245714285646,1.22548344069473,1.08088741947895,0.144596021215778
1.31622857142788,1.22528537554366,1.08103596834226,0.144249407201401
1.31999999999931,1.22508778517852,1.08118416111611,0.14390362406241
1.32377142857074,1.2248906684612,1.0813319986541,0.143558669807096
1.32754285714216,1.2246940242563,1.08147948180777,0.143214542448527
1.33131428571359,1.22449785143116,1.08162661142663,0.142871240004532
1.33508571428502,1.22430214885582,1.08177338835813,0.142528760497692
1.33885714285644,1.22410691540304,1.08191981344772,0.142187101955327
1.34262857142787,1.22391214994828,1.08206588753879,0.141846262409487
1.3463999999993,1.22371785136968,1.08221161147274,0.141506239896939
1.35017142857072,1.22352401854809,1.08235698608893,0.141167032459157
1.35394285714215,1.22333065036703,1.08250201222473,0.140828638142307
1.35771428571358,1.22313774571271,1.08264669071547,0.140491054997243
1.361485714285,1.22294530347399,1.08279102239451,0.140154281079487
1.36525714285643,1.22275332254241,1.08293500809319,0.139818314449225
1.36902857142786,1.22256180181217,1.08307864864087,0.139483153171292
1.37279999999928,1.22237074018009,1.08322194486493,0.139148795315161
1.37657142857071,1.22218013654568,1.08336489759074,0.138815238954934
1.38034285714214,1.22198998981105,1.08350750764172,0.13848248216933
1.38411428571356,1.22180029888095,1.08364977583928,0.138150523041672
1.38788571428499,1.22161106266279,1.08379170300291,0.137819359659877
1.39165714285642,1.22142228006654,1.08393328995009,0.137488990116448
1.39542857142784,1.22123395000483,1.08407453749637,0.137159412508459
1.39919999999927,1.22104607139288,1.08421544645534,0.136830624937546
1.40297142857069,1.22085864314851,1.08435601763862,0.136502625509895
1.40674285714212,1.22067166419213,1.0844962518559,0.136175412336232
1.41051428571355,1.22048513344675,1.08463614991494,0.135848983531812
1.41428571428497,1.22029904983795,1.08477571262154,0.135523337216408
1.4180571428564,1.22011341229388,1.08491494077959,0.135198471514299
1.42182857142783,1.21992821974529,1.08505383519103,0.134874384554261
1.42559999999925,1.21974347112546,1.0851923966559,0.134551074469558
1.42937142857068,1.21955916537024,1.08533062597232,0.134228539397925
1.43314285714211,1.21937530141804,1.08546852393647,0.133906777481563
1.43691428571353,1.21919187820979,1.08560609134266,0.133585786867125
1.44068571428496,1.21900889468898,1.08574332898327,0.133265565705709
1.44445714285639,1.21882634980162,1.08588023764878,0.132946112152844
1.44822857142781,1.21864424249627,1.08601681812779,0.13262742436848
1.45199999999924,1.21846257172399,1.08615307120701,0.132309500516977
1.45577142857067,1.21828133643834,1.08628899767124,0.131992338767097
1.45954285714209,1.21810053559542,1.08642459830343,0.13167593729199
1.46331428571352,1.21792016815382,1.08655987388463,0.131360294269188
1.46708571428495,1.21774023307462,1.08669482519403,0.131045407880589
1.47085714285637,1.2175607293214,1.08682945300895,0.130731276312449
1.4746285714278,1.21738165586021,1.08696375810484,0.130417897755374
1.47839999999923,1.2172030116596,1.0870977412553,0.130105270404306
1.48217142857065,1.21702479569058,1.08723140323207,0.129793392458514
1.48594285714208,1.21684700692662,1.08736474480504,0.129482262121583
1.48971428571351,1.21666964434366,1.08749776674225,0.129171877601405
1.49348571428493,1.2164927069201,1.08763046980993,0.128862237110169
1.49725714285636,1.21631619363677,1.08776285477242,0.128553338864346
1.50102857142779,1.21614010347696,1.08789492239228,0.128245181084687
1.50479999999921,1.2159644354264,1.0880266734302,0.127937761996205
1.50857142857064,1.21578918847324,1.08815810864507,0.127631079828168
1.51234285714207,1.21561436160805,1.08828922879396,0.127325132814089
1.51611428571349,1.21543995382384,1.08842003463212,0.127019919191717
1.51988571428492,1.21526596411601,1.08855052691299,0.126715437203023
1.52365714285635,1.2150923914824,1.0886807063882,0.126411685094195
1.52742857142777,1.21491923492321,1.08881057380759,0.126108661115621
1.5311999999992,1.21474649344108,1.08894012991919,0.125806363521887
1.53497142857063,1.21457416604101,1.08906937546925,0.12550479057176
1.53874285714205,1.21440225173039,1.08919831120221,0.125203940528184
1.54251428571348,1.21423074951901,1.08932693786074,0.124903811658264
1.54628571428491,1.21405965841901,1.08945525618574,0.124604402233261
1.55005714285633,1.2138889774449,1.08958326691632,0.124305710528579
1.55382857142776,1.21371870561357,1.08971097078982,0.124007734823756
1.55759999999919,1.21354884194426,1.0898383685418,0.123710473402454
1.56137142857061,1.21337938545854,1.08996546090609,0.123413924552451
1.56514285714204,1.21321033518036,1.09009224861473,0.123118086565627
1.56891428571347,1.21304169013598,1.09021873239802,0.122822957737958
1.57268571428489,1.212873449354,1.0903449129845,0.122528536369505
1.57645714285632,1.21270561186537,1.09047079110097,0.122234820764402
1.58022857142775,1.21253817670334,1.09059636747249,0.12194180923085
1.58399999999917,1.21237114290349,1.09072164282238,0.121649500081106
1.5877714285706,1.2122045095037,1.09084661787223,0.121357891631471
1.59154285714202,1.21203827554416,1.09097129334188,0.121066982202283
1.59531428571345,1.21187244006737,1.09109566994947,0.120776770117905
1.59908571428488,1.21170700211812,1.09121974841141,0.120487253706719
1.6028571428563,1.21154196074349,1.09134352944238,0.120198431301113
1.60662857142773,1.21137731499284,1.09146701375537,0.119910301237472
1.61039999999916,1.21121306391781,1.09159020206164,0.119622861856169
1.61417142857058,1.21104920657232,1.09171309507076,0.119336111501555
1.61794285714201,1.21088574201254,1.09183569349059,0.119050048521952
1.62171428571344,1.21072266929694,1.0919579980273,0.118764671269638
1.62548571428486,1.2105599874862,1.09208000938535,0.118479978100843
1.62925714285629,1.21039769564328,1.09220172826754,0.118195967375738
1.63302857142772,1.21023579283338,1.09232315537496,0.117912637458421
1.63679999999914,1.21007427812395,1.09244429140704,0.117629986716916
1.64057142857057,1.20991315058466,1.0925651370615,0.117348013523156
1.644342857142,1.20975240928742,1.09268569303444,0.117066716252979
1.64811428571342,1.20959205330635,1.09280596002024,0.116786093286114
1.65188571428485,1.20943208171781,1.09292593871164,0.116506143006175
1.65565714285628,1.20927249360037,1.09304562979972,0.116226863800651
1.6594285714277,1.2091132880348,1.0931650339739,0.115948254060897
1.66319999999913,1.20895446410407,1.09328415192195,0.115670312182121
1.66697142857056,1.20879602089336,1.09340298432998,0.115393036563383
1.67074285714198,1.20863795749004,1.09352153188247,0.115116425607575
1.67451428571341,1.20848027298367,1.09363979526225,0.114840477721422
1.67828571428484,1.20832296646598,1.09375777515051,0.114565191315465
1.68205714285626,1.20816603703089,1.09387547222683,0.114290564804059
1.68582857142769,1.20800948377449,1.09399288716913,0.114016596605355
1.68959999999912,1.20785330579503,1.09411002065373,0.113743285141299
1.69337142857054,1.20769750219293,1.09422687335531,0.113470628837621
1.69714285714197,1.20754207207075,1.09434344594693,0.113198626123821
1.7009142857134,1.20738701453324,1.09445973910007,0.112927275433166
1.70468571428482,1.20723232868724,1.09457575348457,0.112656575202679
1.70845714285625,1.20707801364179,1.09469148976866,0.112386523873128
1.71222857142768,1.20692406850801,1.09480694861899,0.112117119889021
1.7159999999991,1.2067704923992,1.0949221307006,0.111848361698592
1.71977142857053,1.20661728443074,1.09503703667694,0.111580247753796
1.72354285714196,1.20646444372017,1.09515166720987,0.1113127765103
1.72731428571338,1.20631196938713,1.09526602295966,0.111045946427471
1.73108571428481,1.20615986055335,1.09538010458498,0.11077975596837
1.73485714285624,1.20600811634271,1.09549391274297,0.110514203599742
1.73862857142766,1.20585673588115,1.09560744808914,0.110249287792008
1.74239999999909,1.20570571829672,1.09572071127746,0.109985007019255
1.74617142857052,1.20555506271956,1.09583370296033,0.109721359759229
1.74994285714194,1.2054047682819,1.09594642378858,0.109458344493322
1.75371428571337,1.20525483411804,1.09605887441147,0.109195959706569
1.7574857142848,1.20510525936436,1.09617105547673,0.108934203887637
1.76125714285622,1.20495604315932,1.09628296763051,0.108673075528813
1.76502857142765,1.20480718464343,1.09639461151743,0.108412573126
1.76879999999907,1.20465868295926,1.09650598778055,0.108152695178708
1.7725714285705,1.20451053725145,1.09661709706141,0.10789344019004
1.77634285714193,1.20436274666668,1.09672793999999,0.107634806666691
1.78011428571335,1.20421531035368,1.09683851723474,0.107376793118934
1.78388571428478,1.20406822746321,1.09694882940259,0.107119398060612
1.78765714285621,1.20392149714808,1.09705887713894,0.106862620009132
1.79142857142763,1.20377511856312,1.09716866107766,0.106606457485455
1.79519999999906,1.20362909086519,1.09727818185111,0.106350909014087
1.79897142857049,1.20348341321318,1.09738744009011,0.10609597312307
1.80274285714191,1.20333808476799,1.09749643642401,0.105841648343976
1.80651428571334,1.20319310469251,1.09760517148062,0.105587933211897
1.81028571428477,1.20304847215168,1.09771364588624,0.105334826265436
1.81405714285619,1.2029041863124,1.0978218602657,0.105082326046698
1.81782857142762,1.20276024634359,1.09792981524231,0.104830431101284
1.82159999999905,1.20261665141616,1.09803751143788,0.104579139978282
1.82537142857047,1.202473400703,1.09814494947275,0.104328451230256
1.8291428571419,1.202330493379,1.09825212996575,0.104078363413242
1.83291428571333,1.20218792862099,1.09835905353426,0.103828875086736
1.83668571428475,1.20204570560782,1.09846572079413,0.103579984813688
1.84045714285618,1.20190382352028,1.09857213235979,0.10333169116049
1.84422857142761,1.20176228154113,1.09867828884415,0.103083992696975
1.84799999999903,1.20162107885509,1.09878419085869,0.1028368879964
1.85177142857046,1.20148021464883,1.09888983901338,0.102590375635446
1.85554285714189,1.20133968811097,1.09899523391677,0.102344454194202
1.85931428571331,1.20119949843209,1.09910037617593,0.102099122256163
1.86308571428474,1.2010596448047,1.09920526639648,0.10185437840822
1.86685714285617,1.20092012642323,1.09930990518258,0.101610221240649
1.87062857142759,1.20078094248406,1.09941429313695,0.101366649347108
1.87439999999902,1.2006420921855,1.09951843086088,0.101123661324624
1.87817142857045,1.20050357472776,1.09962231895418,0.100881255773589
1.88194285714187,1.200365389313,1.09972595801525,0.100639431297748
1.8857142857133,1.20022753514525,1.09982934864106,0.100398186504195
1.88948571428473,1.20009001143049,1.09993249142713,0.100157520003361
1.89325714285615,1.19995281737658,1.10003538696757,0.0999174304090098
1.89702857142758,1.19981595219327,1.10013803585505,0.0996779163382273
1.90079999999901,1.19967941509224,1.10024043868082,0.0994389764114136
1.90457142857043,1.19954320528702,1.10034259603474,0.0992006092522775
1.90834285714186,1.19940732199304,1.10044450850522,0.0989628134878262
1.91211428571329,1.19927176442763,1.10054617667928,0.0987255877483575
1.91588571428471,1.19913653180997,1.10064760114252,0.0984889306674532
1.91965714285614,1.19900162336113,1.10074878247916,0.0982528408819709
1.92342857142757,1.19886703830402,1.10084972127198,0.0980173170320353
1.92719999999899,1.19873277586345,1.10095041810242,0.0977823577610308
1.93097142857042,1.19859883526605,1.10105087355046,0.0975479617155939
1.93474285714185,1.19846521574035,1.10115108819474,0.0973141275456055
1.93851428571327,1.19833191651668,1.10125106261249,0.0970808539041825
1.9422857142847,1.19819893682724,1.10135079737957,0.096848139447671
1.94605714285613,1.19806627590608,1.10145029307044,0.0966159828356374
1.94982857142755,1.19793393298906,1.1015495502582,0.0963843827308617
1.95359999999898,1.1978019073139,1.10164856951457,0.0961533377993293
1.9573714285704,1.19767019812013,1.1017473514099,0.0959228467102231
1.96114285714183,1.19753880464909,1.10184589651318,0.0956929081359161
1.96491428571326,1.19740772614398,1.10194420539201,0.0954635207519647
1.96868571428468,1.19727696184977,1.10204227861267,0.0952346832370992
1.97245714285611,1.19714651101327,1.10214011674005,0.0950063942732171
1.97622857142754,1.19701637288307,1.1022377203377,0.094778652545376
1.97999999999896,1.19688654670959,1.10233508996781,0.0945514567417856
1.98377142857039,1.19675703174503,1.10243222619123,0.0943248055538002
1.98754285714182,1.19662782724338,1.10252912956747,0.0940986976759102
1.99131428571324,1.19649893246042,1.10262580065468,0.0938731318057366
1.99508571428467,1.19637034665373,1.1027222400097,0.0936481066440216
1.9988571428561,1.19624206908264,1.10281844818802,0.0934236208946222
2.00262857142752,1.19611409900829,1.10291442574378,0.0931996732645028
2.00639999999895,1.19598643569356,1.10301017322983,0.092976262463726
2.01017142857038,1.19585907840311,1.10310569119766,0.0927533872054485
2.0139428571418,1.19573202640338,1.10320098019747,0.0925310462059097
2.01771428571323,1.19560527896253,1.1032960407781,0.0923092381844279
2.02148571428466,1.19547883535051,1.10339087348712,0.0920879618633905
2.02525714285608,1.195352694839,1.10348547887075,0.0918672159682477
2.02902857142751,1.19522685670143,1.10357985747393,0.0916469992275053
2.03279999999894,1.19510132021298,1.10367400984026,0.0914273103727163
2.03657142857036,1.19497608465056,1.10376793651208,0.0912081481384748
2.04034285714179,1.1948511492928,1.1038616380304,0.0909895112624084
2.04411428571322,1.1947265134201,1.10395511493493,0.0907713984851704
2.04788571428464,1.19460217631453,1.1040483677641,0.0905538085504327
2.05165714285607,1.19447813725993,1.10414139705505,0.0903367402048796
2.0554285714275,1.19435439554183,1.10423420334363,0.0901201921981989
2.05919999999892,1.19423095044747,1.1043267871644,0.0899041632830762
2.06297142857035,1.19410780126582,1.10441914905063,0.0896886522151863
2.06674285714178,1.19398494728754,1.10451128953435,0.0894736577531874
2.0705142857132,1.19386238780498,1.10460320914627,0.0892591786587134
2.07428571428463,1.19374012211221,1.10469490841584,0.0890452136963662
2.07805714285606,1.19361814950498,1.10478638787127,0.0888317616337098
2.08182857142748,1.19349646928072,1.10487764803946,0.0886188212412615
2.08559999999891,1.19337508073856,1.10496868944608,0.0884063912924871
2.08937142857034,1.19325398317931,1.10505951261552,0.0881944705637911
2.09314285714176,1.19313317590544,1.10515011807092,0.0879830578345124
2.09691428571319,1.19301265822109,1.10524050633418,0.0877721518869155
2.10068571428462,1.1928924294321,1.10533067792592,0.0875617515061837
2.10445714285604,1.19277248884595,1.10542063336554,0.0873518554804125
2.10822857142747,1.19265283577177,1.10551037317117,0.0871424626006025
2.1119999999989,1.19253346952037,1.10559989785972,0.0869335716606527
2.11577142857032,1.1924143894042,1.10568920794685,0.0867251814573526
2.11954285714175,1.19229559473736,1.10577830394698,0.0865172907903768
2.12331428571318,1.19217708483559,1.10586718637331,0.0863098984622768
2.1270857142846,1.19205885901627,1.1059558557378,0.0861030032784742
2.13085714285603,1.19194091659843,1.10604431255118,0.0858966040472544
2.13462857142745,1.19182325690272,1.10613255732296,0.0856906995797599
2.13839999999888,1.19170587925142,1.10622059056144,0.0854852886899826
2.14217142857031,1.19158878296843,1.10630841277368,0.0852803701947573
2.14594285714173,1.19147196737929,1.10639602446553,0.0850759429137553
2.14971428571316,1.19135543181113,1.10648342614165,0.0848720056694772
2.15348571428459,1.19123917559271,1.10657061830547,0.0846685572872461
2.15725714285601,1.1911231980544,1.1066576014592,0.0844655965952008
2.16102857142744,1.19100749852817,1.10674437610388,0.0842631224242896
2.16479999999887,1.19089207634758,1.10683094273932,0.0840611336082635
2.16857142857029,1.19077693084781,1.10691730186414,0.0838596289836677
2.17234285714172,1.19066206136562,1.10700345397578,0.0836586073898373
2.17611428571315,1.19054746723937,1.10708939957048,0.0834580676688905
2.17988571428457,1.19043314780898,1.10717513914326,0.0832580086657191
2.183657142856,1.19031910241599,1.10726067318801,0.0830584292279859
2.18742857142743,1.19020533040349,1.10734600219738,0.0828593282061141
2.19119999999885,1.19009183111616,1.10743112666288,0.0826607044532837
2.19497142857028,1.18997860390024,1.10751604707482,0.082462556825424
2.19874285714171,1.18986564810355,1.10760076392234,0.0822648841812059
2.20251428571313,1.18975296307545,1.10768527769341,0.0820676853820368
2.20628571428456,1.18964054816689,1.10776958887483,0.081870959292053
2.21005714285599,1.18952840273035,1.10785369795224,0.0816747047781141
2.21382857142741,1.18941652611988,1.10793760541009,0.0814789207097957
2.21759999999884,1.18930491769108,1.10802131173169,0.0812836059593831
2.22137142857027,1.18919357680107,1.1081048173992,0.081088759401865
2.22514285714169,1.18908250280853,1.1081881228936,0.0808943799149269
2.22891428571312,1.18897169507368,1.10827122869474,0.0807004663789443
2.23268571428455,1.18886115295827,1.1083541352813,0.0805070176769773
2.23645714285597,1.18875087582558,1.10843684313082,0.0803140326947627
2.2402285714274,1.1886408630404,1.1085193527197,0.0801215103207087
2.24399999999883,1.18853111396908,1.10860166452319,0.0799294494458882
2.24777142857025,1.18842162797945,1.10868377901541,0.0797378489640317
2.25154285714168,1.18831240444087,1.10876569666935,0.0795467077715222
2.25531428571311,1.18820344272422,1.10884741795683,0.0793560247673881
2.25908571428453,1.18809474220188,1.10892894334859,0.0791657988532972
2.26285714285596,1.18798630224774,1.10901027331419,0.078976028933549
2.26662857142739,1.18787812223718,1.10909140832211,0.0787867139150713
2.27039999999881,1.18777020154709,1.10917234883968,0.0785978527074103
2.27417142857024,1.18766253955584,1.10925309533312,0.0784094442227277
2.27794285714167,1.18755513564331,1.10933364826752,0.0782214873757918
2.28171428571309,1.18744798919084,1.10941400810687,0.0780339810839727
2.28548571428452,1.18734109958128,1.10949417531404,0.0778469242672362
2.28925714285595,1.18723446619893,1.1095741503508,0.0776603158481359
2.29302857142737,1.1871280884296,1.1096539336778,0.0774741547518092
2.2967999999988,1.18702196566055,1.10973352575458,0.0772884399059699
2.30057142857023,1.18691609728051,1.10981292703961,0.0771031702409015
2.30434285714165,1.18681048267969,1.10989213799023,0.076918344689453
2.30811428571308,1.18670512124973,1.1099711590627,0.0767339621870304
2.31188571428451,1.18660001238377,1.11004999071217,0.0765500216715918
2.31565714285593,1.18649515547637,1.11012863339272,0.0763665220836416
2.31942857142736,1.18639054992356,1.11020708755733,0.0761834623662239
2.32319999999878,1.18628619512281,1.11028535365789,0.0760008414649158
2.32697142857021,1.18618209047304,1.11036343214522,0.0758186583278226
2.33074285714164,1.18607823537461,1.11044132346904,0.0756369119055713
2.33451428571306,1.18597462922932,1.11051902807801,0.0754556011513035
2.33828571428449,1.18587127144038,1.11059654641971,0.0752747250206709
2.34205714285592,1.18576816141247,1.11067387894064,0.0750942824718286
2.34582857142734,1.18566529855167,1.11075102608624,0.074914272465429
2.34959999999877,1.18556268226549,1.11082798830088,0.0747346939646161
2.3533714285702,1.18546031196287,1.11090476602785,0.0745555459350187
2.35714285714162,1.18535818705414,1.11098135970939,0.0743768273447463
2.36091428571305,1.18525630695107,1.11105776978669,0.074198537164381
2.36468571428448,1.18515467106684,1.11113399669987,0.0740206743669727
2.3684571428559,1.18505327881602,1.11121004088799,0.0738432379280336
2.37222857142733,1.18495212961459,1.11128590278906,0.0736662268255308
2.37599999999876,1.18485122287993,1.11136158284005,0.0734896400398819
2.37977142857018,1.18475055803083,1.11143708147688,0.0733134765539487
2.38354285714161,1.18465013448745,1.11151239913441,0.0731377353530309
2.38731428571304,1.18454995167135,1.11158753624649,0.0729624154248609
2.39108571428446,1.18445000900548,1.11166249324589,0.0727875157595967
2.39485714285589,1.18435030591418,1.11173727056436,0.0726130353498184
2.39862857142732,1.18425084182315,1.11181186863263,0.07243897319052
2.40239999999874,1.18415161615949,1.11188628788038,0.0722653282791048
2.40617142857017,1.18405262835165,1.11196052873627,0.0720920996153795
2.4099428571416,1.18395387782946,1.11203459162791,0.0719192862015487
2.41371428571302,1.18385536402412,1.11210847698191,0.0717468870422089
2.41748571428445,1.18375708636819,1.11218218522385,0.0715749011443412
2.42125714285588,1.1836590442956,1.1122557167783,0.0714033275173094
2.4250285714273,1.18356123724163,1.11232907206878,0.0712321651728505
2.42879999999873,1.1834636646429,1.11240225151783,0.0710614131250706
2.43257142857016,1.18336632593739,1.11247525554695,0.0708910703904395
2.43634285714158,1.18326922056445,1.11254808457666,0.0707211359877846
2.44011428571301,1.18317234796473,1.11262073902645,0.0705516089382845
2.44388571428444,1.18307570758027,1.1126932193148,0.0703824882654658
2.44765714285586,1.1829792988544,1.1127655258592,0.0702137729951939
2.45142857142729,1.18288312123181,1.11283765907614,0.0700454621556714
2.45519999999872,1.18278717415853,1.1129096193811,0.069877554777428
2.45897142857014,1.1826914570819,1.11298140718858,0.0697100498933192
2.46274285714157,1.18259596945058,1.11305302291206,0.0695429465385182
2.466514285713,1.18250071071458,1.11312446696407,0.069376243750511
2.47028571428442,1.18240568032519,1.1131957397561,0.0692099405690911
2.47405714285585,1.18231087773506,1.11326684169871,0.0690440360363533
2.47782857142728,1.18221630239811,1.11333777320142,0.0688785291966891
2.4815999999987,1.18212195376959,1.11340853467281,0.0687134190967804
2.48537142857013,1.18202783130605,1.11347912652046,0.0685487047855946
2.48914285714156,1.18193393446536,1.11354954915098,0.0683843853143782
2.49291428571298,1.18184026270666,1.11361980297001,0.0682204597366527
2.49668571428441,1.1817468154904,1.1136898883822,0.0680569271082081
2.50045714285584,1.18165359227834,1.11375980579124,0.0678937864870977
2.50422857142726,1.1815605925335,1.11382955559987,0.0677310369336328
2.50799999999869,1.18146781572022,1.11389913820984,0.0675686775103777
2.51177142857011,1.18137526130408,1.11396855402194,0.0674067072821434
2.51554285714154,1.18128292875199,1.11403780343601,0.0672451253159827
2.51931428571297,1.1811908175321,1.11410688685092,0.0670839306811843
2.52308571428439,1.18109892711387,1.1141758046646,0.0669231224492692
2.52685714285582,1.18100725696799,1.11424455727401,0.066762699693983
2.53062857142725,1.18091580656645,1.11431314507516,0.0666026614912918
2.53439999999867,1.1808245753825,1.11438156846312,0.0664430069193771
2.5381714285701,1.18073356289065,1.11444982783202,0.0662837350586296
2.54194285714153,1.18064276856665,1.11451792357501,0.0661248449916449
2.54571428571295,1.18055219188755,1.11458585608433,0.0659663358032181
2.54948571428438,1.18046183233162,1.11465362575128,0.0658082065803367
2.55325714285581,1.18037168937839,1.11472123296621,0.0656504564121783
2.55702857142723,1.18028176250863,1.11478867811853,0.0654930843901027
2.56079999999866,1.18019205120437,1.11485596159672,0.0653360896076487
2.56457142857009,1.18010255494887,1.11492308378834,0.0651794711605278
2.56834285714151,1.18001327322664,1.11499004508002,0.0650232281466188
2.57211428571294,1.17992420552341,1.11505684585744,0.0648673596659632
2.57588571428437,1.17983535132615,1.11512348650539,0.0647118648207599
2.57965714285579,1.17974671012306,1.1151899674077,0.0645567427153602
2.58342857142722,1.17965828140358,1.11525628894732,0.0644019924562615
2.58719999999865,1.17957006465834,1.11532245150624,0.0642476131521039
2.59097142857007,1.17948205937924,1.11538845546557,0.0640936039136639
2.5947428571415,1.17939426505934,1.11545430120549,0.06393996385385
2.59851428571293,1.17930668119297,1.11551998910527,0.0637866920876959
2.60228571428435,1.17921930727563,1.11558551954327,0.0636337877323578
2.60605714285578,1.17913214280406,1.11565089289695,0.063481249907108
2.60982857142721,1.17904518727619,1.11571610954286,0.0633290777333302
2.61359999999863,1.17895844019115,1.11578116985664,0.0631772703345135
2.61737142857006,1.17887190104928,1.11584607421304,0.0630258268362482
2.62114285714149,1.17878556935213,1.1159108229859,0.062874746366222
2.62491428571291,1.17869944460241,1.11597541654819,0.0627240280542118
2.62868571428434,1.17861352630405,1.11603985527196,0.0625736710320817
2.63245714285577,1.17852781396216,1.11610413952838,0.0624236744337767
2.63622857142719,1.17844230708304,1.11616826968772,0.062274037395317
2.63999999999862,1.17835700517417,1.11623224611937,0.0621247590547955
2.64377142857005,1.17827190774421,1.11629606919184,0.0619758385523692
2.64754285714147,1.178187014303,1.11635973927275,0.061827275030258
2.6513142857129,1.17810232436156,1.11642325672883,0.0616790676327366
2.65508571428433,1.17801783743208,1.11648662192594,0.0615312155061321
2.65885714285575,1.1779335530279,1.11654983522908,0.0613837177988172
2.66262857142718,1.17784947066355,1.11661289700234,0.0612365736612066
2.66639999999861,1.17776558985471,1.11667580760896,0.0610897822457512
2.67017142857003,1.17768191011825,1.11673856741131,0.0609433427069337
2.67394285714146,1.17759843097215,1.11680117677089,0.0607972542012634
2.67771428571289,1.17751515193558,1.11686363604831,0.0606515158872716
2.68148571428431,1.17743207252886,1.11692594560335,0.0605061269255074
2.68525714285574,1.17734919227345,1.11698810579491,0.0603610864785309
2.68902857142717,1.17726651069195,1.11705011698104,0.0602163937109106
2.69279999999859,1.17718402730812,1.11711197951891,0.0600720477892176
2.69657142857002,1.17710174164687,1.11717369376485,0.0599280478820206
2.70034285714144,1.17701965323422,1.11723526007434,0.0597843931598807
2.70411428571287,1.17693776159734,1.11729667880199,0.0596410827953484
2.7078857142843,1.17685606626455,1.11735795030159,0.0594981159629575
2.71165714285572,1.17677456676527,1.11741907492605,0.0593554918392194
2.71542857142715,1.17669326263007,1.11748005302745,0.0592132096026212
2.71919999999858,1.17661215339064,1.11754088495702,0.0590712684336179
2.72297142857,1.17653123857979,1.11760157106516,0.0589296675146296
2.72674285714143,1.17645051773145,1.11766211170141,0.0587884060300361
2.73051428571286,1.17636999038067,1.1177225072145,0.058647483166173
2.73428571428428,1.17628965606361,1.11778275795229,0.0585068981113248
2.73805714285571,1.17620951431756,1.11784286426183,0.0583666500557236
2.74182857142714,1.17612956468088,1.11790282648934,0.0582267381915411
2.74559999999856,1.17604980669308,1.11796264498019,0.0580871617128869
2.74937142856999,1.17597023989474,1.11802232007894,0.0579479198158008
2.75314285714142,1.17589086382757,1.11808185212932,0.0578090116982513
2.75691428571284,1.17581167803436,1.11814124147423,0.0576704365601284
2.76068571428427,1.17573268205899,1.11820048845575,0.0575321936032409
2.7644571428557,1.17565387544646,1.11825959341515,0.0573942820313098
2.76822857142712,1.17557525774284,1.11831855669287,0.0572567010499661
2.77199999999855,1.17549682849528,1.11837737862854,0.0571194498667447
2.77577142856998,1.17541858725204,1.11843605956097,0.0569825276910794
2.7795428571414,1.17534053356246,1.11849459982816,0.0568459337342997
2.78331428571283,1.17526266697693,1.1185529997673,0.0567096672096259
2.78708571428426,1.17518498704695,1.11861125971479,0.0565737273321638
2.79085714285568,1.17510749332509,1.11866938000619,0.0564381133189005
2.79462857142711,1.17503018536497,1.11872736097627,0.0563028243887009
2.79839999999854,1.17495306272131,1.11878520295901,0.0561678597623014
2.80217142856996,1.17487612494989,1.11884290628758,0.0560332186623074
2.80594285714139,1.17479937160753,1.11890047129435,0.0558989003131867
2.80971428571282,1.17472280225215,1.11895789831088,0.0557649039412673
2.81348571428424,1.1746464164427,1.11901518766797,0.0556312287747307
2.81725714285567,1.17457021373921,1.1190723396956,0.0554978740436096
2.8210285714271,1.17449419370273,1.11912935472295,0.0553648389797816
2.82479999999852,1.17441835589541,1.11918623307844,0.0552321228169657
2.82857142856995,1.17434269988041,1.11924297508969,0.0550997247907179
2.83234285714138,1.17426722522196,1.11929958108353,0.0549676441384268
2.8361142857128,1.17419193148532,1.11935605138601,0.0548358800993092
2.83988571428423,1.1741168182368,1.1194123863224,0.0547044319144045
2.84365714285566,1.17404188504376,1.11946858621718,0.0545732988265732
2.84742857142708,1.17396713147456,1.11952465139408,0.0544424800804895
2.85119999999851,1.17389255709865,1.11958058217601,0.0543119749226382
2.85497142856994,1.17381816148646,1.11963637888515,0.0541817826013109
2.85874285714136,1.17374394420949,1.11969204184288,0.0540519023666011
2.86251428571279,1.17366990484023,1.11974757136983,0.0539223334703991
2.86628571428422,1.17359604295222,1.11980296778583,0.0537930751663898
2.87005714285564,1.17352235812003,1.11985823140998,0.0536641267100464
2.87382857142707,1.17344884991921,1.11991336256059,0.0535354873586267
2.8775999999985,1.17337551792638,1.11996836155521,0.0534071563711687
2.88137142856992,1.17330236171914,1.12002322871065,0.0532791330084876
2.88514285714135,1.1732293808761,1.12007796434293,0.0531514165331692
2.88891428571277,1.1731565749769,1.12013256876733,0.0530240062095686
2.8926857142842,1.17308394360217,1.12018704229837,0.052896901303803
2.89645714285563,1.17301148633357,1.12024138524982,0.0527701010837489
2.90022857142705,1.17293920275374,1.1202955979347,0.0526436048190384
2.90399999999848,1.17286709244632,1.12034968066526,0.0525174117810538
2.90777142856991,1.17279515499596,1.12040363375303,0.0523915212429247
2.91154285714133,1.1727233899883,1.12045745750878,0.052265932479522
2.91531428571276,1.17265179700997,1.12051115224252,0.0521406447674559
2.91908571428419,1.17258037564861,1.12056471826354,0.0520156573850701
2.92285714285561,1.17250912549282,1.12061815588038,0.0518909696124386
2.92662857142704,1.17243804613221,1.12067146540085,0.0517665807313603
2.93039999999847,1.17236713715735,1.12072464713199,0.0516424900253571
2.93417142856989,1.17229639815981,1.12077770138014,0.0515186967796668
2.93794285714132,1.17222582873214,1.1208306284509,0.0513952002812417
2.94171428571275,1.17215542846785,1.12088342864911,0.0512719998187428
2.94548571428417,1.17208519696145,1.12093610227891,0.0511490946825364
2.9492571428556,1.17201513380839,1.1209886496437,0.0510264841646901
2.95302857142703,1.17194523860512,1.12104107104616,0.0509041675589688
2.95679999999845,1.17187551094904,1.12109336678822,0.0507821441608292
2.96057142856988,1.17180595043852,1.12114553717111,0.0506604132674178
2.96434285714131,1.17173655667289,1.12119758249533,0.0505389741775655
2.96811428571273,1.17166732925245,1.12124950306066,0.050417826191784
2.97188571428416,1.17159826777844,1.12130129916617,0.0502969686122625
2.97565714285559,1.17152937185306,1.1213529711102,0.050176400742862
2.97942857142701,1.17146064107949,1.12140451919038,0.0500561218891127
2.98319999999844,1.17139207506183,1.12145594370362,0.0499361313582092
2.98697142856987,1.17132367340515,1.12150724494614,0.049816428459007
2.99074285714129,1.17125543571544,1.12155842321342,0.0496970125020186
2.99451428571272,1.17118736159966,1.12160947880025,0.0495778827994091
2.99828571428415,1.17111945066571,1.12166041200072,0.0494590386649922
3.00205714285557,1.17105170252241,1.12171122310819,0.0493404794142269
3.005828571427,1.17098411677955,1.12176191241534,0.0492222043642125
3.00959999999843,1.17091669304782,1.12181248021413,0.0491042128336863
3.01337142856985,1.17084943093887,1.12186292679585,0.048986504143018
3.01714285714128,1.17078233006526,1.12191325245105,0.048869077614206
3.02091428571271,1.1707153900405,1.12196345746962,0.0487519325708747
3.02468571428413,1.17064861047901,1.12201354214074,0.0486350683382697
3.02845714285556,1.17058199099614,1.12206350675289,0.048518484243254
3.03222857142699,1.17051553120817,1.12211335159387,0.0484021796143039
3.03599999999841,1.17044923073229,1.12216307695078,0.0482861537815062
3.03977142856984,1.1703830891866,1.12221268311005,0.0481704060765529
3.04354285714127,1.17031710619014,1.1222621703574,0.048054935832738
3.04731428571269,1.17025128136283,1.12231153897788,0.0479397423849537
3.05108571428412,1.17018561432554,1.12236078925585,0.0478248250696873
3.05485714285555,1.17012010470001,1.12240992147499,0.0477101832250155
3.05862857142697,1.17005475210892,1.12245893591831,0.0475958161906025
3.0623999999984,1.16998955617583,1.12250783286813,0.047481723307695
3.06617142856983,1.16992451652521,1.12255661260609,0.0473679039191188
3.06994285714125,1.16985963278244,1.12260527541317,0.0472543573692756
3.07371428571268,1.16979490457379,1.12265382156965,0.0471410830041377
3.07748571428411,1.16973033152643,1.12270225135518,0.0470280801712462
3.08125714285553,1.1696659132684,1.1227505650487,0.0469153482197053
3.08502857142696,1.16960164942867,1.12279876292849,0.0468028865001804
3.08879999999838,1.16953753963708,1.12284684527219,0.0466906943648921
3.09257142856981,1.16947358352435,1.12289481235674,0.0465787711676156
3.09634285714124,1.1694097807221,1.12294266445843,0.0464671162636734
3.10011428571266,1.16934613086282,1.12299040185288,0.0463557290099348
3.10388571428409,1.16928263357989,1.12303802481508,0.0462446087648098
3.10765714285552,1.16921928850757,1.12308553361932,0.0461337548882468
3.11142857142694,1.16915609528099,1.12313292853926,0.0460231667417286
3.11519999999837,1.16909305353615,1.12318020984788,0.0459128436882679
3.1189714285698,1.16903016290995,1.12322737781754,0.045802785092405
3.12274285714122,1.16896742304012,1.12327443271991,0.0456929903202037
3.12651428571265,1.16890483356528,1.12332137482604,0.0455834587392467
3.13028571428408,1.16884239412493,1.1233682044063,0.0454741897186328
3.1340571428555,1.16878010435941,1.12341492173044,0.0453651826289738
3.13782857142693,1.16871796390994,1.12346152706755,0.0452564368423896
3.14159999999836,1.16865597241857,1.12350802068607,0.0451479517325053
3.14537142856978,1.16859412952826,1.12355440285381,0.0450397266744476
3.14914285714121,1.16853243488277,1.12360067383792,0.044931761044841
3.15291428571264,1.16847088812674,1.12364683390494,0.0448240542218044
3.15668571428406,1.16840948890568,1.12369288332074,0.0447166055849477
3.16045714285549,1.16834823686592,1.12373882235056,0.044609414515367
3.16422857142692,1.16828713165465,1.12378465125901,0.0445024803956435
3.16799999999834,1.16822617291991,1.12383037031007,0.0443958026098368
3.17177142856977,1.16816536031056,1.12387597976708,0.0442893805434839
3.1755428571412,1.16810469347634,1.12392147989274,0.0441832135835944
3.17931428571262,1.1680441720678,1.12396687094915,0.0440773011186486
3.18308571428405,1.16798379573634,1.12401215319775,0.0439716425385903
3.18685714285548,1.16792356413419,1.12405732689936,0.0438662372348275
3.1906285714269,1.16786347691441,1.12410239231419,0.0437610846002265
3.19439999999833,1.16780353373092,1.12414734970181,0.0436561840291088
3.19817142856976,1.16774373423843,1.12419219932118,0.0435515349172482
3.20194285714118,1.16768407809249,1.12423694143063,0.0434471366618667
3.20571428571261,1.1676245649495,1.12428157628787,0.043342988661631
3.20948571428404,1.16756519446666,1.12432610415001,0.0432390903166497
3.21325714285546,1.16750596630198,1.12437052527351,0.0431354410284692
3.21702857142689,1.16744688011433,1.12441483991426,0.0430320402000706
3.22079999999832,1.16738793556335,1.12445904832749,0.0429288872358653
3.22457142856974,1.16732913230954,1.12450315076785,0.0428259815416938
3.22834285714117,1.16727047001418,1.12454714748936,0.0427233225248198
3.2321142857126,1.16721194833939,1.12459103874546,0.0426209095939285
3.23588571428402,1.16715356694807,1.12463482478895,0.042518742159122
3.23965714285545,1.16709532550395,1.12467850587204,0.0424168196319168
3.24342857142688,1.16703722367157,1.12472208224633,0.0423151414252398
3.2471999999983,1.16697926111624,1.12476555416282,0.0422137069534261
3.25097142856973,1.16692143750412,1.12480892187191,0.0421125156322131
3.25474285714115,1.16686375250214,1.1248521856234,0.0420115668787402
3.25851428571258,1.16680620577802,1.12489534566648,0.041910860111543
3.26228571428401,1.16674879700031,1.12493840224976,0.0418103947505519
3.26605714285543,1.16669152583833,1.12498135562125,0.0417101702170866
3.26982857142686,1.1666343919622,1.12502420602835,0.0416101859338553
3.27359999999829,1.16657739504283,1.12506695371788,0.0415104413249485
3.27737142856971,1.16652053475191,1.12510959893607,0.0414109358158392
3.28114285714114,1.16646381076193,1.12515214192855,0.0413116688333757
3.28491428571257,1.16640722274616,1.12519458294038,0.041212639805781
3.28868571428399,1.16635077037866,1.12523692221601,0.041113848162649
3.29245714285542,1.16629445333425,1.12527915999931,0.0410152933349408
3.29622857142685,1.16623827128856,1.12532129653358,0.0409169747549809
3.29999999999827,1.16618222391797,1.12536333206152,0.0408188918564556
3.3037714285697,1.16612631089966,1.12540526682525,0.0407210440744079
3.30754285714113,1.16607053191156,1.12544710106633,0.0406234308452356
3.31131428571255,1.16601488663239,1.12548883502571,0.0405260516066872
3.31508571428398,1.16595937474163,1.12553046894377,0.0404289057978591
3.31885714285541,1.16590399591954,1.12557200306035,0.0403319928591921
3.32262857142683,1.16584874984712,1.12561343761466,0.0402353122324688
3.32639999999826,1.16579363620618,1.12565477284537,0.0401388633608093
3.33017142856969,1.16573865467924,1.12569600899057,0.0400426456886693
3.33394285714111,1.16568380494962,1.12573714628778,0.0399466586618351
3.33771428571254,1.16562908670138,1.12577818497396,0.0398509017274231
3.34148571428397,1.16557449961936,1.12581912528548,0.0397553743338737
3.34525714285539,1.16552004338911,1.12585996745816,0.0396600759309498
3.34902857142682,1.16546571769699,1.12590071172726,0.0395650059697332
3.35279999999825,1.16541152223007,1.12594135832745,0.0394701639026225
3.35657142856967,1.16535745667619,1.12598190749286,0.0393755491833276
3.3603428571411,1.16530352072392,1.12602235945706,0.0392811612668684
3.36411428571253,1.16524971406261,1.12606271445304,0.0391869996095719
3.36788571428395,1.16519603638232,1.12610297271326,0.039093063669067
3.37165714285538,1.16514248737388,1.12614313446959,0.0389993529042838
3.37542857142681,1.16508906672883,1.12618319995338,0.0389058667754494
3.37919999999823,1.16503577413948,1.12622316939539,0.0388126047440838
3.38297142856966,1.16498260929886,1.12626304302586,0.0387195662729991
3.38674285714109,1.16492957190074,1.12630282107445,0.0386267508262939
3.39051428571251,1.16487666163963,1.12634250377028,0.0385341578693525
3.39428571428394,1.16482387821077,1.12638209134193,0.03844178686884
3.39805714285537,1.16477122131011,1.12642158401741,0.0383496372927004
3.40182857142679,1.16471869063437,1.12646098202422,0.0382577086101525
3.40559999999822,1.16466628588096,1.12650028558928,0.0381660002916884
3.40937142856965,1.16461400674804,1.12653949493897,0.0380745118090684
3.41314285714107,1.16456185293447,1.12657861029915,0.0379832426353199
3.4169142857125,1.16450982413985,1.12661763189511,0.0378921922447331
3.42068571428393,1.16445792006449,1.12665655995163,0.0378013601128586
3.42445714285535,1.16440614040943,1.12669539469293,0.0377107457165042
3.42822857142678,1.16435448487642,1.12673413634269,0.0376203485337319
3.4319999999982,1.16430295316792,1.12677278512406,0.0375301680438538
3.43577142856963,1.1642515449871,1.12681134125967,0.037440203727432
3.43954285714106,1.16420026003787,1.1268498049716,0.037350455066272
3.44331428571248,1.16414909802481,1.12688817648139,0.0372609215434228
3.44708571428391,1.16409805865324,1.12692645601007,0.0371716026431721
3.45085714285534,1.16404714162917,1.12696464377812,0.0370824978510436
3.45462857142676,1.16399634665931,1.12700274000552,0.0369936066537939
3.45839999999819,1.16394567345109,1.12704074491168,0.0369049285394114
3.46217142856962,1.16389512171263,1.12707865871552,0.0368164629971104
3.46594285714104,1.16384469115276,1.12711648163543,0.03672820951733
3.46971428571247,1.16379438148099,1.12715421388926,0.0366401675917309
3.4734857142839,1.16374419240754,1.12719185569435,0.036552336713193
3.47725714285532,1.16369412364332,1.12722940726751,0.0364647163758103
3.48102857142675,1.16364417489994,1.12726686882505,0.0363773060748906
3.48479999999818,1.16359434588969,1.12730424058273,0.0362901053069518
3.4885714285696,1.16354463632555,1.12734152275583,0.0362031135697176
3.49234285714103,1.16349504592121,1.12737871555909,0.0361163303621168
3.49611428571246,1.16344557439102,1.12741581920674,0.0360297551842785
3.49988571428388,1.16339622145002,1.12745283391249,0.0359433875375303
3.50365714285531,1.16334698681394,1.12748975988954,0.0358572269243955
3.50742857142674,1.16329787019919,1.1275265973506,0.0357712728485899
3.51119999999816,1.16324887132287,1.12756334650785,0.0356855248150185
3.51497142856959,1.16319998990273,1.12760000757295,0.0355999823297732
3.51874285714102,1.16315122565722,1.12763658075709,0.03551464490013
3.52251428571244,1.16310257830545,1.12767306627091,0.0354295120345465
3.52628571428387,1.16305404756723,1.12770946432457,0.0353445832426575
3.5300571428553,1.16300563316301,1.12774577512774,0.0352598580352741
3.53382857142672,1.16295733481393,1.12778199888955,0.03517533592438
3.53759999999815,1.16290915224179,1.12781813581866,0.0350910164231282
3.54137142856958,1.16286108516905,1.12785418612321,0.0350068990458394
3.545142857141,1.16281313331886,1.12789015001086,0.034922983307998
3.54891428571243,1.162765296415,1.12792602768875,0.0348392687262498
3.55268571428386,1.16271757418194,1.12796181936354,0.0347557548184001
3.55645714285528,1.1626699663448,1.1279975252414,0.0346724411034092
3.56022857142671,1.16262247262937,1.12803314552798,0.0345893271013906
3.56399999999814,1.16257509276206,1.12806868042845,0.0345064123336087
3.56777142856956,1.16252782646999,1.12810413014751,0.0344236963224749
3.57154285714099,1.16248067348088,1.12813949488934,0.0343411785915457
3.57531428571242,1.16243363352315,1.12817477485763,0.0342588586655197
3.57908571428384,1.16238670632585,1.12820997025561,0.0341767360702345
3.58285714285527,1.16233989161867,1.128245081286,0.0340948103326653
3.5866285714267,1.16229318913195,1.12828010815103,0.03401308098092
3.59039999999812,1.16224659859671,1.12831505105247,0.0339315475442383
3.59417142856955,1.16220011974456,1.12834991019158,0.0338502095529882
3.59794285714098,1.16215375230781,1.12838468576914,0.0337690665386638
3.6017142857124,1.16210749601936,1.12841937798548,0.0336881180338819
3.60548571428383,1.16206135061279,1.12845398704041,0.0336073635723799
3.60925714285526,1.16201531582229,1.12848851313328,0.0335268026890128
3.61302857142668,1.16196939138271,1.12852295646296,0.0334464349197501
3.61679999999811,1.16192357702953,1.12855731722785,0.0333662598016746
3.62057142856953,1.16187787249884,1.12859159562587,0.033286276872978
3.62434285714096,1.16183227752741,1.12862579185445,0.0332064856729595
3.62811428571239,1.16178679185258,1.12865990611056,0.0331268857420226
3.63188571428381,1.16174141521238,1.12869393859071,0.033047476621672
3.63565714285524,1.16169614734543,1.12872788949092,0.0329682578545116
3.63942857142667,1.161650987991,1.12876175900675,0.0328892289842428
3.64319999999809,1.16160593688895,1.12879554733329,0.0328103895556595
3.64697142856952,1.1615609937798,1.12882925466515,0.0327317391146471
3.65074285714095,1.16151615840467,1.12886288119649,0.03265327720818
3.65451428571237,1.16147143050532,1.12889642712101,0.032575003384318
3.6582857142838,1.16142680982412,1.12892989263191,0.0324969171922047
3.66205714285523,1.16138229610404,1.12896327792197,0.0324190181820643
3.66582857142665,1.16133788908868,1.12899658318349,0.0323413059051989
3.66959999999808,1.16129358852228,1.12902980860829,0.0322637799139869
3.67337142856951,1.16124939414964,1.12906295438777,0.0321864397618785
3.67714285714093,1.16120530571623,1.12909602071283,0.0321092850033962
3.68091428571236,1.16116132296807,1.12912900777394,0.032032315194128
3.68468571428379,1.16111744565184,1.12916191576112,0.0319555298907293
3.68845714285521,1.16107367351481,1.12919474486389,0.0318789286509167
3.69222857142664,1.16103000630484,1.12922749527137,0.0318025110334683
3.69599999999807,1.16098644377041,1.12926016717219,0.0317262765982194
3.69977142856949,1.1609429856606,1.12929276075455,0.0316502249060593
3.70354285714092,1.1608996317251,1.12932527620617,0.0315743555189318
3.70731428571235,1.16085638171419,1.12935771371436,0.0314986679998295
3.71108571428377,1.16081323537874,1.12939007346595,0.0314231619127932
3.7148571428552,1.16077019247023,1.12942235564732,0.0313478368229081
3.71862857142663,1.16072725274074,1.12945456044444,0.0312726922963023
3.72239999999805,1.16068441594294,1.12948668804279,0.0311977279001445
3.72617142856948,1.16064168183008,1.12951873862744,0.0311229432026399
3.72994285714091,1.16059905015602,1.12955071238299,0.0310483377730293
3.73371428571233,1.16055652067519,1.12958260949361,0.0309739111815859
3.73748571428376,1.16051409314264,1.12961443014302,0.0308996629996139
3.74125714285519,1.16047176731397,1.12964617451452,0.0308255927994434
3.74502857142661,1.16042954294539,1.12967784279096,0.0307517001544315
3.74879999999804,1.16038741979369,1.12970943515473,0.0306779846389564
3.75257142856947,1.16034539761624,1.12974095178782,0.0306044458284178
3.75634285714089,1.16030347617099,1.12977239287176,0.0305310832992329
3.76011428571232,1.16026165521648,1.12980375858764,0.030457896628834
3.76388571428375,1.16021993451181,1.12983504911614,0.0303848853956665
3.76765714285517,1.16017831381668,1.12986626463749,0.0303120491791862
3.7714285714266,1.16013679289135,1.12989740533149,0.030239387559857
3.77519999999803,1.16009537149666,1.12992847137751,0.0301669001191487
3.77897142856945,1.16005404939402,1.12995946295448,0.0300945864395346
3.78274285714088,1.16001282634542,1.12999038024093,0.0300224461044878
3.78651428571231,1.15997170211342,1.13002122341494,0.0299504786984812
3.79028571428373,1.15993067646113,1.13005199265415,0.0298786838069829
3.79405714285516,1.15988974915226,1.1300826881358,0.0298070610164547
3.79782857142659,1.15984891995106,1.13011331003671,0.0297356099143502
3.80159999999801,1.15980818862235,1.13014385853324,0.0296643300891115
3.80537142856944,1.15976755493152,1.13017433380136,0.0295932211301677
3.80914285714086,1.15972701864453,1.1302047360166,0.0295222826279316
3.81291428571229,1.15968657952788,1.13023506535409,0.0294515141737979
3.81668571428372,1.15964623734865,1.13026532198851,0.0293809153601408
3.82045714285514,1.15960599187446,1.13029550609415,0.0293104857803119
3.82422857142657,1.15956584287351,1.13032561784487,0.0292402250286377
3.827999999998,1.15952579011452,1.13035565741411,0.0291701327004164
3.83177142856942,1.15948583336681,1.13038562497489,0.0291002083919167
3.83554285714085,1.15944597240021,1.13041552069984,0.0290304517003754
3.83931428571228,1.15940620698514,1.13044534476114,0.028960862223995
3.8430857142837,1.15936653689254,1.1304750973306,0.02889143956194
3.84685714285513,1.15932696189391,1.13050477857957,0.0288221833143365
3.85062857142656,1.1592874817613,1.13053438867903,0.0287530930822693
3.85439999999798,1.1592480962673,1.13056392779952,0.0286841684677792
3.85817142856941,1.15920880518506,1.1305933961112,0.0286154090738611
3.86194285714084,1.15916960828826,1.1306227937838,0.0285468145044612
3.86571428571226,1.15913050535113,1.13065212098665,0.0284783843644756
3.86948571428369,1.15909149614843,1.13068137788868,0.0284101182597472
3.87325714285512,1.15905258045546,1.1307105646584,0.0283420157970635
3.87702857142654,1.15901375804809,1.13073968146393,0.0282740765841554
3.88079999999797,1.15897502870268,1.13076872847299,0.0282063002296935
3.8845714285694,1.15893639219616,1.13079770585288,0.028138686343286
3.88834285714082,1.15889784830599,1.13082661377051,0.0280712345354781
3.89211428571225,1.15885939681014,1.13085545239239,0.0280039444177478
3.89588571428368,1.15882103748715,1.13088422188464,0.0279368156025044
3.8996571428551,1.15878277011605,1.13091292241296,0.0278698477030868
3.90342857142653,1.15874459447643,1.13094155414267,0.0278030403337599
3.90719999999796,1.15870651034841,1.13097011723869,0.0277363931097143
3.91097142856938,1.15866851751261,1.13099861186554,0.0276699056470626
3.91474285714081,1.15863061575019,1.13102703818736,0.0276035775628374
3.91851428571224,1.15859280484285,1.13105539636786,0.0275374084749889
3.92228571428366,1.15855508457279,1.13108368657041,0.0274713980023849
3.92605714285509,1.15851745472275,1.13111190895794,0.0274055457648048
3.92982857142652,1.15847991507597,1.13114006369303,0.0273398513829402
3.93359999999794,1.15844246541622,1.13116815093783,0.0272743144783925
3.93737142856937,1.15840510552781,1.13119617085414,0.0272089346736692
3.9411428571408,1.15836783519553,1.13122412360335,0.0271437115921835
3.94491428571222,1.15833065420471,1.13125200934646,0.027078644858251
3.94868571428365,1.15829356234119,1.1312798282441,0.027013734097088
3.95245714285508,1.15825655939132,1.13130758045651,0.0269489789348083
3.9562285714265,1.15821964514196,1.13133526614353,0.0268843789984234
3.95999999999793,1.15818281938048,1.13136288546464,0.0268199339158379
3.96377142856936,1.15814608189477,1.13139043857892,0.0267556433158489
3.96754285714078,1.15810943247322,1.13141792564508,0.026691506828143
3.97131428571221,1.15807287090474,1.13144534682144,0.0266275240832945
3.97508571428364,1.15803639697872,1.13147270226596,0.0265636947127632
3.97885714285506,1.15800001048508,1.13149999213619,0.0265000183488926
3.98262857142649,1.15796371121423,1.13152721658932,0.0264364946249076
3.98639999999792,1.15792749895709,1.13155437578218,0.0263731231749114
3.99017142856934,1.15789137350508,1.13158146987119,0.0263099036338856
3.99394285714077,1.15785533465011,1.13160849901242,0.0262468356376864
3.9977142857122,1.15781938218459,1.13163546336155,0.0261839188230417
4.00148571428362,1.15778351590146,1.13166236307391,0.026121152827552
4.00525714285505,1.15774773559411,1.13168919830442,0.0260585372896853
4.00902857142647,1.15771204105644,1.13171596920767,0.0259960718487768
4.0127999999979,1.15767643208287,1.13174267593785,0.0259337561450259
4.01657142856933,1.15764090846828,1.13176931864879,0.0258715898194948
4.02034285714075,1.15760547000806,1.13179589749395,0.0258095725141061
4.02411428571218,1.15757011649808,1.13182241262644,0.0257477038716405
4.02788571428361,1.15753484773471,1.13184886419897,0.025685983535735
4.03165714285503,1.15749966351479,1.13187525236391,0.025624411150881
4.03542857142646,1.15746456363567,1.13190157727325,0.0255629863624225
4.03919999999789,1.15742954789517,1.13192783907862,0.0255017088165528
4.04297142856931,1.15739461609161,1.13195403793129,0.0254405781603135
4.04674285714074,1.15735976802377,1.13198017398217,0.0253795940415931
4.05051428571217,1.15732500349093,1.1320062473818,0.0253187561091237
4.05428571428359,1.15729032229284,1.13203225828037,0.0252580640124787
4.05805714285502,1.15725572422976,1.13205820682768,0.0251975174020724
4.06182857142645,1.15722120910238,1.13208409317322,0.0251371159291569
4.06559999999787,1.1571867767119,1.13210991746608,0.0250768592458199
4.0693714285693,1.15715242685999,1.13213567985501,0.025016747004984
4.07314285714073,1.1571181593488,1.1321613804884,0.0249567788604026
4.07691428571215,1.15708397398095,1.13218701951429,0.0248969544666602
4.08068571428358,1.15704987055952,1.13221259708036,0.0248372734791684
4.08445714285501,1.15701584888809,1.13223811333393,0.0247777355541654
4.08822857142643,1.15698190877069,1.13226356842198,0.024718340348713
4.09199999999786,1.15694805001183,1.13228896249113,0.0246590875206956
4.09577142856929,1.15691427241647,1.13231429568765,0.0245999767288174
4.09954285714071,1.15688057579006,1.13233956815746,0.0245410076326003
4.10331428571214,1.1568469599385,1.13236478004612,0.0244821798923835
4.10708571428357,1.15681342466818,1.13238993149886,0.0244234931693192
4.11085714285499,1.15677996978593,1.13241502266055,0.0243649471253724
4.11462857142642,1.15674659509904,1.13244005367572,0.0243065414233186
4.11839999999785,1.15671330041528,1.13246502468854,0.0242482757267413
4.12217142856927,1.15668008554287,1.13248993584284,0.0241901497000303
4.1259428571407,1.1566469502905,1.13251478728212,0.0241321630083808
4.12971428571213,1.15661389446731,1.13253957914952,0.0240743153177896
4.13348571428355,1.15658091788289,1.13256431158783,0.0240166062950542
4.13725714285498,1.1565480203473,1.13258898473953,0.0239590356077717
4.14102857142641,1.15651520167105,1.13261359874671,0.0239016029243349
4.14479999999783,1.1564824616651,1.13263815375117,0.0238443079139321
4.14857142856926,1.15644980014088,1.13266264989434,0.0237871502465448
4.15234285714069,1.15641721691025,1.13268708731731,0.0237301295929448
4.15611428571211,1.15638471178554,1.13271146616084,0.0236732456246944
4.15988571428354,1.15635228457951,1.13273578656537,0.023616498014142
4.16365714285496,1.15631993510538,1.13276004867096,0.0235598864344218
4.16742857142639,1.15628766317683,1.13278425261738,0.0235034105594512
4.17119999999782,1.15625546860796,1.13280839854403,0.0234470700639302
4.17497142856925,1.15622335121334,1.13283248659,0.0233908646233378
4.17874285714067,1.15619131080796,1.13285651689403,0.0233347939139315
4.1825142857121,1.15615934720728,1.13288048959454,0.0232788576127438
4.18628571428352,1.15612746022719,1.13290440482961,0.0232230553975825
4.19005714285495,1.15609564968402,1.13292826273699,0.023167386947027
4.19382857142638,1.15606391539453,1.1329520634541,0.0231118519404279
4.1975999999978,1.15603225717594,1.13297580711804,0.0230564500579036
4.20137142856923,1.15600067484591,1.13299949386557,0.0230011809803403
4.20514285714066,1.15596916822251,1.13302312383312,0.0229460443893881
4.20891428571208,1.15593773712426,1.1330466971568,0.0228910399674607
4.21268571428351,1.15590638137013,1.1330702139724,0.0228361673977333
4.21645714285494,1.15587510077951,1.13309367441537,0.0227814263641399
4.22022857142636,1.15584389517221,1.13311707862084,0.0227268165513734
4.22399999999779,1.1558127643685,1.13314042672362,0.022672337644881
4.22777142856922,1.15578170818907,1.1331637188582,0.0226179893308651
4.23154285714064,1.15575072645502,1.13318695515874,0.0225637712962794
4.23531428571207,1.1557198189879,1.13321013575907,0.022509683228829
4.2390857142835,1.1556889856097,1.13323326079273,0.022455724816967
4.24285714285492,1.1556582261428,1.1332563303929,0.022401895749893
4.24662857142635,1.15562754041003,1.13327934469248,0.0223481957175524
4.25039999999778,1.15559692823465,1.13330230382401,0.0222946244106332
4.2541714285692,1.15556638944032,1.13332520791976,0.0222411815205654
4.25794285714063,1.15553592385115,1.13334805711163,0.0221878667395179
4.26171428571206,1.15550553129166,1.13337085153126,0.0221346797603987
4.26548571428348,1.15547521158677,1.13339359130992,0.0220816202768508
4.26925714285491,1.15544496456186,1.13341627657861,0.0220286879832521
4.27302857142634,1.15541479004269,1.13343890746798,0.0219758825747129
4.27679999999776,1.15538468785547,1.1334614841084,0.0219232037470749
4.28057142856919,1.1553546578268,1.1334840066299,0.0218706511969078
4.28434285714062,1.15532469978372,1.13350647516221,0.02181822462151
4.28811428571204,1.15529481355366,1.13352888983475,0.0217659237189045
4.29188571428347,1.15526499896448,1.13355125077664,0.0217137481878389
4.2956571428549,1.15523525584445,1.13357355811666,0.0216616977277821
4.29942857142632,1.15520558402224,1.13359581198332,0.0216097720389241
4.30319999999775,1.15517598332696,1.13361801250478,0.0215579708221736
4.30697142856918,1.15514645358809,1.13364015980893,0.0215062937791557
4.3107428571406,1.15511699463555,1.13366225402334,0.0214547406122112
4.31451428571203,1.15508760629965,1.13368429527526,0.0214033110243941
4.31828571428346,1.15505828841113,1.13370628369166,0.0213520047194706
4.32205714285488,1.1550290408011,1.13372821939918,0.0213008214019168
4.32582857142631,1.1549998633011,1.13375010252418,0.0212497607769171
4.32959999999774,1.15497075574306,1.1337719331927,0.021198822550363
4.33337142856916,1.15494171795934,1.13379371153049,0.0211480064288503
4.33714285714059,1.15491274978267,1.13381543766299,0.0210973121196789
4.34091428571202,1.1548838510462,1.13383711171535,0.02104673933085
4.34468571428344,1.15485502158346,1.1338587338124,0.0209962877710643
4.34845714285487,1.15482626122841,1.13388030407869,0.0209459571497219
4.35222857142629,1.15479756981538,1.13390182263846,0.0208957471769184
4.35599999999772,1.15476894717911,1.13392328961567,0.0208456575634453
4.35977142856915,1.15474039315473,1.13394470513395,0.020795688020786
4.36354285714058,1.15471190757778,1.13396606931666,0.020745838261117
4.367314285712,1.15468349028417,1.13398738228687,0.0206961079973036
4.37108571428343,1.15465514111023,1.13400864416733,0.0206464969429005
4.37485714285485,1.15462685989266,1.13402985508051,0.020597004812148
4.37862857142628,1.15459864646856,1.13405101514858,0.0205476313199722
4.38239999999771,1.15457050067542,1.13407212449344,0.0204983761819819
4.38617142856913,1.15454242235112,1.13409318323666,0.0204492391144677
4.38994285714056,1.15451441133394,1.13411419149954,0.0204002198344009
4.39371428571199,1.15448646746253,1.1341351494031,0.0203513180594308
4.39748571428341,1.15445859057593,1.13415605706805,0.0203025335078835
4.40125714285484,1.15443078051358,1.13417691461482,0.0202538658987603
4.40502857142627,1.15440303711528,1.13419772216354,0.0202053149517365
4.40879999999769,1.15437536022123,1.13421847983407,0.0201568803871588
4.41257142856912,1.15434774967203,1.13423918774598,0.0201085619260446
4.41634285714055,1.15432020530862,1.13425984601854,0.0200603592900797
4.42011428571197,1.15429272697235,1.13428045477074,0.0200122722016174
4.4238857142834,1.15426531450496,1.13430101412128,0.0199643003836767
4.42765714285483,1.15423796774854,1.1343215241886,0.0199164435599402
4.43142857142625,1.15421068654557,1.13434198509082,0.0198687014547534
4.43519999999768,1.15418347073893,1.1343623969458,0.0198210737931213
4.43897142856911,1.15415632017183,1.13438275987112,0.0197735603007096
4.44274285714053,1.15412923468791,1.13440307398407,0.0197261607038408
4.44651428571196,1.15410221413114,1.13442333940164,0.019678874729494
4.45028571428339,1.15407525834589,1.13444355624058,0.0196317021053019
4.45405714285481,1.15404836717689,1.13446372461734,0.0195846425595503
4.45782857142624,1.15402154046924,1.13448384464807,0.0195376958211773
4.46159999999767,1.15399477806844,1.13450391644867,0.0194908616197698
4.46537142856909,1.15396807982032,1.13452394013476,0.0194441396855631
4.46914285714052,1.15394144557111,1.13454391582167,0.0193975297494393
4.47291428571195,1.15391487516739,1.13456384362446,0.0193510315429257
4.47668571428337,1.15388836845611,1.13458372365792,0.0193046447981926
4.4804571428548,1.1538619252846,1.13460355603655,0.0192583692480535
4.48422857142623,1.15383554550055,1.13462334087459,0.0192122046259608
4.48799999999765,1.153809228952,1.134643078286,0.0191661506660072
4.49177142856908,1.15378297548738,1.13466276838446,0.0191202071029219
4.49554285714051,1.15375678495547,1.1346824112834,0.0190743736720709
4.49931428571193,1.1537306572054,1.13470200709595,0.0190286501094534
4.50308571428336,1.15370459208669,1.13472155593498,0.0189830361517023
4.50685714285479,1.15367858944919,1.13474105791311,0.0189375315360816
4.51062857142621,1.15365264914313,1.13476051314265,0.0188921360004852
4.51439999999764,1.15362677101911,1.13477992173567,0.0188468492834348
4.51817142856907,1.15360095492805,1.13479928380397,0.0188016711240799
4.52194285714049,1.15357520072125,1.13481859945906,0.0187566012621945
4.52571428571192,1.15354950825039,1.13483786881221,0.0187116394381761
4.52948571428335,1.15352387736745,1.13485709197441,0.0186667853930453
4.53325714285477,1.15349830792482,1.13487626905638,0.0186220388684435
4.5370285714262,1.15347279977522,1.13489540016859,0.0185773996066301
4.54079999999762,1.15344735277171,1.13491448542122,0.0185328673504845
4.54457142856905,1.15342196676771,1.13493352492421,0.0184884418435007
4.54834285714048,1.15339664161702,1.13495251878723,0.018444122829788
4.55211428571191,1.15337137717375,1.13497146711968,0.0183999100540697
4.55588571428333,1.15334617329239,1.13499037003071,0.0183558032616802
4.55965714285476,1.15332102982775,1.13500922762919,0.0183118021985649
4.56342857142618,1.15329594663502,1.13502804002374,0.0182679066112779
4.56719999999761,1.1532709235697,1.13504680732272,0.0182241162469812
4.57097142856904,1.15324596048768,1.13506552963424,0.0181804308534426
4.57474285714046,1.15322105724516,1.13508420706613,0.0181368501790344
4.57851428571189,1.1531962136987,1.13510283972597,0.0180933739727327
4.58228571428332,1.15317142970521,1.13512142772109,0.0180500019841143
4.58605714285474,1.15314670512192,1.13513997115856,0.0180067339633576
4.58982857142617,1.15312203980642,1.13515847014518,0.0179635696612386
4.5935999999976,1.15309743361665,1.13517692478751,0.0179205088291317
4.59737142856902,1.15307288641086,1.13519533519185,0.0178775512190064
4.60114285714045,1.15304839804767,1.13521370146424,0.0178346965834275
4.60491428571188,1.15302396838603,1.13523202371048,0.017791944675553
4.6086857142833,1.15299959728522,1.13525030203609,0.0177492952491316
4.61245714285473,1.15297528460486,1.13526853654636,0.0177067480585034
4.61622857142616,1.15295103020491,1.13528672734632,0.0176643028585965
4.61999999999758,1.15292683394567,1.13530487454075,0.0176219594049274
4.62377142856901,1.15290269568777,1.13532297823417,0.0175797174535981
4.62754285714044,1.15287861529217,1.13534103853087,0.0175375767612951
4.63131428571186,1.15285459262016,1.13535905553488,0.0174955370852883
4.63508571428329,1.15283062753339,1.13537702934996,0.0174535981834296
4.63885714285472,1.1528067198938,1.13539496007965,0.0174117598141517
4.64262857142614,1.15278286956369,1.13541284782723,0.0173700217364652
4.64639999999757,1.15275907640569,1.13543069269573,0.0173283837099596
4.650171428569,1.15273534028274,1.13544849478794,0.0172868454948001
4.65394285714042,1.15271166105813,1.1354662542064,0.0172454068517269
4.65771428571185,1.15268803859546,1.13548397105341,0.0172040675420539
4.66148571428328,1.15266447275867,1.135501645431,0.0171628273276667
4.6652571428547,1.15264096341201,1.13551927744099,0.0171216859710224
4.66902857142613,1.15261751042008,1.13553686718494,0.0170806432351469
4.67279999999756,1.15259411364779,1.13555441476416,0.0170396988836343
4.67657142856898,1.15257077296037,1.13557192027972,0.0169988526806457
4.68034285714041,1.15254748822338,1.13558938383247,0.0169581043909071
4.68411428571184,1.15252425930269,1.13560680552298,0.0169174537797088
4.68788571428326,1.15250108606452,1.13562418545161,0.0168769006129039
4.69165714285469,1.15247796837537,1.13564152371847,0.016836444656906
4.69542857142612,1.15245490610211,1.13565882042342,0.0167960856786895
4.69919999999754,1.15243189911188,1.13567607566609,0.0167558234457865
4.70297142856897,1.15240894727216,1.13569328954588,0.0167156577262875
4.7067428571404,1.15238605045076,1.13571046216193,0.0166755882888379
4.71051428571182,1.15236320851579,1.13572759361315,0.0166356149026385
4.71428571428325,1.15234042133568,1.13574468399824,0.0165957373374424
4.71805714285468,1.15231768877917,1.13576173341562,0.016555955363555
4.7218285714261,1.15229501071533,1.1357787419635,0.0165162687518337
4.72559999999753,1.15227238701353,1.13579570973985,0.0164766772736824
4.72937142856895,1.15224981754346,1.1358126368424,0.0164371807010555
4.73314285714038,1.15222730217512,1.13582952336866,0.0163977788064527
4.73691428571181,1.15220484077881,1.13584636941589,0.0163584713629195
4.74068571428324,1.15218243322517,1.13586317508112,0.0163192581440454
4.74445714285466,1.15216007938512,1.13587994046116,0.0162801389239624
4.74822857142609,1.15213777912991,1.13589666565257,0.0162411134773441
4.75199999999751,1.15211553233109,1.13591335075168,0.0162021815794049
4.75577142856894,1.15209333886051,1.13592999585462,0.0161633430058965
4.75954285714037,1.15207119859035,1.13594660105724,0.0161245975331095
4.76331428571179,1.15204911139307,1.1359631664552,0.0160859449378701
4.76708571428322,1.15202707714145,1.13597969214391,0.0160473849975402
4.77085714285465,1.15200509570858,1.13599617821857,0.016008917490014
4.77462857142607,1.15198316696784,1.13601262477412,0.0159705421937197
4.7783999999975,1.15196129079292,1.13602903190531,0.0159322588876156
4.78217142856893,1.15193946705782,1.13604539970663,0.0158940673511903
4.78594285714035,1.15191769563683,1.13606172827237,0.0158559673644605
4.78971428571178,1.15189597640455,1.13607801769658,0.0158179587079714
4.79348571428321,1.15187430923588,1.13609426807309,0.0157800411627926
4.79725714285463,1.15185269400601,1.13611047949549,0.0157422145105197
4.80102857142606,1.15183113059044,1.13612665205717,0.0157044785332716
4.80479999999749,1.15180961886496,1.13614278585128,0.0156668330136893
4.80857142856891,1.15178815870568,1.13615888097074,0.0156292777349347
4.81234285714034,1.15176674998897,1.13617493750828,0.0155918124806902
4.81611428571177,1.15174539259152,1.13619095555636,0.0155544370351559
4.81988571428319,1.15172408639031,1.13620693520726,0.0155171511830494
4.82365714285462,1.15170283126263,1.13622287655303,0.0154799547096047
4.82742857142605,1.15168162708604,1.13623877968547,0.0154428474005706
4.83119999999747,1.1516604737384,1.1362546446962,0.0154058290422092
4.8349714285689,1.15163937109788,1.13627047167659,0.0153688994212946
4.83874285714033,1.15161831904292,1.13628626071781,0.0153320583251135
4.84251428571175,1.15159731745226,1.1363020119108,0.0152953055414604
4.84628571428318,1.15157636620494,1.1363177253463,0.0152586408586399
4.85005714285461,1.15155546518026,1.1363334011148,0.0152220640654643
4.85382857142603,1.15153461425786,1.13634903930661,0.0151855749512513
4.85759999999746,1.15151381331761,1.13636464001179,0.0151491733058231
4.86137142856889,1.15149306223972,1.13638020332021,0.0151128589195078
4.86514285714031,1.15147236090465,1.13639572932151,0.0150766315831339
4.86891428571174,1.15145170919316,1.13641121810513,0.0150404910880326
4.87268571428317,1.15143110698631,1.13642666976027,0.0150044372260352
4.87645714285459,1.15141055416541,1.13644208437594,0.014968469789471
4.88022857142602,1.1513900506121,1.13645746204093,0.0149325885711686
4.88399999999745,1.15136959620826,1.13647280284381,0.0148967933644522
4.88777142856887,1.15134919083608,1.13648810687294,0.0148610839631418
4.8915428571403,1.15132883437803,1.13650337421648,0.0148254601615514
4.89531428571173,1.15130852671685,1.13651860496236,0.0147899217544882
4.89908571428315,1.15128826773557,1.13653379919832,0.0147544685372514
4.90285714285458,1.1512680573175,1.13654895701187,0.0147191003056308
4.90662857142601,1.15124789534623,1.13656407849033,0.0146838168559054
4.91039999999743,1.15122778170562,1.13657916372078,0.0146486179848431
4.91417142856886,1.15120771627983,1.13659421279013,0.0146135034896988
4.91794285714029,1.15118769895326,1.13660922578505,0.0145784731682128
4.92171428571171,1.15116772961063,1.13662420279202,0.0145435268186109
4.92548571428314,1.15114780813692,1.13663914389731,0.0145086642396031
4.92925714285457,1.15112793441736,1.13665404918698,0.0144738852303803
4.93302857142599,1.15110810833749,1.13666891874688,0.0144391895906162
4.93679999999742,1.15108832978312,1.13668375266266,0.0144045771204639
4.94057142856884,1.15106859864032,1.13669855101976,0.0143700476205562
4.94434285714027,1.15104891479543,1.13671331390343,0.0143356008920035
4.9481142857117,1.15102927813508,1.13672804139869,0.0143012367363924
4.95188571428312,1.15100968854616,1.13674273359038,0.0142669549557861
4.95565714285455,1.15099014591584,1.13675739056312,0.0142327553527219
4.95942857142598,1.15097065013155,1.13677201240134,0.0141986377302104
4.9631999999974,1.15095120108099,1.13678659918926,0.0141646018917336
4.96697142856883,1.15093179865214,1.13680115101089,0.0141306476412464
4.97074285714026,1.15091244273324,1.13681566795007,0.0140967747831717
4.97451428571168,1.1508931332128,1.1368301500904,0.0140629831224031
4.97828571428311,1.1508738699796,1.1368445975153,0.0140292724642999
4.98205714285454,1.15085465292268,1.13685901030799,0.0139956426146897
4.98582857142596,1.15083548193135,1.13687338855149,0.0139620933798643
4.98959999999739,1.15081635689519,1.13688773232861,0.0139286245665811
4.99337142856882,1.15079727770403,1.13690204172197,0.0138952359820592
4.99714285714024,1.15077824424799,1.13691631681401,0.0138619274339813
5.00091428571167,1.15075925641742,1.13693055768693,0.0138286987304899
5.0046857142831,1.15074031410296,1.13694476442278,0.0137955496801885
5.00845714285452,1.15072141719551,1.13695893710337,0.0137624800921383
5.01222857142595,1.15070256558621,1.13697307581035,0.0137294897758593
5.01599999999738,1.15068375916647,1.13698718062515,0.013696578541327
5.0197714285688,1.15066499782798,1.13700125162901,0.0136637461989733
5.02354285714023,1.15064628146268,1.13701528890299,0.0136309925596843
5.02731428571166,1.15062760996274,1.13702929252794,0.0135983174347989
5.03108571428308,1.15060898322063,1.13704326258452,0.0135657206361091
5.03485714285451,1.15059040112906,1.1370571991532,0.0135332019758569
5.03862857142594,1.15057186358099,1.13707110231426,0.0135007612667359
5.04239999999736,1.15055337046965,1.13708497214776,0.0134683983218877
5.04617142856879,1.15053492168851,1.13709880873361,0.0134361129549014
5.04994285714022,1.15051651713132,1.13711261215151,0.0134039049798143
5.05371428571164,1.15049815669206,1.13712638248095,0.0133717742111084
5.05748571428307,1.15047984026498,1.13714011980127,0.0133397204637109
5.0612571428545,1.15046156774457,1.13715382419157,0.0133077435529922
5.06502857142592,1.15044333902558,1.13716749573081,0.0132758432947657
5.06879999999735,1.15042515400302,1.13718113449773,0.0132440195052865
5.07257142856878,1.15040701257214,1.13719474057089,0.0132122720012493
5.0763428571402,1.15038891462845,1.13720831402866,0.0131806005997888
5.08011428571163,1.1503708600677,1.13722185494922,0.0131490051184784
5.08388571428306,1.1503528487859,1.13723536341057,0.0131174853753282
5.08765714285448,1.15033488067931,1.13724883949052,0.0130860411887845
5.09142857142591,1.15031695564442,1.13726228326669,0.0130546723777292
5.09519999999734,1.15029907357799,1.13727569481651,0.0130233787614786
5.09897142856876,1.15028123437702,1.13728907421724,0.0129921601597811
5.10274285714019,1.15026343793875,1.13730242154593,0.0129610163928182
5.10651428571162,1.15024568416069,1.13731573687948,0.0129299472812019
5.11028571428304,1.15022797294056,1.13732902029458,0.0128989526459746
5.11405714285447,1.15021030417635,1.13734227186774,0.0128680323086072
5.1178285714259,1.15019267776628,1.13735549167529,0.0128371860909988
5.12159999999732,1.15017509360884,1.13736867979337,0.0128064138154758
5.12537142856875,1.15015755160274,1.13738183629795,0.0127757153047898
5.12914285714017,1.15014005164692,1.13739496126481,0.0127450903821178
5.1329142857116,1.15012259364061,1.13740805476955,0.0127145388710601
5.13668571428303,1.15010517748322,1.13742111688758,0.0126840605956411
5.14045714285445,1.15008780307446,1.13743414769415,0.0126536553803054
5.14422857142588,1.15007047031424,1.13744714726432,0.0126233230499193
5.14799999999731,1.15005317910273,1.13746011567296,0.0125930634297693
5.15177142856873,1.15003592934032,1.13747305299476,0.0125628763455596
5.15554285714016,1.15001872092766,1.13748595930425,0.0125327616234137
5.15931428571159,1.15000155376564,1.13749883467577,0.0125027190898701
5.16308571428301,1.14998442775536,1.13751167918348,0.0124727485718847
5.16685714285444,1.14996734279819,1.13752449290136,0.0124428498968276
5.17062857142587,1.1499502987957,1.13753727590322,0.0124130228924821
5.17439999999729,1.14993329564974,1.13755002826269,0.0123832673870454
5.17817142856872,1.14991633326236,1.13756275005323,0.0123535832091259
5.18194285714015,1.14989941153585,1.13757544134811,0.0123239701877429
5.18571428571157,1.14988253037276,1.13758810222043,0.0122944281523258
5.189485714283,1.14986568967584,1.13760073274312,0.0122649569327127
5.19325714285443,1.14984888934809,1.13761333298894,0.0122355563591496
5.19702857142585,1.14983212929274,1.13762590303045,0.0122062262622891
5.20079999999728,1.14981540941325,1.13763844294006,0.0121769664731908
5.20457142856871,1.14979872961332,1.13765095279001,0.0121477768233178
5.20834285714013,1.14978208979688,1.13766343265234,0.0121186571445382
5.21211428571156,1.14976548986807,1.13767588259895,0.0120896072691234
5.21588571428299,1.14974892973128,1.13768830270154,0.0120606270297459
5.21965714285441,1.14973240929113,1.13770069303165,0.0120317162594794
5.22342857142584,1.14971592845246,1.13771305366066,0.0120028747917986
5.22719999999727,1.14969948712033,1.13772538465975,0.0119741024605773
5.23097142856869,1.14968308520005,1.13773768609996,0.0119453991000864
5.23474285714012,1.14966672259714,1.13774995805214,0.0119167645449947
5.23851428571155,1.14965039921735,1.13776220058698,0.0118881986303683
5.24228571428297,1.14963411496667,1.137774413775,0.0118597011916663
5.2460571428544,1.14961786975128,1.13778659768654,0.0118312720647453
5.24982857142583,1.14960166347763,1.13779875239178,0.0118029110858526
5.25359999999725,1.14958549605236,1.13781087796073,0.0117746180916301
5.25737142856868,1.14956936738235,1.13782297446324,0.0117463929191095
5.26114285714011,1.14955327737469,1.13783504196898,0.0117182354057146
5.26491428571153,1.14953722593672,1.13784708054746,0.0116901453892582
5.26868571428296,1.14952121297597,1.13785909026802,0.0116621227079419
5.27245714285439,1.1495052384002,1.13787107119985,0.0116341672003555
5.27622857142581,1.14948930211741,1.13788302341194,0.0116062787054756
5.27999999999724,1.14947340403581,1.13789494697314,0.0115784570626645
5.28377142856867,1.14945754406381,1.13790684195214,0.0115507021116699
5.28754285714009,1.14944172211007,1.13791870841745,0.0115230136926232
5.29131428571152,1.14942593808345,1.13793054643741,0.0114953916460396
5.29508571428295,1.14941019189304,1.13794235608022,0.0114678358128164
5.29885714285437,1.14939448344813,1.1379541374139,0.0114403460342321
5.3026285714258,1.14937881265825,1.13796589050631,0.0114129221519459
5.30639999999722,1.14936317943314,1.13797761542514,0.0113855640079961
5.31017142856865,1.14934758368274,1.13798931223794,0.0113582714448006
5.31394285714008,1.14933202531723,1.13800098101208,0.0113310443051542
5.3177142857115,1.14931650424699,1.13801262181476,0.0113038824322289
5.32148571428293,1.14930102038261,1.13802423471304,0.0112767856695721
5.32525714285436,1.14928557363492,1.13803581977381,0.0112497538611072
5.32902857142578,1.14927016391493,1.1380473770638,0.011222786851131
5.33279999999721,1.14925479113389,1.13805890664958,0.0111958844843139
5.33657142856864,1.14923945520326,1.13807040859756,0.011169046605698
5.34034285714006,1.14922415603468,1.13808188297399,0.011142273060698
5.34411428571149,1.14920889354006,1.13809332984496,0.0111155636950981
5.34788571428292,1.14919366763146,1.13810474927641,0.0110889183550524
5.35165714285434,1.14917847822119,1.13811614133411,0.0110623368870846
5.35542857142577,1.14916332522176,1.13812750608368,0.011035819138085
5.3591999999972,1.14914820854589,1.13813884359058,0.0110093649553122
5.36297142856862,1.14913312810651,1.13815015392012,0.0109829741863898
5.36674285714005,1.14911808381675,1.13816143713744,0.0109566466793074
5.37051428571148,1.14910307558995,1.13817269330753,0.0109303822824189
5.3742857142829,1.14908810333968,1.13818392249524,0.0109041808444414
5.37805714285433,1.14907316697969,1.13819512476523,0.0108780422144548
5.38182857142576,1.14905826642394,1.13820630018204,0.0108519662419011
5.38559999999718,1.14904340158662,1.13821744881004,0.0108259527765826
5.38937142856861,1.14902857238209,1.13822857071343,0.0108000016686622
5.39314285714004,1.14901377872495,1.13823966595629,0.0107741127686614
5.39691428571146,1.14899902052998,1.13825073460252,0.0107482859274608
5.40068571428289,1.14898429771217,1.13826177671587,0.0107225209962978
5.40445714285432,1.14896961018672,1.13827279235996,0.0106968178267663
5.40822857142574,1.14895495786904,1.13828378159822,0.0106711762708167
5.41199999999717,1.14894034067472,1.13829474449396,0.0106455961807537
5.4157714285686,1.14892575851956,1.13830568111033,0.0106200774092362
5.41954285714002,1.14891121131959,1.13831659151031,0.0105946198092763
5.42331428571145,1.14889669899099,1.13832747575675,0.0105692232342383
5.42708571428288,1.14888222145019,1.13833833391235,0.0105438875378385
5.4308571428543,1.1488677786138,1.13834916603965,0.0105186125741432
5.43462857142573,1.14885337039861,1.13835997220104,0.0104933981975688
5.43839999999716,1.14883899672165,1.13837075245877,0.0104682442628807
5.44217142856858,1.14882465750011,1.13838150687492,0.0104431506251927
5.44594285714001,1.14881035265141,1.13839223551144,0.0104181171399653
5.44971428571144,1.14879608209315,1.13840293843014,0.010393143663006
5.45348571428286,1.14878184574312,1.13841361569266,0.0103682300504679
5.45725714285429,1.14876764351934,1.13842426736049,0.0103433761588487
5.46102857142572,1.14875347533999,1.138434893495,0.01031858184499
5.46479999999714,1.14873934112347,1.1384454941574,0.0102938469660772
5.46857142856857,1.14872524078836,1.13845606940873,0.0102691713796372
5.47234285713999,1.14871117425345,1.13846661930991,0.010244554943539
5.47611428571142,1.14869714143771,1.13847714392172,0.010219997515992
5.47988571428285,1.14868314226031,1.13848764330477,0.0101954989555457
5.48365714285428,1.14866917664062,1.13849811751953,0.0101710591210888
5.4874285714257,1.1486552444982,1.13850856662635,0.0101466778718478
5.49119999999713,1.14864134575279,1.13851899068541,0.010122355067387
5.49497142856855,1.14862748032435,1.13852938975674,0.0100980905676071
5.49874285713998,1.148613648133,1.13853976390025,0.010073884232745
5.50251428571141,1.14859984909907,1.1385501131757,0.0100497359233724
5.50628571428283,1.14858608314308,1.13856043764269,0.0100256455003951
5.51005714285426,1.14857235018574,1.13857073736069,0.0100016128250524
5.51382857142569,1.14855865014795,1.13858101238904,0.00997763775891669
5.51759999999711,1.14854498295079,1.1385912627869,0.00995372016389107
5.52137142856854,1.14853134851555,1.13860148861334,0.00992985990221129
5.52514285713997,1.14851774676368,1.13861168992724,0.00990605683644175
5.52891428571139,1.14850417761684,1.13862186678737,0.00988231082947721
5.53268571428282,1.14849064099688,1.13863201925234,0.00985862174454111
5.53645714285425,1.14847713682582,1.13864214738064,0.00983498944518391
5.54022857142567,1.14846366502588,1.13865225123059,0.00981141379528472
5.5439999999971,1.14845022551946,1.13866233086041,0.00978789465904706
5.54777142856853,1.14843681822914,1.13867238632814,0.00976443190100107
5.55154285713995,1.14842344307772,1.13868241769171,0.00974102538600197
5.55531428571138,1.14841009998813,1.1386924250089,0.00971767497922804
5.55908571428281,1.14839678888353,1.13870240833735,0.0096943805461811
5.56285714285423,1.14838350968725,1.13871236773456,0.00967114195268559
5.56662857142566,1.14837026232279,1.13872230325791,0.00964795906488725
5.57039999999709,1.14835704671386,1.13873221496461,0.0096248317492531
5.57417142856851,1.14834386278433,1.13874210291176,0.0096017598725695
5.57794285713994,1.14833071045825,1.13875196715631,0.00957874330194319
5.58171428571137,1.14831758965988,1.13876180775509,0.00955578190479867
5.58548571428279,1.14830450031364,1.13877162476477,0.00953287554887838
5.58925714285422,1.14829144234414,1.1387814182419,0.00951002410224189
5.59302857142565,1.14827841567615,1.13879118824289,0.00948722743326513
5.59679999999707,1.14826542023465,1.13880093482401,0.0094644854106396
5.6005714285685,1.14825245594478,1.13881065804141,0.00944179790337141
5.60434285713993,1.14823952273187,1.13882035795109,0.00941916478078042
5.60811428571135,1.14822662052143,1.13883003460893,0.0093965859125007
5.61188571428278,1.14821374923913,1.13883968807065,0.00937406116847739
5.61565714285421,1.14820090881084,1.13884931839187,0.00935159041896849
5.61942857142563,1.1481880991626,1.13885892562805,0.00932917353454266
5.62319999999706,1.14817532022062,1.13886850983454,0.00930681038607895
5.62697142856849,1.14816257191129,1.13887807106653,0.00928450084476573
5.63074285713991,1.1481498541612,1.1388876093791,0.0092622447820998
5.63451428571134,1.14813716689708,1.13889712482719,0.00924004206988727
5.63828571428277,1.14812451004585,1.13890661746561,0.00921789258023997
5.64205714285419,1.14811188353462,1.13891608734904,0.00919579618557731
5.64582857142562,1.14809928729064,1.13892553453202,0.0091737527586242
5.64959999999705,1.14808672124138,1.13893495906897,0.00915176217241065
5.65337142856847,1.14807418531444,1.13894436101417,0.00912982430027132
5.6571428571399,1.14806167943762,1.13895374042178,0.00910793901584395
5.66091428571132,1.1480492035389,1.13896309734583,0.00908610619306982
5.66468571428275,1.1480367575464,1.1389724318402,0.00906432570619153
5.66845714285418,1.14802434138843,1.13898174395868,0.00904259742975388
5.67222857142561,1.14801195499349,1.13899103375488,0.00902092123860254
5.67599999999703,1.14799959829022,1.13900030128234,0.00899929700788249
5.67977142856846,1.14798727120745,1.13900954659441,0.00897772461303825
5.68354285713988,1.14797497367418,1.13901876974437,0.008956203929813
5.68731428571131,1.14796270561957,1.13902797078532,0.00893473483424834
5.69108571428274,1.14795046697296,1.13903714977028,0.00891331720268185
5.69485714285416,1.14793825766386,1.13904630675211,0.00889195091174799
5.69862857142559,1.14792607762193,1.13905544178355,0.00887063583837788
5.70239999999702,1.14791392677703,1.13906455491723,0.00884937185979617
5.70617142856844,1.14790180505916,1.13907364620563,0.00882815885352306
5.70994285713987,1.1478897123985,1.13908271570113,0.00880699669737139
5.7137142857113,1.1478776487254,1.13909176345595,0.00878588526944757
5.71748571428272,1.14786561397037,1.13910078952222,0.00876482444814974
5.72125714285415,1.1478536080641,1.13910979395193,0.00874381411216807
5.72502857142558,1.14784163093742,1.13911877679694,0.00872285414048268
5.728799999997,1.14782968252135,1.13912773810899,0.0087019444123646
5.73257142856843,1.14781776274707,1.1391366779397,0.0086810848073744
5.73634285713986,1.14780587154592,1.13914559634056,0.00866027520536017
5.74011428571128,1.14779400884941,1.13915449336295,0.00863951548645936
5.74388571428271,1.1477821745892,1.1391633690581,0.00861880553109584
5.74765714285414,1.14777036869713,1.13917222347715,0.00859814521998037
5.75142857142556,1.14775859110521,1.1391810566711,0.00857753443410991
5.75519999999699,1.14774684174558,1.13918986869081,0.00855697305476655
5.75897142856842,1.14773512055058,1.13919865958706,0.00853646096351679
5.76274285713984,1.14772342745269,1.13920742941048,0.00851599804221137
5.76651428571127,1.14771176238456,1.13921617821158,0.00849558417298368
5.7702857142827,1.147700125279,1.13922490604075,0.00847521923825045
5.77405714285412,1.14768851606898,1.13923361294827,0.00845490312070929
5.77782857142555,1.14767693468762,1.13924229898428,0.0084346357033398
5.78159999999698,1.14766538106823,1.13925096419883,0.00841441686940203
5.7853714285684,1.14765385514425,1.13925960864181,0.00839424650243537
5.78914285713983,1.14764235684929,1.13926823236303,0.00837412448625874
5.79291428571126,1.14763088611713,1.13927683541216,0.00835405070496953
5.79668571428268,1.14761944288168,1.13928541783874,0.00833402504294289
5.80045714285411,1.14760802707705,1.13929397969222,0.00831404738483132
5.80422857142554,1.14759663863746,1.1393025210219,0.00829411761556353
5.80799999999696,1.14758527749734,1.139311041877,0.00827423562034424
5.81177142856839,1.14757394359123,1.13931954230658,0.00825440128465327
5.81554285713982,1.14756263685385,1.13932802235961,0.00823461449424512
5.81931428571124,1.14755135722008,1.13933648208494,0.00821487513514807
5.82308571428267,1.14754010462495,1.13934492153129,0.00819518309366352
5.8268571428541,1.14752887900364,1.13935334074727,0.0081755382563653
5.83062857142552,1.14751768029149,1.13936173978139,0.00815594051009949
5.83439999999695,1.14750650842399,1.13937011868201,0.00813638974198327
5.83817142856838,1.1474953633368,1.1393784774974,0.00811688583940429
5.8419428571398,1.14748424496573,1.13938681627571,0.00809742869002017
5.84571428571123,1.14747315324672,1.13939513506496,0.00807801818175813
5.84948571428265,1.14746208811589,1.13940343391308,0.0080586542028136
5.85325714285408,1.14745104950951,1.13941171286786,0.00803933664165024
5.85702857142551,1.147440037364,1.139419971977,0.00802006538699906
5.86079999999694,1.14742905161592,1.13942821128806,0.00800084032785797
5.86457142856836,1.14741809220199,1.1394364308485,0.00798166135349065
5.86834285713979,1.1474071590591,1.13944463070567,0.00796252835342637
5.87211428571121,1.14739625212426,1.1394528109068,0.00794344121745905
5.87588571428264,1.14738537133466,1.13946097149901,0.00792439983564708
5.87965714285407,1.14737451662761,1.13946911252929,0.00790540409831242
5.88342857142549,1.14736368794059,1.13947723404455,0.0078864538960397
5.88719999999692,1.14735288521124,1.13948533609157,0.0078675491196758
5.89097142856835,1.14734210837733,1.139493418717,0.00784868966032937
5.89474285713977,1.14733135737678,1.13950148196741,0.00782987540936997
5.8985142857112,1.14732063214767,1.13950952588924,0.00781110625842807
5.90228571428263,1.14730993262822,1.13951755052883,0.00779238209939326
5.90605714285405,1.14729925875681,1.13952555593239,0.00777370282441447
5.90982857142548,1.14728861047194,1.13953354214604,0.00775506832589912
5.91359999999691,1.14727798771229,1.13954150921578,0.00773647849651327
5.91737142856833,1.14726739041667,1.13954945718749,0.00771793322917924
5.92114285713976,1.14725681852404,1.13955738610697,0.00769943241707605
5.92491428571119,1.14724627197351,1.13956529601987,0.00768097595363981
5.92868571428261,1.14723575070432,1.13957318697176,0.00766256373256113
5.93245714285404,1.14722525465588,1.13958105900809,0.00764419564778573
5.93622857142547,1.14721478376772,1.13958891217421,0.0076258715935138
5.93999999999689,1.14720433797954,1.13959674651534,0.00760759146419909
5.94377142856832,1.14719391723117,1.13960456207662,0.00758935515454784
5.94754285713975,1.14718352146258,1.13961235890306,0.00757116255951895
5.95131428571117,1.1471731506139,1.13962013703958,0.00755301357432336
5.9550857142826,1.14716280462538,1.13962789653096,0.00753490809442359
5.95885714285403,1.14715248343745,1.13963563742191,0.00751684601553171
5.96262857142545,1.14714218699063,1.13964335975702,0.00749882723361006
5.96639999999688,1.14713191522564,1.13965106358077,0.00748085164487122
5.97017142856831,1.1471216680833,1.13965874893752,0.00746291914577579
5.97394285713973,1.14711144550459,1.13966641587156,0.00744502963303217
5.97771428571116,1.14710124743063,1.13967406442703,0.00742718300359768
5.98148571428259,1.14709107380267,1.139681694648,0.00740937915467521
5.98525714285401,1.14708092456212,1.13968930657841,0.00739161798371546
5.98902857142544,1.14707079965052,1.13969690026211,0.0073738993884136
5.99279999999687,1.14706069900955,1.13970447574284,0.00735622326671082
5.99657142856829,1.14705062258102,1.13971203306423,0.00733858951679323
6.00034285713972,1.14704057030691,1.13971957226982,0.00732099803709008
6.00411428571115,1.1470305421293,1.13972709340303,0.00730344872627464
6.00788571428257,1.14702053799044,1.13973459650717,0.00728594148326311
6.011657142854,1.14701055783269,1.13974208162548,0.00726847620721438
6.01542857142543,1.14700060159859,1.13974954880106,0.0072510527975278
6.01919999999685,1.14699066923077,1.13975699807692,0.00723367115384521
6.02297142856828,1.14698076067203,1.13976442949598,0.00721633117604803
6.02674285713971,1.14697087586529,1.13977184310103,0.00719903276425882
6.03051428571113,1.14696101475362,1.13977923893478,0.00718177581883817
6.03428571428256,1.14695117728022,1.13978661703983,0.0071645602403867
6.03805714285398,1.14694136338842,1.13979397745868,0.0071473859297424
6.04182857142541,1.1469315730217,1.13980132023372,0.00713025278798196
6.04559999999684,1.14692180612367,1.13980864540725,0.00711316071641832
6.04937142856827,1.14691206263806,1.13981595302146,0.00709610961660112
6.05314285713969,1.14690234250875,1.13982324311844,0.00707909939031603
6.05691428571112,1.14689264567976,1.13983051574018,0.00706212993958499
6.06068571428254,1.14688297209524,1.13983777092857,0.00704520116666352
6.06445714285397,1.14687332169945,1.13984500872541,0.00702831297404205
6.0682285714254,1.14686369443683,1.13985222917238,0.00701146526444507
6.07199999999682,1.1468540902519,1.13985943231107,0.00699465794082976
6.07577142856825,1.14684450908936,1.13986661818298,0.00697789090638579
6.07954285713968,1.14683495089402,1.13987378682948,0.00696116406453595
6.0833142857111,1.14682541561082,1.13988093829189,0.00694447731893288
6.08708571428253,1.14681590318483,1.13988807261137,0.00692783057346125
6.09085714285396,1.14680641356128,1.13989518982904,0.00691122373223618
6.09462857142538,1.14679694668549,1.13990228998588,0.00689465669960265
6.09839999999681,1.14678750250293,1.1399093731228,0.00687812938013432
6.10217142856824,1.14677808095922,1.13991643928059,0.00686164167863379
6.10594285713966,1.14676868200008,1.13992348849994,0.00684519350013257
6.10971428571109,1.14675930557136,1.13993052082148,0.00682878474988868
6.11348571428252,1.14674995161908,1.13993753628569,0.00681241533338861
6.11725714285394,1.14674062008934,1.139944534933,0.00679608515634378
6.12102857142537,1.1467313109284,1.1399515168037,0.00677979412469298
6.1247999999968,1.14672202408263,1.13995848193803,0.0067635421446004
6.12857142856822,1.14671275949854,1.13996543037609,0.00674732912245402
6.13234285713965,1.14670351712278,1.13997236215791,0.0067311549648672
6.13611428571108,1.1466942969021,1.13997927732342,0.00671501957867715
6.1398857142825,1.1466850987834,1.13998617591245,0.0066989228709442
6.14365714285393,1.14667592271369,1.13999305796474,0.00668286474895119
6.14742857142536,1.14666676864012,1.13999992351991,0.00666684512020321
6.15119999999678,1.14665763650996,1.14000677261753,0.00665086389242808
6.15497142856821,1.14664852627061,1.14001360529704,0.00663492097357365
6.15874285713964,1.1466394378696,1.1400204215978,0.00661901627180872
6.16251428571106,1.14663037125458,1.14002722155906,0.00660314969552256
6.16628571428249,1.14662132637333,1.14003400522,0.00658732115332383
6.17005714285392,1.14661230317374,1.1400407726197,0.00657153055403992
6.17382857142534,1.14660330160384,1.14004752379712,0.00655577780671779
6.17759999999677,1.14659432161178,1.14005425879116,0.00654006282062114
6.1813714285682,1.14658536314585,1.14006097764061,0.00652438550523171
6.18514285713962,1.14657642615443,1.14006768038418,0.00650874577024885
6.18891428571105,1.14656751058605,1.14007436706046,0.0064931435255875
6.19268571428248,1.14655861638936,1.14008103770798,0.00647757868137866
6.1964571428539,1.14654974351313,1.14008769236516,0.00646205114796916
6.20022857142533,1.14654089190624,1.14009433107032,0.00644656083592077
6.20399999999676,1.14653206151772,1.14010095386171,0.00643110765600907
6.20777142856818,1.1465232522967,1.14010756077748,0.00641569151922394
6.21154285713961,1.14651446419244,1.14011415185567,0.00640031233676885
6.21531428571104,1.14650569715432,1.14012072713426,0.00638497002005933
6.21908571428246,1.14649695113184,1.14012728665112,0.00636966448072429
6.22285714285389,1.14648822607463,1.14013383044403,0.00635439563060358
6.22662857142531,1.14647952193243,1.14014035855068,0.00633916338174889
6.23039999999674,1.1464708386551,1.14014687100868,0.0063239676464224
6.23417142856817,1.14646217619263,1.14015336785553,0.00630880833709724
6.2379428571396,1.14645353449512,1.14015984912866,0.00629368536645569
6.24171428571102,1.14644491351279,1.1401663148654,0.00627859864738922
6.24548571428245,1.146436313196,1.140172765103,0.00626354809299889
6.24925714285387,1.1464277334952,1.1401791998786,0.00624853361659361
6.2530285714253,1.14641917436097,1.14018561922928,0.00623355513168988
6.25679999999673,1.14641063574401,1.14019202319199,0.00621861255201206
6.26057142856815,1.14640211759514,1.14019841180365,0.00620370579149054
6.26434285713958,1.14639361986529,1.14020478510103,0.00618883476426291
6.26811428571101,1.14638514250553,1.14021114312085,0.00617399938467211
6.27188571428243,1.14637668546701,1.14021748589974,0.00615919956726652
6.27565714285386,1.14636824870103,1.14022381347423,0.00614443522679919
6.27942857142529,1.14635983215899,1.14023012588076,0.00612970627822773
6.28319999999671,1.14635143579241,1.14023642315569,0.00611501263671332
6.28697142856814,1.14634305955293,1.14024270533531,0.00610035421762078
6.29074285713957,1.1463347033923,1.14024897245578,0.0060857309365181
6.29451428571099,1.14632636726239,1.14025522455321,0.00607114270917486
6.29828571428242,1.14631805111518,1.14026146166362,0.0060565894515634
6.30205714285385,1.14630975490277,1.14026768382292,0.00604207107985655
6.30582857142527,1.14630147857739,1.14027389106696,0.00602758751042876
6.3095999999967,1.14629322209135,1.14028008343149,0.00601313865985498
6.31337142856813,1.14628498539709,1.14028626095218,0.00599872444491001
6.31714285713955,1.14627676844718,1.14029242366461,0.00598434478256804
6.32091428571098,1.14626857119429,1.14029857160428,0.00596999959000222
6.32468571428241,1.14626039359119,1.14030470480661,0.00595568878458419
6.32845714285383,1.14625223559079,1.14031082330691,0.00594141228388434
6.33222857142526,1.1462440971461,1.14031692714043,0.00592717000566956
6.33599999999669,1.14623597821023,1.14032301634233,0.0059129618679048
6.33977142856811,1.14622787873643,1.14032909094768,0.00589878778875152
6.34354285713954,1.14621979867804,1.14033515099147,0.00588464768656682
6.34731428571097,1.14621173798852,1.14034119650861,0.00587054147990362
6.35108571428239,1.14620369662143,1.14034722753392,0.00585646908751047
6.35485714285382,1.14619567453047,1.14035324410214,0.00584243042833088
6.35862857142525,1.14618767166943,1.14035924624793,0.00582842542150175
6.36239999999667,1.1461796879922,1.14036523400585,0.00581445398635472
6.3661714285681,1.14617172345281,1.14037120741039,0.00580051604241416
6.36994285713953,1.14616377800537,1.14037716649597,0.00578661150939808
6.37371428571095,1.14615585160412,1.14038311129691,0.00577274030721608
6.37748571428238,1.14614794420341,1.14038904184744,0.0057589023559701
6.38125714285381,1.14614005575769,1.14039495818173,0.00574509757595387
6.38502857142523,1.14613218622152,1.14040086033386,0.00573132588765191
6.38879999999666,1.14612433554957,1.14040674833783,0.00571758721173943
6.39257142856809,1.14611650369662,1.14041262222754,0.00570388146908196
6.39634285713951,1.14610869061756,1.14041848203683,0.00569020858073399
6.40011428571094,1.14610089626739,1.14042432779945,0.00567656846794007
6.40388571428237,1.14609312060122,1.14043015954909,0.00566296105213371
6.40765714285379,1.14608536357425,1.14043597731931,0.00564938625493583
6.41142857142522,1.1460776251418,1.14044178114365,0.00563584399815542
6.41519999999664,1.14606990525931,1.14044757105552,0.00562233420378999
6.41897142856807,1.1460622038823,1.14045334708828,0.00560885679402268
6.4227428571395,1.14605452096641,1.14045910927519,0.00559541169122402
6.42651428571092,1.1460468564674,1.14046485764945,0.00558199881795018
6.43028571428235,1.14603921034111,1.14047059224417,0.00556861809694298
6.43405714285378,1.1460315825435,1.14047631309237,0.00555526945112961
6.4378285714252,1.14602397303064,1.14048202022702,0.00554195280362224
6.44159999999663,1.1460163817587,1.14048771368098,0.00552866807771712
6.44537142856806,1.14600880868394,1.14049339348705,0.00551541519689391
6.44914285713948,1.14600125376275,1.14049905967794,0.00550219408481656
6.45291428571091,1.14599371695162,1.14050471228629,0.00548900466533109
6.45668571428234,1.14598619820712,1.14051035134466,0.00547584686246716
6.46045714285376,1.14597869748596,1.14051597688553,0.0054627206004354
6.46422857142519,1.14597121474493,1.1405215889413,0.00544962580362918
6.46799999999662,1.14596374994093,1.1405271875443,0.00543656239662216
6.47177142856804,1.14595630303095,1.14053277272678,0.00542353030416942
6.47554285713947,1.14594887397212,1.14053834452091,0.0054105294512059
6.4793142857109,1.14594146272163,1.14054390295878,0.00539755976284684
6.48308571428232,1.14593406923679,1.14054944807241,0.00538462116438776
6.48685714285375,1.14592669347503,1.14055497989373,0.00537171358130162
6.49062857142518,1.14591933539385,1.14056049845461,0.00535883693924077
6.4943999999966,1.14591199495088,1.14056600378684,0.00534599116403633
6.49817142856803,1.14590467210383,1.14057149592213,0.00533317618169638
6.50194285713946,1.14589736681052,1.14057697489211,0.00532039191840727
6.50571428571088,1.14589007902887,1.14058244072834,0.00530763830053105
6.50948571428231,1.14588280871692,1.14058789346231,0.00529491525460735
6.51325714285374,1.14587555583277,1.14059333312542,0.00528222270735168
6.51702857142516,1.14586832033466,1.14059875974901,0.00526956058565453
6.52079999999659,1.1458611021809,1.14060417336432,0.00525692881658291
6.52457142856802,1.14585390132993,1.14060957400255,0.00524432732737745
6.52834285713944,1.14584671774026,1.14061496169481,0.00523175604545378
6.53211428571087,1.14583955137051,1.14062033647211,0.00521921489840138
6.5358857142823,1.14583240217942,1.14062569836544,0.00520670381398358
6.53965714285372,1.14582527012579,1.14063104740566,0.00519422272013625
6.54342857142515,1.14581815516855,1.14063638362358,0.00518177154496891
6.54719999999658,1.14581105726672,1.14064170704996,0.00516935021676201
6.550971428568,1.14580397637941,1.14064701771544,0.00515695866396992
6.55474285713943,1.14579691246584,1.14065231565062,0.00514459681521662
6.55851428571086,1.14578986548531,1.14065760088601,0.00513226459929816
6.56228571428228,1.14578283539725,1.14066287345206,0.00511996194518138
6.56605714285371,1.14577582216114,1.14066813337914,0.00510768878200252
6.56982857142514,1.14576882573661,1.14067338069754,0.005095445039069
6.57359999999656,1.14576184608335,1.14067861543749,0.00508323064585592
6.57737142856799,1.14575488316115,1.14068383762914,0.00507104553200954
6.58114285713942,1.14574793692991,1.14068904730257,0.00505888962734335
6.58491428571084,1.14574100734962,1.14069424448778,0.00504676286183892
6.58868571428227,1.14573409438037,1.14069942921472,0.00503466516564699
6.59245714285369,1.14572719798233,1.14070460151325,0.00502259646908443
6.59622857142512,1.14572031811579,1.14070976141316,0.00501055670263573
6.59999999999655,1.14571345474112,1.14071490894416,0.00499854579695214
6.60377142856797,1.14570660781877,1.14072004413592,0.00498656368285055
6.6075428571394,1.14569977730932,1.14072516701801,0.00497461029131463
6.61131428571083,1.14569296317342,1.14073027761993,0.00496268555349233
6.61508571428225,1.14568616537183,1.14073537597113,0.00495078940069771
6.61885714285368,1.14567938386538,1.14074046210097,0.00493892176440891
6.62262857142511,1.14567261861501,1.14074553603874,0.00492708257626817
6.62639999999653,1.14566586958176,1.14075059781368,0.00491527176808226
6.63017142856796,1.14565913672675,1.14075564745493,0.00490348927182116
6.63394285713939,1.14565242001121,1.14076068499159,0.00489173501961715
6.63771428571081,1.14564571939644,1.14076571045267,0.00488000894376617
6.64148571428224,1.14563903484384,1.14077072386712,0.00486831097672624
6.64525714285367,1.14563236631492,1.14077572526381,0.00485664105111705
6.64902857142509,1.14562571377127,1.14078071467155,0.00484499909971992
6.65279999999652,1.14561907717456,1.14078569211908,0.00483338505547737
6.65657142856795,1.14561245648657,1.14079065763507,0.00482179885149225
6.66034285713937,1.14560585166916,1.14079561124813,0.00481024042102884
6.6641142857108,1.14559926268429,1.14080055298678,0.00479870969751017
6.66788571428223,1.14559268949401,1.14080548287949,0.00478720661451937
6.67165714285365,1.14558613206046,1.14081040095466,0.00477573110579876
6.67542857142508,1.14557959034586,1.14081530724061,0.0047642831052499
6.67919999999651,1.14557306431253,1.1408202017656,0.00475286254693219
6.68297142856793,1.14556655392289,1.14082508455783,0.00474146936506292
6.68674285713936,1.14556005913944,1.14082995564542,0.0047301034940177
6.69051428571079,1.14555357992476,1.14083481505643,0.00471876486832956
6.69428571428221,1.14554711624154,1.14083966281885,0.00470745342268786
6.69805714285364,1.14554066805254,1.1408444989606,0.00469616909193848
6.70182857142507,1.14553423532062,1.14084932350954,0.00468491181108388
6.70559999999649,1.14552781800873,1.14085413649345,0.0046736815152828
6.70937142856792,1.14552141607991,1.14085893794006,0.00466247813984833
6.71314285713935,1.14551502949728,1.14086372787704,0.00465130162024896
6.71691428571077,1.14550865822406,1.14086850633195,0.0046401518921082
6.7206857142822,1.14550230222355,1.14087327333234,0.00462902889120409
6.72445714285363,1.14549596145912,1.14087802890566,0.00461793255346765
6.72822857142505,1.14548963589428,1.14088277307929,0.00460686281498446
6.73199999999648,1.14548332549257,1.14088750588057,0.00459581961199285
6.73577142856791,1.14547703021765,1.14089222733676,0.00458480288088392
6.73954285713933,1.14547075003326,1.14089693747506,0.00457381255820133
6.74331428571076,1.14546448490322,1.14090163632258,0.00456284858064127
6.74708571428219,1.14545823479146,1.14090632390641,0.00455191088505091
6.75085714285361,1.14545199966196,1.14091100025353,0.00454099940842956
6.75462857142504,1.14544577947882,1.14091566539089,0.00453011408792681
6.75839999999647,1.1454395742062,1.14092031934535,0.0045192548608437
6.76217142856789,1.14543338380836,1.14092496214373,0.00450842166463117
6.76594285713932,1.14542720824965,1.14092959381276,0.00449761443688956
6.76971428571075,1.1454210474945,1.14093421437913,0.00448683311537001
6.77348571428217,1.14541490150741,1.14093882386944,0.00447607763797175
6.7772571428536,1.145408770253,1.14094342231025,0.00446534794274367
6.78102857142502,1.14540265369593,1.14094800972805,0.00445464396788231
6.78479999999645,1.14539655180099,1.14095258614926,0.00444396565173322
6.78857142856788,1.14539046453302,1.14095715160023,0.00443331293278959
6.7923428571393,1.14538439185697,1.14096170610727,0.0044226857496914
6.79611428571073,1.14537833373784,1.14096624969662,0.0044120840412265
6.79988571428216,1.14537229014076,1.14097078239443,0.00440150774632886
6.80365714285358,1.1453662610309,1.14097530422682,0.00439095680407964
6.80742857142501,1.14536024637355,1.14097981521984,0.00438043115370457
6.81119999999644,1.14535424613404,1.14098431539947,0.00436993073457681
6.81497142856786,1.14534826027784,1.14098880479162,0.00435945548621364
6.81874285713929,1.14534228877044,1.14099328342217,0.00434900534827776
6.82251428571072,1.14533633157747,1.1409977513169,0.00433858026057665
6.82628571428214,1.14533038866461,1.14100220850154,0.00432818016306169
6.83005714285357,1.14532445999762,1.14100665500179,0.00431780499582857
6.833828571425,1.14531854554235,1.14101109084324,0.0043074546991162
6.83759999999642,1.14531264526475,1.14101551605144,0.00429712921330716
6.84137142856785,1.14530675913082,1.14101993065189,0.00428682847892659
6.84514285713928,1.14530088710665,1.14102433467001,0.0042765524366426
6.8489142857107,1.14529502915844,1.14102872813117,0.00426630102726522
6.85268571428213,1.14528918525243,1.14103311106068,0.0042560741917459
6.85645714285356,1.14528335535496,1.14103748348378,0.00424587187117864
6.86022857142498,1.14527753943246,1.14104184542566,0.00423569400679824
6.86399999999641,1.14527173745142,1.14104619691144,0.00422554053998025
6.86777142856784,1.14526594937842,1.14105053796618,0.00421541141224036
6.87154285713926,1.14526017518013,1.1410548686149,0.00420530656523499
6.87531428571069,1.14525441482329,1.14105918888253,0.00419522594076072
6.87908571428212,1.14524866827472,1.14106349879396,0.00418516948075287
6.88285714285354,1.14524293550131,1.14106779837402,0.00417513712728668
6.88662857142497,1.14523721647004,1.14107208764747,0.00416512882257525
6.8903999999964,1.14523151114798,1.14107636663901,0.00415514450897159
6.89417142856782,1.14522581950227,1.1410806353733,0.00414518412896547
6.89794285713925,1.14522014150011,1.14108489387492,0.00413524762518547
6.90171428571068,1.1452144771088,1.1410891421684,0.00412533494039757
6.9054857142821,1.14520882629572,1.14109338027821,0.00411544601750458
6.90925714285353,1.14520318902831,1.14109760822877,0.00410558079954648
6.91302857142496,1.14519756527411,1.14110182604441,0.00409573922969964
6.91679999999638,1.14519195500073,1.14110603374945,0.00408592125127671
6.92057142856781,1.14518635817584,1.14111023136812,0.00407612680772607
6.92434285713924,1.14518077476722,1.14111441892459,0.00406635584263215
6.92811428571066,1.14517520474269,1.14111859644298,0.00405660829971399
6.93188571428209,1.14516964807019,1.14112276394736,0.00404688412282583
6.93565714285352,1.14516410471769,1.14112692146173,0.00403718325595648
6.93942857142494,1.14515857465327,1.14113106901004,0.00402750564322951
6.94319999999637,1.14515305784509,1.14113520661619,0.0040178512289013
6.9469714285678,1.14514755426135,1.14113933430399,0.00400821995736278
6.95074285713922,1.14514206387036,1.14114345209723,0.00399861177313787
6.95451428571065,1.1451365866405,1.14114756001962,0.00398902662088352
6.95828571428208,1.14513112254022,1.14115165809483,0.00397946444538944
6.9620571428535,1.14512567153804,1.14115574634647,0.00396992519157768
6.96582857142493,1.14512023360257,1.14115982479807,0.00396040880450155
6.96959999999635,1.14511480870248,1.14116389347314,0.00395091522934754
6.97337142856778,1.14510939680653,1.1411679523951,0.00394144441143207
6.97714285713921,1.14510399788355,1.14117200158734,0.00393199629620411
6.98091428571063,1.14509861190242,1.14117604107318,0.00392257082924186
6.98468571428206,1.14509323883215,1.14118007087589,0.00391316795625496
6.98845714285349,1.14508787864176,1.14118409101868,0.00390378762308297
6.99222857142491,1.1450825313004,1.1411881015247,0.00389442977569532
6.99599999999634,1.14507719677725,1.14119210241706,0.00388509436019069
6.99977142856777,1.1450718750416,1.1411960937188,0.0038757813227972
7.00354285713919,1.14506656606278,1.14120007545291,0.00386649060987221
7.00731428571062,1.14506126981023,1.14120404764233,0.00385722216790052
7.01108571428205,1.14505598625343,1.14120801030993,0.00384797594349684
7.01485714285347,1.14505071536194,1.14121196347854,0.00383875188340266
7.0186285714249,1.14504545710542,1.14121590717093,0.00382954993448736
7.02239999999633,1.14504021145357,1.14121984140982,0.00382037004374758
7.02617142856775,1.14503497837618,1.14122376621787,0.00381121215830782
7.02994285713918,1.1450297578431,1.14122768161768,0.00380207622541806
7.03371428571061,1.14502454982426,1.1412315876318,0.00379296219245595
7.03748571428203,1.14501935428967,1.14123548428275,0.00378387000692437
7.04125714285346,1.1450141712094,1.14123937159295,0.00377479961645255
7.04502857142489,1.1450090005536,1.1412432495848,0.00376575096879561
7.04879999999631,1.14500384229248,1.14124711828064,0.00375672401183258
7.05257142856774,1.14499869639632,1.14125097770276,0.0037477186935686
7.05634285713917,1.1449935628355,1.14125482787337,0.00373873496213317
7.06011428571059,1.14498844158045,1.14125866881467,0.00372977276578013
7.06388571428202,1.14498333260165,1.14126250054876,0.0037208320528872
7.06765714285345,1.14497823586969,1.14126632309773,0.00371191277195582
7.07142857142487,1.14497315135521,1.1412701364836,0.00370301487161107
7.0751999999963,1.14496807902891,1.14127394072831,0.0036941383006015
7.07897142856773,1.1449630188616,1.1412777358538,0.00368528300779758
7.08274285713915,1.14495797082411,1.14128152188192,0.00367644894219343
7.08651428571058,1.14495293488737,1.14128529883447,0.00366763605290443
7.09028571428201,1.14494791102238,1.14128906673321,0.00365884428916852
7.09405714285343,1.1449428992002,1.14129282559985,0.00365007360034553
7.09782857142486,1.14493789939195,1.14129657545604,0.0036413239359161
7.10159999999629,1.14493291156885,1.14130031632336,0.00363259524548187
7.10537142856771,1.14492793570215,1.14130404822339,0.00362388747876641
7.10914285713914,1.14492297176321,1.14130777117759,0.00361520058561271
7.11291428571057,1.14491801972342,1.14131148520744,0.00360653451598436
7.11668571428199,1.14491307955427,1.1413151903343,0.00359788921996462
7.12045714285342,1.14490815122729,1.14131888657953,0.00358926464775711
7.12422857142485,1.14490323471411,1.14132257396442,0.00358066074968399
7.12799999999627,1.14489832998639,1.14132625251021,0.00357207747618693
7.1317714285677,1.1448934370159,1.14132992223807,0.00356351477782657
7.13554285713913,1.14488855577445,1.14133358316916,0.0035549726052817
7.13931428571055,1.14488368623391,1.14133723532456,0.00354645090934946
7.14308571428198,1.14487882836625,1.14134087872531,0.00353794964094489
7.14685714285341,1.14487398214349,1.14134451339239,0.00352946875110094
7.15062857142483,1.1448691475377,1.14134813934673,0.00352100819096757
7.15439999999626,1.14486432452104,1.14135175660922,0.0035125679118122
7.15817142856768,1.14485951306572,1.14135536520071,0.00350414786501885
7.16194285713911,1.14485471314405,1.14135896514196,0.00349574800208785
7.16571428571054,1.14484992472836,1.14136255645373,0.00348736827463658
7.16948571428197,1.14484514779108,1.14136613915669,0.00347900863439743
7.17325714285339,1.1448403823047,1.14136971327148,0.00347066903321891
7.17702857142482,1.14483562824175,1.14137327881869,0.00346234942306545
7.18079999999624,1.14483088557487,1.14137683581885,0.0034540497560156
7.18457142856767,1.14482615427672,1.14138038429246,0.00344576998426382
7.1883428571391,1.14482143432007,1.14138392425995,0.0034375100601185
7.19211428571052,1.14481672567772,1.14138745574171,0.00342926993600257
7.19588571428195,1.14481202832254,1.14139097875809,0.0034210495644531
7.19965714285338,1.1448073422275,1.14139449332938,0.00341284889812021
7.2034285714248,1.14480266736558,1.14139799947581,0.00340466788976879
7.20719999999623,1.14479800370987,1.1414014972176,0.0033965064922763
7.21097142856766,1.1447933512335,1.14140498657487,0.00338836465863301
7.21474285713908,1.14478870990968,1.14140846756774,0.00338024234194156
7.21851428571051,1.14478407971167,1.14141194021625,0.00337213949541848
7.22228571428194,1.14477946061279,1.1414154045404,0.00336405607239043
7.22605714285336,1.14477485258646,1.14141886056016,0.00335599202629755
7.22982857142479,1.14477025560611,1.14142230829542,0.00334794731069077
7.23359999999622,1.14476566964528,1.14142574776604,0.00333992187923271
7.23737142856764,1.14476109467754,1.14142917899184,0.00333191568569702
7.24114285713907,1.14475653067655,1.14143260199259,0.00332392868396769
7.2449142857105,1.14475197761602,1.14143601678798,0.0033159608280402
7.24868571428192,1.14474743546973,1.14143942339771,0.00330801207201925
7.25245714285335,1.1447429042115,1.14144282184138,0.00330008237012058
7.25622857142478,1.14473838381524,1.14144621213857,0.00329217167666873
7.2599999999962,1.14473387425491,1.14144959430881,0.00328427994609859
7.26377142856763,1.14472937550454,1.14145296837159,0.00327640713295341
7.26754285713906,1.14472488753822,1.14145633434633,0.00326855319188635
7.27131428571048,1.14472041033009,1.14145969225243,0.00326071807765826
7.27508571428191,1.14471594385437,1.14146304210923,0.00325290174513948
7.27885714285334,1.14471148808532,1.14146638393601,0.00324510414930712
7.28262857142476,1.14470704299728,1.14146971775204,0.00323732524524822
7.28639999999619,1.14470260856466,1.1414730435765,0.00322956498815574
7.29017142856762,1.1446981847619,1.14147636142857,0.00322182333333076
7.29394285713904,1.14469377156353,1.14147967132735,0.00321410023618118
7.29771428571047,1.14468936894413,1.1414829732919,0.00320639565222236
7.3014857142819,1.14468497687833,1.14148626734125,0.00319870953707579
7.30525714285332,1.14468059534084,1.14148955349437,0.00319104184646957
7.30902857142475,1.14467622430642,1.14149283177018,0.00318339253623812
7.31279999999618,1.1446718637499,1.14149610218758,0.00317576156232069
7.3165714285676,1.14466751364615,1.14149936476539,0.00316814888076378
7.32034285713903,1.14466317397012,1.14150261952241,0.00316055444771823
7.32411428571046,1.14465884469682,1.14150586647738,0.00315297821943994
7.32788571428188,1.14465452580131,1.14150910564902,0.00314542015228958
7.33165714285331,1.1446502172587,1.14151233705597,0.00313788020273353
7.33542857142474,1.14464591904419,1.14151556071685,0.00313035832734121
7.33919999999616,1.14464163113302,1.14151877665023,0.00312285448278704
7.34297142856759,1.14463735350048,1.14152198487464,0.00311536862584827
7.34674285713901,1.14463308612195,1.14152518540854,0.00310790071340739
7.35051428571044,1.14462882897283,1.14152837827038,0.00310045070244858
7.35428571428187,1.14462458202861,1.14153156347855,0.00309301855006017
7.3580571428533,1.14462034526482,1.14153474105139,0.00308560421343262
7.36182857142472,1.14461611865706,1.1415379110072,0.00307820764985989
7.36559999999615,1.14461190218099,1.14154107336426,0.00307082881673759
7.36937142856757,1.14460769581232,1.14154422814076,0.00306346767156396
7.373142857139,1.14460349952682,1.14154737535488,0.00305612417193823
7.37691428571043,1.14459931330032,1.14155051502476,0.0030487982755627
7.38068571428185,1.14459513710871,1.14155364716847,0.00304148994023956
7.38445714285328,1.14459097092793,1.14155677180405,0.00303419912387337
7.38822857142471,1.14458681473398,1.14155988894951,0.00302692578446906
7.39199999999613,1.14458266850293,1.1415629986228,0.00301966988013169
7.39577142856756,1.1445785322109,1.14156610084183,0.00301243136906804
7.39954285713899,1.14457440583405,1.14156919562446,0.00300521020958389
7.40331428571041,1.14457028934862,1.14157228298853,0.00299800636008563
7.40708571428184,1.1445661827309,1.14157536295182,0.00299081977907911
7.41085714285327,1.14456208595724,1.14157843553207,0.00298365042516968
7.41462857142469,1.14455799900404,1.14158150074697,0.0029764982570617
7.41839999999612,1.14455392184775,1.14158455861419,0.00296936323355901
7.42217142856755,1.14454985446489,1.14158760915133,0.00296224531356382
7.42594285713897,1.14454579683204,1.14159065237597,0.00295514445607736
7.4297142857104,1.14454174892583,1.14159368830563,0.00294806062019815
7.43348571428183,1.14453771072293,1.1415967169578,0.00294099376512347
7.43725714285325,1.14453368220008,1.14159973834994,0.00293394385014856
7.44102857142468,1.14452966333409,1.14160275249943,0.0029269108346659
7.44479999999611,1.14452565410181,1.14160575942364,0.00291989467816522
7.44857142856753,1.14452165448013,1.1416087591399,0.00291289534023353
7.45234285713896,1.14451766444603,1.14161175166548,0.00290591278055485
7.45611428571039,1.14451368397652,1.14161473701761,0.0028989469589098
7.45988571428181,1.14450971304867,1.1416177152135,0.00289199783517491
7.46365714285324,1.14450575163961,1.14162068627029,0.00288506536932354
7.46742857142467,1.14450179972653,1.1416236502051,0.00287814952142473
7.47119999999609,1.14449785728665,1.14162660703501,0.00287125025164348
7.47497142856752,1.14449392429728,1.14162955677704,0.00286436752023955
7.47874285713895,1.14449000073575,1.14163249944818,0.00285750128756845
7.48251428571037,1.14448608657948,1.14163543506539,0.00285065151408159
7.4862857142818,1.1444821818059,1.14163836364558,0.00284381816032342
7.49005714285323,1.14447828639253,1.1416412852056,0.00283700118693431
7.49382857142465,1.14447440031694,1.14164419976229,0.00283020055464833
7.49759999999608,1.14447052355674,1.14164710733245,0.00282341622429416
7.50137142856751,1.1444666560896,1.1416500079328,0.00281664815679394
7.50514285713893,1.14446279789324,1.14165290158007,0.00280989631316353
7.50891428571036,1.14445894894544,1.14165578829092,0.00280316065451269
7.51268571428179,1.14445510922402,1.14165866808198,0.0027964411420438
7.51645714285321,1.14445127870689,1.14166154096983,0.00278973773705293
7.52022857142464,1.14444745737196,1.14166440697103,0.00278305040092786
7.52399999999607,1.14444364519723,1.14166726610208,0.00277637909515027
7.52777142856749,1.14443984216074,1.14167011837945,0.00276972378129292
7.53154285713892,1.14443604824058,1.14167296381956,0.00276308442102136
7.53531428571034,1.14443226341491,1.14167580243882,0.00275646097609372
7.53908571428177,1.14442848766192,1.14167863425356,0.00274985340835787
7.5428571428532,1.14442472095986,1.1416814592801,0.00274326167975514
7.54662857142463,1.14442096328704,1.14168427753472,0.00273668575231656
7.55039999999605,1.14441721462181,1.14168708903364,0.00273012558816554
7.55417142856748,1.14441347494258,1.14168989379307,0.00272358114951476
7.5579428571389,1.14440974422781,1.14169269182914,0.00271705239866904
7.56171428571033,1.14440602245601,1.14169548315799,0.00271053929802223
7.56548571428176,1.14440230960575,1.14169826779569,0.00270404181005968
7.56925714285318,1.14439860565563,1.14170104575828,0.00269755989735532
7.57302857142461,1.14439491058433,1.14170381706175,0.00269109352257346
7.57679999999604,1.14439122437055,1.14170658172209,0.00268464264846791
7.58057142856746,1.14438754699308,1.14170933975519,0.0026782072378817
7.58434285713889,1.14438387843071,1.14171209117697,0.00267178725374717
7.58811428571032,1.14438021866233,1.14171483600325,0.00266538265908478
7.59188571428174,1.14437656766686,1.14171757424986,0.00265899341700426
7.59565714285317,1.14437292542326,1.14172030593256,0.00265261949070394
7.5994285714246,1.14436929191055,1.14172303106708,0.00264626084346964
7.60319999999602,1.14436566710781,1.14172574966914,0.00263991743867575
7.60697142856745,1.14436205099416,1.14172846175438,0.00263358923978463
7.61074285713888,1.14435844354877,1.14173116733842,0.00262727621034542
7.6145142857103,1.14435484475085,1.14173386643686,0.00262097831399521
7.61828571428173,1.14435125457969,1.14173655906523,0.00261469551445859
7.62205714285316,1.1443476730146,1.14173924523905,0.00260842777554648
7.62582857142458,1.14434410003495,1.14174192497379,0.00260217506115623
7.62959999999601,1.14434053562016,1.14174459828488,0.00259593733527308
7.63337142856744,1.1443369797497,1.14174726518773,0.0025897145619671
7.63714285713886,1.14433343240308,1.14174992569769,0.00258350670539587
7.64091428571029,1.14432989355989,1.14175257983008,0.00257731372980152
7.64468571428172,1.14432636319972,1.14175522760021,0.00257113559951283
7.64845714285314,1.14432284130225,1.14175786902331,0.00256497227894381
7.65222857142457,1.1443193278472,1.1417605041146,0.00255882373259375
7.655999999996,1.14431582281431,1.14176313288927,0.00255268992504742
7.65977142856742,1.14431232618341,1.14176575536244,0.00254657082097354
7.66354285713885,1.14430883793436,1.14176837154923,0.00254046638512651
7.66731428571028,1.14430535804705,1.14177098146471,0.0025343765823449
7.6710857142817,1.14430188650146,1.14177358512391,0.002528301377551
7.67485714285313,1.14429842327757,1.14177618254182,0.00252224073575213
7.67862857142456,1.14429496835545,1.14177877373341,0.00251619462203889
7.68239999999598,1.14429152171519,1.14178135871361,0.00251016300158602
7.68617142856741,1.14428808333694,1.14178393749729,0.00250414583965086
7.68994285713884,1.1442846532009,1.14178651009932,0.00249814310157537
7.69371428571026,1.1442812312873,1.14178907653452,0.00249215475278275
7.69748571428169,1.14427781757645,1.14179163681767,0.00248618075878104
7.70125714285312,1.14427441204866,1.1417941909635,0.00248022108515999
7.70502857142454,1.14427101468434,1.14179673898675,0.00247427569759173
7.70879999999597,1.1442676254639,1.14179928090207,0.00246834456183076
7.7125714285674,1.14426424436784,1.14180181672412,0.00246242764371396
7.71634285713882,1.14426087137666,1.1418043464675,0.00245652490915993
7.72011428571025,1.14425750647095,1.14180687014678,0.0024506363241692
7.72388571428167,1.14425414963133,1.1418093877765,0.0024447618548229
7.7276571428531,1.14425080083845,1.14181189937116,0.00243890146728498
7.73142857142453,1.14424746007303,1.14181440494523,0.0024330551277989
7.73519999999595,1.14424412731582,1.14181690451313,0.00242722280269048
7.73897142856738,1.14424080254764,1.14181939808927,0.00242140445836481
7.74274285713881,1.14423748574932,1.14182188568801,0.00241560006130914
7.74651428571023,1.14423417690177,1.14182436732368,0.00240980957808934
7.75028571428166,1.14423087598592,1.14182684301056,0.00240403297535297
7.75405714285309,1.14422758298276,1.14182931276293,0.00239827021982619
7.75782857142451,1.14422429787332,1.14183177659501,0.00239252127831624
7.76159999999594,1.14422102063869,1.14183423452098,0.00238678611770893
7.76537142856737,1.14421775125998,1.14183668655501,0.00238106470496979
7.76914285713879,1.14421448971837,1.14183913271122,0.00237535700714364
7.77291428571022,1.14421123599506,1.14184157300371,0.00236966299135388
7.77668571428165,1.14420799007132,1.14184400744651,0.00236398262480342
7.78045714285307,1.14420475192844,1.14184643605367,0.00235831587477309
7.7842285714245,1.14420152154778,1.14184885883916,0.00235266270862278
7.78799999999593,1.14419829891074,1.14185127581695,0.00234702309379009
7.79177142856735,1.14419508399874,1.14185368700095,0.00234139699779079
7.79554285713878,1.14419187679327,1.14185609240505,0.00233578438821858
7.79931428571021,1.14418867727585,1.14185849204311,0.00233018523274553
7.80308571428163,1.14418548542807,1.14186088592895,0.00232459949911967
7.80685714285306,1.14418230123152,1.14186327407636,0.00231902715516741
7.81062857142449,1.14417912466788,1.14186565649909,0.00231346816879263
7.81439999999591,1.14417595571884,1.14186803321087,0.0023079225079754
7.81817142856734,1.14417279436616,1.14187040422538,0.00230239014077216
7.82194285713877,1.14416964059161,1.14187276955629,0.0022968710353175
7.82571428571019,1.14416649437704,1.14187512921722,0.00229136515982042
7.82948571428162,1.14416335570432,1.14187748322176,0.00228587248256784
7.83325714285305,1.14416022455538,1.14187983158346,0.00228039297192195
7.83702857142447,1.14415710091218,1.14188217431586,0.00227492659632045
7.8407999999959,1.14415398475673,1.14188451143245,0.00226947332427718
7.84457142856733,1.14415087607108,1.14188684294669,0.00226403312438128
7.84834285713875,1.14414777483731,1.14188916887202,0.00225860596529759
7.85211428571018,1.14414468103758,1.14189148922181,0.00225319181576533
7.85588571428161,1.14414159465406,1.14189380400946,0.00224779064459946
7.85965714285303,1.14413851566896,1.14189611324828,0.00224240242068863
7.86342857142446,1.14413544406457,1.14189841695157,0.00223702711299723
7.86719999999589,1.14413237982318,1.14190071513262,0.00223166469056357
7.87097142856731,1.14412932292714,1.14190300780464,0.00222631512249971
7.87474285713874,1.14412627335885,1.14190529498086,0.00222097837799273
7.87851428571017,1.14412323110074,1.14190757667444,0.00221565442630256
7.88228571428159,1.14412019613529,1.14190985289853,0.0022103432367635
7.88605714285302,1.14411716844502,1.14191212366624,0.00220504477878314
7.88982857142445,1.14411414801248,1.14191438899064,0.00219975902184233
7.89359999999587,1.14411113482028,1.14191664888479,0.00219448593549498
7.8973714285673,1.14410812885107,1.1419189033617,0.00218922548936895
7.90114285713872,1.14410513008752,1.14192115243436,0.00218397765316292
7.90491428571015,1.14410213851237,1.14192339611572,0.00217874239665061
7.90868571428158,1.14409915410839,1.14192563441871,0.00217351968967594
7.912457142853,1.14409617685838,1.14192786735622,0.00216830950215674
7.91622857142443,1.14409320674519,1.14193009494111,0.00216311180408235
7.91999999999586,1.14409024375172,1.14193231718621,0.00215792656551361
7.92377142856728,1.14408728786091,1.14193453410432,0.00215275375658441
7.92754285713871,1.14408433905571,1.14193674570821,0.00214759334749859
7.93131428571014,1.14408139731916,1.14193895201063,0.00214244530853303
7.93508571428156,1.14407846263431,1.14194115302427,0.00213730961003433
7.93885714285299,1.14407553498424,1.14194334876182,0.00213218622242128
7.94262857142442,1.1440726143521,1.14194553923592,0.00212707511618304
7.94639999999584,1.14406970072107,1.14194772445919,0.00212197626187982
7.95017142856727,1.14406679407437,1.14194990444422,0.00211688963014223
7.9539428571387,1.14406389439524,1.14195207920357,0.00211181519167147
7.95771428571012,1.14406100166699,1.14195424874975,0.00210675291723827
7.96148571428155,1.14405811587296,1.14195641309528,0.00210170277768484
7.96525714285298,1.14405523699653,1.1419585722526,0.00209666474392156
7.9690285714244,1.1440523650211,1.14196072623417,0.00209163878692986
7.97279999999583,1.14404949993015,1.14196287505239,0.00208662487776046
7.97657142856726,1.14404664170716,1.14196501871963,0.00208162298753267
7.98034285713868,1.14404379033568,1.14196715724824,0.00207663308743644
7.98411428571011,1.14404094579927,1.14196929065054,0.0020716551487292
7.98788571428154,1.14403810808156,1.14197141893883,0.00206668914273833
7.99165714285296,1.14403527716621,1.14197354212535,0.0020617350408596
7.99542857142439,1.14403245303689,1.14197566022233,0.00205679281455784
7.99919999999582,1.14402963567735,1.14197777324199,0.00205186243536559
8.00297142856724,1.14402682507136,1.14197988119648,0.0020469438748838
8.00674285713867,1.14402402120273,1.14198198409795,0.00204203710478179
8.0105142857101,1.14402122405531,1.14198408195852,0.00203714209679662
8.01428571428152,1.14401843361299,1.14198617479026,0.00203225882273284
8.01805714285295,1.14401564985969,1.14198826260523,0.00202738725446294
8.02182857142438,1.14401287277939,1.14199034541546,0.00202252736392694
8.0255999999958,1.14401010235608,1.14199242323294,0.00201767912313167
8.02937142856723,1.1440073385738,1.14199449606965,0.00201284250415124
8.03314285713866,1.14400458141664,1.14199656393752,0.00200801747912704
8.03691428571008,1.14400183086872,1.14199862684846,0.00200320402026688
8.04068571428151,1.1439990869142,1.14200068481435,0.00199840209984514
8.04445714285294,1.14399634953726,1.14200273784706,0.00199361169020285
8.04822857142436,1.14399361872214,1.14200478595839,0.00198883276374739
8.05199999999579,1.14399089445312,1.14200682916016,0.00198406529295214
8.05577142856722,1.14398817671449,1.14200886746413,0.00197930925035639
8.05954285713864,1.14398546549061,1.14201090088204,0.00197456460856538
8.06331428571007,1.14398276076586,1.14201292942561,0.00196983134025031
8.06708571428149,1.14398006252466,1.14201495310651,0.0019651094181472
8.07085714285292,1.14397737075146,1.1420169719364,0.00196039881505827
8.07462857142435,1.14397468543077,1.14201898592692,0.00195569950384988
8.07839999999577,1.14397200654712,1.14202099508966,0.00195101145745458
8.0821714285672,1.14396933408507,1.1420229994362,0.00194633464886929
8.08594285713863,1.14396666802923,1.14202499897808,0.00194166905115489
8.08971428571006,1.14396400836425,1.14202699372681,0.00193701463743845
8.09348571428148,1.14396135507481,1.1420289836939,0.00193237138090985
8.09725714285291,1.14395870814561,1.14203096889079,0.0019277392548247
8.10102857142433,1.14395606756143,1.14203294932893,0.00192311823250146
8.10479999999576,1.14395343330704,1.14203492501972,0.00191850828732343
8.10857142856719,1.14395080536728,1.14203689597454,0.00191390939273695
8.11234285713861,1.143948183727,1.14203886220475,0.00190932152225254
8.11611428571004,1.14394556837111,1.14204082372167,0.0019047446494449
8.11988571428147,1.14394295928454,1.14204278053659,0.00190017874795001
8.12365714285289,1.14394035645227,1.1420447326608,0.0018956237914689
8.12742857142432,1.14393775985929,1.14204668010553,0.00189107975376523
8.13119999999575,1.14393516949067,1.142048622882,0.00188654660866505
8.13497142856717,1.14393258533146,1.1420505610014,0.00188202433005813
8.1387428571386,1.1439300073668,1.1420524944749,0.00187751289189531
8.14251428571003,1.14392743558182,1.14205442331363,0.00187301226819114
8.14628571428145,1.14392486996173,1.1420563475287,0.00186852243302216
8.15005714285288,1.14392231049173,1.1420582671312,0.00186404336052681
8.15382857142431,1.14391975715709,1.14206018213218,0.00185957502490575
8.15759999999573,1.1439172099431,1.14206209254268,0.00185511740042155
8.16137142856716,1.14391466883508,1.14206399837369,0.00185067046139809
8.16514285713859,1.14391213381841,1.14206589963619,0.00184623418222074
8.16891428571001,1.14390960487848,1.14206779634114,0.00184180853733729
8.17268571428144,1.14390708200072,1.14206968849946,0.00183739350125545
8.17645714285287,1.1439045651706,1.14207157612205,0.00183298904854534
8.18022857142429,1.14390205437362,1.14207345921978,0.00182859515383638
8.18399999999572,1.14389954959533,1.14207533780351,0.00182421179182057
8.18777142856715,1.14389705082129,1.14207721188404,0.00181983893724946
8.19154285713857,1.14389455803711,1.14207908147217,0.00181547656493564
8.19531428571,1.14389207122843,1.14208094657868,0.00181112464975142
8.19908571428143,1.14388959038093,1.1420828072143,0.00180678316663063
8.20285714285285,1.14388711548032,1.14208466338976,0.00180245209056551
8.20662857142428,1.14388464651235,1.14208651511574,0.00179813139660956
8.21039999999571,1.14388218346279,1.14208836240291,0.00179382105987513
8.21417142856713,1.14387972631745,1.14209020526191,0.00178952105553543
8.21794285713856,1.14387727506218,1.14209204370336,0.00178523135882247
8.22171428570999,1.14387482968287,1.14209387773785,0.0017809519450267
8.22548571428141,1.14387239016543,1.14209570737593,0.00177668278949961
8.22925714285284,1.1438699564958,1.14209753262815,0.00177242386765042
8.23302857142427,1.14386752865997,1.14209935350502,0.00176817515494831
8.23679999999569,1.14386510664395,1.14210117001703,0.0017639366269202
8.24057142856712,1.1438626904338,1.14210298217465,0.0017597082591525
8.24434285713854,1.14386028001559,1.1421047899883,0.00175549002728959
8.24811428570997,1.14385787537545,1.14210659346841,0.00175128190703466
8.2518857142814,1.14385547649951,1.14210839262536,0.00174708387414912
8.25565714285283,1.14385308337397,1.14211018746952,0.00174289590445187
8.25942857142425,1.14385069598504,1.14211197801122,0.00173871797382064
8.26319999999568,1.14384831431897,1.14211376426078,0.00173455005819068
8.26697142856711,1.14384593836203,1.14211554622848,0.00173039213355453
8.27074285713853,1.14384356810055,1.14211732392459,0.00172624417596245
8.27451428570996,1.14384120352087,1.14211909735935,0.00172210616152291
8.27828571428138,1.14383884460937,1.14212086654297,0.00171797806640028
8.28205714285281,1.14383649135247,1.14212263148565,0.00171385986681716
8.28582857142424,1.1438341437366,1.14212439219755,0.00170975153905251
8.28959999999566,1.14383180174825,1.14212614868881,0.00170565305944237
8.29337142856709,1.14382946537393,1.14212790096955,0.00170156440438007
8.29714285713852,1.14382713460018,1.14212964904987,0.00169748555031446
8.30091428570995,1.14382480941357,1.14213139293982,0.00169341647375143
8.30468571428137,1.14382248980072,1.14213313264946,0.00168935715125307
8.3084571428528,1.14382017574825,1.14213486818881,0.00168530755943808
8.31222857142422,1.14381786724285,1.14213659956787,0.00168126767498045
8.31599999999565,1.14381556427121,1.1421383267966,0.00167723747461079
8.31977142856708,1.14381326682007,1.14214004988495,0.0016732169351148
8.3235428571385,1.14381097487619,1.14214176884286,0.00166920603333454
8.32731428570993,1.14380868842638,1.14214348368021,0.00166520474616738
8.33108571428136,1.14380640745747,1.1421451944069,0.00166121305056555
8.33485714285278,1.14380413195631,1.14214690103277,0.0016572309235372
8.33862857142421,1.1438018619098,1.14214860356765,0.00165325834214491
8.34239999999564,1.14379959730486,1.14215030202135,0.00164929528350721
8.34617142856706,1.14379733812845,1.14215199640366,0.00164534172479636
8.34994285713849,1.14379508436757,1.14215368672433,0.00164139764324056
8.35371428570992,1.14379283600921,1.14215537299309,0.00163746301612111
8.35748571428134,1.14379059304044,1.14215705521967,0.00163353782077547
8.36125714285277,1.14378835544834,1.14215873341375,0.00162962203459371
8.3650285714242,1.14378612322001,1.14216040758499,0.00162571563502145
8.36879999999562,1.1437838963426,1.14216207774305,0.00162181859955779
8.37257142856705,1.14378167480329,1.14216374389753,0.00161793090575579
8.37634285713848,1.14377945858927,1.14216540605805,0.00161405253122227
8.3801142857099,1.14377724768778,1.14216706423416,0.00161018345361819
8.38388571428133,1.14377504208609,1.14216871843543,0.00160632365065716
8.38765714285276,1.14377284177149,1.14217036867138,0.00160247310010697
8.39142857142418,1.14377064673131,1.14217201495152,0.00159863177978847
8.39519999999561,1.1437684569529,1.14217365728532,0.00159479966757581
8.39897142856704,1.14376627242365,1.14217529568226,0.00159097674139619
8.40274285713846,1.14376409313099,1.14217693015176,0.00158716297922923
8.40651428570989,1.14376191906235,1.14217856070324,0.00158335835910761
8.41028571428131,1.14375975020521,1.14218018734609,0.00157956285911709
8.41405714285274,1.14375758654708,1.14218181008969,0.00157577645739559
8.41782857142417,1.1437554280755,1.14218342894337,0.00157199913213346
8.4215999999956,1.14375327477804,1.14218504391647,0.00156823086157321
8.42537142856702,1.14375112664229,1.14218665501828,0.00156447162400952
8.42914285713845,1.14374898365588,1.14218826225809,0.00156072139778951
8.43291428570988,1.14374684580646,1.14218986564515,0.001556980161312
8.4366857142813,1.14374471308173,1.1421914651887,0.00155324789302691
8.44045714285273,1.14374258546939,1.14219306089796,0.00154952457143676
8.44422857142415,1.1437404629572,1.1421946527821,0.00154581017509559
8.44799999999558,1.14373834553292,1.14219624085031,0.00154210468260785
8.45177142856701,1.14373623318436,1.14219782511173,0.00153840807263039
8.45554285713843,1.14373412589935,1.14219940557548,0.0015347203238707
8.45931428570986,1.14373202366576,1.14220098225068,0.00153104141508753
8.46308571428129,1.14372992647148,1.14220255514639,0.00152737132508984
8.46685714285272,1.14372783430442,1.14220412427168,0.0015237100327381
8.47062857142414,1.14372574715254,1.1422056896356,0.00152005751694384
8.47439999999557,1.14372366500381,1.14220725124714,0.00151641375666811
8.47817142856699,1.14372158784624,1.14220880911532,0.00151277873092326
8.48194285713842,1.14371951566787,1.1422103632491,0.00150915241877092
8.48571428570985,1.14371744845676,1.14221191365743,0.00150553479932403
8.48948571428127,1.143715386201,1.14221346034925,0.00150192585174547
8.4932571428527,1.14371332888871,1.14221500333347,0.00149832555524698
8.49702857142413,1.14371127650805,1.14221654261896,0.00149473388909116
8.50079999999555,1.14370922904719,1.1422180782146,0.00149115083259055
8.50457142856698,1.14370718649435,1.14221961012924,0.0014875763651061
8.50834285713841,1.14370514883774,1.14222113837169,0.00148401046604896
8.51211428570983,1.14370311606565,1.14222266295077,0.00148045311487999
8.51588571428126,1.14370108816635,1.14222418387524,0.00147690429110847
8.51965714285269,1.14369906512817,1.14222570115387,0.00147336397429343
8.52342857142411,1.14369704693945,1.14222721479541,0.00146983214404295
8.52719999999554,1.14369503358858,1.14222872480857,0.00146630878001308
8.53097142856697,1.14369302506395,1.14223023120204,0.00146279386190962
8.53474285713839,1.14369102135399,1.14223173398451,0.00145928736948653
8.53851428570982,1.14368902244717,1.14223323316462,0.00145578928254664
8.54228571428125,1.14368702833197,1.14223472875103,0.00145229958094117
8.54605714285267,1.1436850389969,1.14223622075233,0.00144881824456911
8.5498285714241,1.1436830544305,1.14223770917712,0.00144534525337781
8.55359999999553,1.14368107462135,1.14223919403399,0.00144188058736372
8.55737142856695,1.14367909955804,1.14224067533147,0.00143842422656926
8.56114285713838,1.14367712922919,1.14224215307811,0.00143497615108656
8.56491428570981,1.14367516362346,1.14224362728241,0.00143153634105464
8.56868571428123,1.14367320272952,1.14224509795286,0.00142810477666022
8.57245714285266,1.14367124653608,1.14224656509794,0.00142468143813734
8.57622857142409,1.14366929503187,1.1422480287261,0.00142126630576778
8.57999999999551,1.14366734820565,1.14224948884577,0.00141785935987992
8.58377142856694,1.1436654060462,1.14225094546535,0.00141446058085082
8.58754285713837,1.14366346854234,1.14225239859324,0.00141106994910234
8.59131428570979,1.14366153568292,1.14225384823781,0.00140768744510522
8.59508571428122,1.14365960745679,1.14225529440741,0.00140431304937638
8.59885714285265,1.14365768385284,1.14225673711037,0.0014009467424787
8.60262857142407,1.14365576486001,1.14225817635499,0.00139758850502258
8.6063999999955,1.14365385046724,1.14225961214957,0.00139423831766483
8.61017142856693,1.14365194066349,1.14226104450238,0.00139089616110799
8.61394285713835,1.14365003543777,1.14226247342167,0.00138756201610168
8.61771428570978,1.14364813477911,1.14226389891567,0.00138423586344127
8.6214857142812,1.14364623867655,1.14226532099259,0.00138091768396742
8.62525714285263,1.14364434711918,1.14226673966061,0.00137760745856808
8.62902857142406,1.1436424600961,1.14226815492792,0.00137430516817649
8.63279999999549,1.14364057759644,1.14226956680267,0.001371010793771
8.63657142856691,1.14363869960936,1.14227097529298,0.00136772431637655
8.64034285713834,1.14363682612404,1.14227238040697,0.00136444571706229
8.64411428570977,1.14363495712968,1.14227378215274,0.00136117497694443
8.64788571428119,1.14363309261553,1.14227518053835,0.00135791207718317
8.65165714285262,1.14363123257085,1.14227657557186,0.00135465699898374
8.65542857142404,1.14362937698491,1.14227796726132,0.00135140972359804
8.65919999999547,1.14362752584704,1.14227935561472,0.00134817023232059
8.6629714285669,1.14362567914657,1.14228074064007,0.00134493850649253
8.66674285713832,1.14362383687286,1.14228212234536,0.0013417145274992
8.67051428570975,1.1436219990153,1.14228350073853,0.00133849827677057
8.67428571428118,1.1436201655633,1.14228487582752,0.00133528973578056
8.67805714285261,1.14361833650631,1.14228624762026,0.00133208888604841
8.68182857142403,1.14361651183379,1.14228761612466,0.0013288957091373
8.68559999999546,1.14361469153523,1.14228898134858,0.00132571018665439
8.68937142856688,1.14361287560014,1.14229034329989,0.00132253230025103
8.69314285713831,1.14361106401807,1.14229170198645,0.00131936203162275
8.69691428570974,1.14360925677858,1.14229305741607,0.00131619936250904
8.70068571428116,1.14360745387125,1.14229440959656,0.00131304427469225
8.70445714285259,1.14360565528571,1.14229575853571,0.00130989674999982
8.70822857142402,1.1436038610116,1.1422971042413,0.00130675677030179
8.71199999999544,1.14360207103858,1.14229844672107,0.00130362431751196
8.71577142856687,1.14360028535634,1.14229978598275,0.00130049937358723
8.7195428571383,1.14359850395459,1.14230112203406,0.0012973819205282
8.72331428570972,1.14359672682307,1.14230245488269,0.00129427194037812
8.72708571428115,1.14359495395156,1.14230378453633,0.00129116941522378
8.73085714285258,1.14359318532983,1.14230511100263,0.00128807432719458
8.734628571424,1.14359142094769,1.14230643428923,0.00128498665846255
8.73839999999543,1.143589660795,1.14230775440375,0.00128190639124326
8.74217142856686,1.1435879048616,1.1423090713538,0.00127883350779401
8.74594285713828,1.14358615313738,1.14231038514696,0.00127576799041496
8.74971428570971,1.14358440561226,1.14231169579081,0.00127270982144911
8.75348571428114,1.14358266227616,1.14231300329288,0.00126965898328146
8.75725714285256,1.14358092311905,1.14231430766071,0.00126661545833873
8.76102857142399,1.14357918813091,1.14231560890182,0.00126357922909048
8.76479999999542,1.14357745730174,1.14231690702369,0.00126055027804806
8.76857142856684,1.14357573062158,1.14231820203381,0.00125752858776496
8.77234285713827,1.14357400808048,1.14231949393964,0.00125451414083599
8.7761142857097,1.14357228966851,1.14232078274862,0.00125150691989817
8.77988571428112,1.14357057537579,1.14232206846816,0.00124850690762957
8.78365714285255,1.14356886519243,1.14232335110568,0.00124551408675044
8.78742857142398,1.14356715910858,1.14232463066856,0.00124252844002237
8.7911999999954,1.14356545711443,1.14232590716418,0.00123954995024733
8.79497142856683,1.14356375920015,1.14232718059988,0.00123657860026993
8.79874285713826,1.14356206535599,1.14232845098301,0.0012336143729752
8.80251428570968,1.14356037557216,1.14232971832088,0.00123065725128857
8.80628571428111,1.14355868983896,1.14233098262078,0.00122770721817789
8.81005714285254,1.14355700814666,1.14233224389001,0.0012247642566503
8.81382857142396,1.14355533048557,1.14233350213582,0.00122182834975448
8.81759999999539,1.14355365684605,1.14233475736547,0.0012188994805804
8.82137142856681,1.14355198721843,1.14233600958618,0.00121597763225667
8.82514285713824,1.14355032159312,1.14233725880516,0.0012130627879543
8.82891428570967,1.1435486599605,1.14233850502962,0.00121015493088339
8.83268571428109,1.14354700231103,1.14233974826673,0.00120725404429467
8.83645714285252,1.14354534863513,1.14234098852365,0.00120436011147929
8.84022857142395,1.1435436989233,1.14234222580753,0.00120147311576835
8.84399999999538,1.14354205316602,1.14234346012549,0.00119859304053227
8.8477714285668,1.14354041135382,1.14234469148464,0.00119571986918232
8.85154285713823,1.14353877347724,1.14234591989207,0.00119285358516885
8.85531428570965,1.14353713952685,1.14234714535486,0.00118999417198196
8.85908571428108,1.14353550949323,1.14234836788008,0.00118714161315192
8.86285714285251,1.143533883367,1.14234958747475,0.00118429589224767
8.86662857142393,1.14353226113879,1.14235080414591,0.00118145699287764
8.87039999999536,1.14353064279925,1.14235201790056,0.00117862489869025
8.87417142856679,1.14352902833907,1.1423532287457,0.00117579959337233
8.87794285713821,1.14352741774894,1.14235443668829,0.00117298106065045
8.88171428570964,1.14352581101959,1.1423556417353,0.00117016928428959
8.88548571428107,1.14352420814177,1.14235684389367,0.00116736424809427
8.88925714285249,1.14352260910623,1.14235804317033,0.00116456593590719
8.89302857142392,1.14352101390378,1.14235923957217,0.00116177433161035
8.89679999999535,1.14351942252521,1.14236043310609,0.00115898941912373
8.90057142856677,1.14351783496138,1.14236162377897,0.00115621118240661
8.9043428571382,1.14351625120312,1.14236281159766,0.00115343960545644
8.90811428570963,1.14351467124132,1.14236399656901,0.00115067467230867
8.91188571428105,1.14351309506688,1.14236517869984,0.00114791636703759
8.91565714285248,1.14351152267072,1.14236635799696,0.00114516467375503
8.91942857142391,1.14350995404378,1.14236753446717,0.00114241957661187
8.92319999999533,1.14350838917703,1.14236870811723,0.00113968105979545
8.92697142856676,1.14350682806145,1.14236987895391,0.00113694910753259
8.93074285713819,1.14350527068805,1.14237104698396,0.00113422370408767
8.93451428570961,1.14350371704786,1.1423722122141,0.00113150483376123
8.93828571428104,1.14350216713194,1.14237337465105,0.00112879248089337
8.94205714285247,1.14350062093135,1.14237453430149,0.00112608662986124
8.94582857142389,1.14349907843719,1.14237569117211,0.00112338726507821
8.94959999999532,1.14349753964057,1.14237684526957,0.00112069437099671
8.95337142856675,1.14349600453263,1.14237799660053,0.00111800793210559
8.95714285713817,1.14349447310453,1.1423791451716,0.00111532793293057
8.9609142857096,1.14349294534745,1.14238029098941,0.00111265435803531
8.96468571428103,1.14349142125258,1.14238143406056,0.00110998719201993
8.96845714285245,1.14348990081115,1.14238257439163,0.00110732641952138
8.97222857142388,1.14348838401441,1.14238371198919,0.00110467202521392
8.97599999999531,1.1434868708536,1.1423848468598,0.00110202399380821
8.97977142856673,1.14348536132003,1.14238597900998,0.00109938231005158
8.98354285713816,1.14348385540499,1.14238710844626,0.00109674695872797
8.98731428570959,1.1434823530998,1.14238823517515,0.00109411792465752
8.99108571428101,1.14348085439583,1.14238935920313,0.00109149519269724
8.99485714285244,1.14347935928442,1.14239048053668,0.00108887874774011
8.99862857142386,1.14347786775698,1.14239159918226,0.00108626857471572
9.00239999999529,1.14347637980491,1.14239271514632,0.00108366465858922
9.00617142856672,1.14347489541964,1.14239382843527,0.00108106698436217
9.00994285713815,1.14347341459261,1.14239493905554,0.00107847553707208
9.01371428570957,1.14347193731531,1.14239604701352,0.00107589030179178
9.017485714281,1.14347046357922,1.14239715231559,0.00107331126363097
9.02125714285243,1.14346899337585,1.14239825496811,0.0010707384077342
9.02502857142385,1.14346752669673,1.14239935497745,0.00106817171928131
9.02879999999528,1.14346606353342,1.14240045234993,0.00106561118348902
9.0325714285667,1.14346460387749,1.14240154709188,0.00106305678560825
9.03634285713813,1.14346314772053,1.1424026392096,0.00106050851092565
9.04011428570956,1.14346169505415,1.14240372870939,0.00105796634476318
9.04388571428098,1.14346024586999,1.14240481559751,0.00105543027247812
9.04765714285241,1.14345880015969,1.14240589988023,0.00105290027946281
9.05142857142384,1.14345735791494,1.1424069815638,0.00105037635114424
9.05519999999526,1.14345591912742,1.14240806065444,0.0010478584729845
9.05897142856669,1.14345448378885,1.14240913715837,0.00104534663048117
9.06274285713812,1.14345305189095,1.14241021108179,0.00104284080916583
9.06651428570954,1.14345162342549,1.14241128243088,0.00104034099460448
9.07028571428097,1.14345019838423,1.14241235121183,0.00103784717239885
9.0740571428524,1.14344877675896,1.14241341743078,0.00103535932818422
9.07782857142382,1.1434473585415,1.14241448109387,0.00103287744763092
9.08159999999525,1.14344594372368,1.14241554220724,0.00103040151644285
9.08537142856668,1.14344453229735,1.14241660077699,0.00102793152035896
9.0891428571381,1.14344312425437,1.14241765680922,0.00102546744515242
9.09291428570953,1.14344171958665,1.14241871031002,0.00102300927662946
9.09668571428096,1.14344031828608,1.14241976128544,0.00102055700063164
9.10045714285238,1.14343892034459,1.14242080974156,0.00101811060303358
9.10422857142381,1.14343752575414,1.1424218556844,0.00101567006974435
9.10799999999524,1.14343613450669,1.14242289911998,0.00101323538670606
9.11177142856666,1.14343474659423,1.14242394005433,0.00101080653989505
9.11554285713809,1.14343336200876,1.14242497849343,0.00100838351532162
9.11931428570952,1.1434319807423,1.14242601444327,0.00100596629902872
9.12308571428094,1.14343060278691,1.14242704790982,0.00100355487709325
9.12685714285237,1.14342922813464,1.14242807889902,0.00100114923562589
9.1306285714238,1.14342785677758,1.14242910741681,0.000998749360769491
9.13439999999522,1.14342648870783,1.14243013346913,0.000996355238700897
9.13817142856665,1.1434251239175,1.14243115706187,0.000993966855630246
9.14194285713808,1.14342376239874,1.14243217820094,0.000991584197800988
9.1457142857095,1.14342240414371,1.14243319689222,0.0009892072514881
9.14948571428093,1.14342104914457,1.14243421314157,0.000986836003000757
9.15325714285236,1.14341969739353,1.14243522695485,0.000984470438680551
9.15702857142378,1.1434183488828,1.1424362383379,0.000982110544901937
9.16079999999521,1.14341700360461,1.14243724729654,0.000979756308071789
9.16457142856664,1.14341566155122,1.14243825383659,0.000977407714629619
9.16834285713806,1.14341432271488,1.14243925796384,0.000975064751048249
9.17211428570949,1.1434129870879,1.14244025968407,0.000972727403831586
9.17588571428092,1.14341165466258,1.14244125900306,0.000970395659516621
9.17965714285234,1.14341032543124,1.14244225592657,0.000968069504672542
9.18342857142377,1.14340899938623,1.14244325046033,0.000965748925900733
9.1871999999952,1.14340767651991,1.14244424261007,0.000963433909834999
9.19097142856662,1.14340635682465,1.14244523238151,0.000961124443140449
9.19474285713805,1.14340504029287,1.14244621978035,0.000958820512514613
9.19851428570948,1.14340372691696,1.14244720481228,0.000956522104686996
9.2022857142809,1.14340241668938,1.14244818748296,0.000954229206418633
9.20605714285233,1.14340110960257,1.14244916779807,0.000951941804502754
9.20982857142375,1.14339980564901,1.14245014576324,0.000949659885763454
9.21359999999518,1.14339850482118,1.14245112138412,0.000947383437057692
9.21737142856661,1.14339720711158,1.14245209466631,0.000945112445272178
9.22114285713803,1.14339591251276,1.14245306561543,0.00094284689732671
9.22491428570946,1.14339462101724,1.14245403423707,0.000940586780171726
9.22868571428089,1.14339333261759,1.1424550005368,0.000938332080788529
9.23245714285232,1.14339204730639,1.1424559645202,0.000936082786190395
9.23622857142374,1.14339076507624,1.14245692619282,0.000933838883421245
9.23999999999517,1.14338948591975,1.14245788556019,0.000931600359556306
9.24377142856659,1.14338820982954,1.14245884262784,0.00092936720170167
9.24754285713802,1.14338693679828,1.14245979740129,0.000927139396994514
9.25131428570945,1.14338566681863,1.14246074988603,0.000924916932602438
9.25508571428087,1.14338439988327,1.14246170008755,0.000922699795724347
9.2588571428523,1.14338313598491,1.14246264801132,0.000920487973589346
9.26262857142373,1.14338187511626,1.1424635936628,0.000918281453457404
9.26639999999515,1.14338061727007,1.14246453704745,0.000916080222618909
9.27017142856658,1.14337936243908,1.14246547817069,0.000913884268395337
9.27394285713801,1.14337811061608,1.14246641703794,0.000911693578137029
9.27771428570943,1.14337686179384,1.14246735365462,0.000909508139226523
9.28148571428086,1.14337561596519,1.14246828802611,0.000907327939074998
9.28525714285229,1.14337437312293,1.1424692201578,0.000905152965124945
9.28902857142371,1.14337313325991,1.14247015005506,0.000902983204848606
9.29279999999514,1.143371896369,1.14247107772325,0.000900818645747758
9.29657142856657,1.14337066244306,1.1424720031677,0.00089865927535504
9.30034285713799,1.14336943147499,1.14247292639376,0.000896505081232402
9.30411428570942,1.1433682034577,1.14247384740673,0.000894356050971323
9.30788571428085,1.14336697838411,1.14247476621192,0.000892212172193707
9.31165714285227,1.14336575624717,1.14247568281462,0.000890073432550764
9.3154285714237,1.14336453703984,1.14247659722012,0.00088793981972346
9.31919999999513,1.1433633207551,1.14247750943368,0.00088581132142207
9.32297142856655,1.14336210738594,1.14247841946055,0.000883687925386845
9.32674285713798,1.14336089692536,1.14247932730598,0.000881569619386235
9.33051428570941,1.14335968936641,1.14248023297519,0.000879456391219557
9.33428571428083,1.14335848470212,1.14248113647341,0.000877348228714325
9.33805714285226,1.14335728292556,1.14248203780583,0.000875245119727808
9.34182857142369,1.1433560840298,1.14248293697765,0.000873147052145695
9.34559999999511,1.14335488800793,1.14248383399405,0.000871054013883432
9.34937142856654,1.14335369485308,1.14248472886019,0.000868965992884885
9.35314285713797,1.14335250455836,1.14248562158123,0.000866882977123451
9.35691428570939,1.14335131711691,1.14248651216231,0.000864804954600507
9.36068571428082,1.14335013252191,1.14248740060857,0.000862731913347181
9.36445714285225,1.14334895076653,1.1424882869251,0.00086066384142236
9.36822857142367,1.14334777184395,1.14248917111704,0.000858600726914238
9.3719999999951,1.14334659574739,1.14249005318945,0.000856542557938988
9.37577142856652,1.14334542247008,1.14249093314744,0.000854489322641871
9.37954285713795,1.14334425200525,1.14249181099606,0.000852441009196125
9.38331428570938,1.14334308434617,1.14249268674037,0.00085039760580341
9.3870857142808,1.14334191948611,1.14249356038542,0.000848359100693807
9.39085714285223,1.14334075741836,1.14249443193623,0.000846325482125598
9.39462857142366,1.14333959813622,1.14249530139783,0.000844296738385264
9.39839999999509,1.14333844163302,1.14249616877523,0.000842272857787041
9.40217142856651,1.1433372879021,1.14249703407343,0.000840253828673587
9.40594285713794,1.14333613693681,1.14249789729739,0.000838239639415095
9.40971428570936,1.14333498873052,1.14249875845211,0.000836230278410177
9.41348571428079,1.14333384327662,1.14249961754254,0.000834225734084537
9.41725714285222,1.14333270056851,1.14250047457362,0.000832225994892077
9.42102857142364,1.14333156059961,1.14250132955029,0.000830231049314456
9.42479999999507,1.14333042336335,1.14250218247749,0.000828240885860865
9.4285714285665,1.14332928885318,1.14250303336011,0.000826255493068029
9.43234285713792,1.14332815706257,1.14250388220307,0.000824274859499541
9.43611428570935,1.143327027985,1.14250472901125,0.000822298973747859
9.43988571428078,1.14332590161396,1.14250557378953,0.0008203278244312
9.4436571428522,1.14332477794297,1.14250641654277,0.000818361400196199
9.44742857142363,1.14332365696555,1.14250725727584,0.000816399689715697
9.45119999999506,1.14332253867525,1.14250809599356,0.00081444268169073
9.45497142856648,1.14332142306563,1.14250893270078,0.000812490364848983
9.45874285713791,1.14332031013025,1.14250976740231,0.000810542727945007
9.46251428570934,1.14331919986272,1.14251060010296,0.000808599759760442
9.46628571428076,1.14331809225663,1.14251143080753,0.000806661449103574
9.47005714285219,1.14331698730561,1.1425122595208,0.00080472778481
9.47382857142362,1.14331588500328,1.14251308624754,0.000802798755741962
9.47759999999504,1.14331478534331,1.14251391099252,0.000800874350787906
9.48137142856647,1.14331368831935,1.14251473376049,0.000798954558863141
9.4851428571379,1.14331259392509,1.14251555455618,0.000797039368910291
9.48891428570932,1.14331150215423,1.14251637338433,0.000795128769897735
9.49268571428075,1.14331041300047,1.14251719024965,0.000793222750820277
9.49645714285218,1.14330932645754,1.14251800515684,0.000791321300699144
9.5002285714236,1.14330824251919,1.14251881811061,0.000789424408581985
9.50399999999503,1.14330716117917,1.14251962911562,0.000787532063543317
9.50777142856646,1.14330608243125,1.14252043817656,0.000785644254682305
9.51154285713788,1.14330500626921,1.14252124529809,0.000783760971125869
9.51531428570931,1.14330393268687,1.14252205048485,0.000781882202026019
9.51908571428074,1.14330286167803,1.14252285374147,0.000780007936561411
9.52285714285216,1.14330179323653,1.1425236550726,0.000778138163935793
9.52662857142359,1.14330072735622,1.14252445448284,0.000776272873379558
9.53039999999502,1.14329966403094,1.14252525197679,0.000774412054148632
9.53417142856644,1.14329860325459,1.14252604755906,0.000772555695524701
9.53794285713787,1.14329754502104,1.14252684123422,0.000770703786815208
9.5417142857093,1.1432964893242,1.14252763300685,0.000768856317353128
9.54548571428072,1.143295436158,1.1425284228815,0.000767013276496975
9.54925714285215,1.14329438551636,1.14252921086273,0.000765174653631018
9.55302857142358,1.14329333739324,1.14252999695507,0.000763340438164617
9.556799999995,1.14329229178259,1.14253078116306,0.00076151061953289
9.56057142856643,1.1432912486784,1.1425315634912,0.000759685187195824
9.56434285713786,1.14329020807465,1.14253234394401,0.000757864130639163
9.56811428570928,1.14328916996536,1.14253312252598,0.000756047439373742
9.57188571428071,1.14328813434453,1.1425338992416,0.000754235102935041
9.57565714285214,1.14328710120622,1.14253467409534,0.000752427110884524
9.57942857142356,1.14328607054446,1.14253544709165,0.000750623452807853
9.58319999999499,1.14328504235332,1.14253621823501,0.000748824118315783
9.58697142856641,1.14328401662688,1.14253698752984,0.000747029097044605
9.59074285713784,1.14328299335923,1.14253775498058,0.000745238378655033
9.59451428570927,1.14328197254448,1.14253852059164,0.000743451952832208
9.59828571428069,1.14328095417673,1.14253928436745,0.000741669809286138
9.60205714285212,1.14327993825014,1.14254004631239,0.000739891937752146
9.60582857142355,1.14327892475885,1.14254080643086,0.000738118327989756
9.60959999999498,1.14327791369702,1.14254156472724,0.000736348969782696
9.6133714285664,1.14327690505882,1.14254232120588,0.000734583852939563
9.61714285713783,1.14327589883845,1.14254307587116,0.000732822967293378
9.62091428570925,1.14327489503012,1.14254382872741,0.000731066302701366
9.62468571428068,1.14327389362803,1.14254457977898,0.000729313849045177
9.62845714285211,1.14327289462642,1.14254532903019,0.000727565596230439
9.63222857142353,1.14327189801954,1.14254607648535,0.000725821534187876
9.63599999999496,1.14327090380164,1.14254682214877,0.0007240816528713
9.63977142856639,1.143269911967,1.14254756602475,0.000722345942258729
9.64354285713781,1.14326892250992,1.14254830811756,0.000720614392353047
9.64731428570924,1.14326793542467,1.14254904843149,0.000718886993180012
9.65108571428067,1.14326695070559,1.1425497869708,0.000717163734790471
9.65485714285209,1.143265968347,1.14255052373975,0.00071544460725792
9.65862857142352,1.14326498834325,1.14255125874257,0.00071372960068028
9.66239999999495,1.14326401068867,1.14255199198349,0.000712018705179007
9.66617142856637,1.14326303537766,1.14255272346676,0.000710311910899986
9.6699428571378,1.14326206240458,1.14255345319657,0.000708609208011302
9.67371428570923,1.14326109176383,1.14255418117713,0.000706910586706133
9.67748571428065,1.14326012344983,1.14255490741263,0.000705216037199863
9.68125714285208,1.14325915745699,1.14255563190726,0.000703525549731854
9.68502857142351,1.14325819377975,1.14255635466519,0.000701839114565672
9.68879999999493,1.14325723241256,1.14255707569058,0.000700156721986644
9.69257142856636,1.14325627334989,1.14255779498758,0.000698478362304744
9.69634285713779,1.1432553165862,1.14255851256035,0.000696804025851927
9.70011428570921,1.14325436211599,1.14255922841301,0.000695133702984796
9.70388571428064,1.14325340993376,1.14255994254968,0.000693467384081936
9.70765714285207,1.14325246003403,1.14256065497448,0.000691805059545914
9.71142857142349,1.14325151241131,1.14256136569151,0.000690146719800611
9.71519999999492,1.14325056706017,1.14256207470487,0.000688492355295001
9.71897142856635,1.14324962397514,1.14256278201864,0.000686841956499817
9.72274285713777,1.1432486831508,1.1425634876369,0.000685195513908221
9.7265142857092,1.14324774458174,1.1425641915637,0.000683553018037353
9.73028571428063,1.14324680826253,1.1425648938031,0.000681914459426114
9.73405714285205,1.14324587418779,1.14256559435916,0.000680279828636277
9.73782857142348,1.14324494235214,1.14256629323589,0.000678649116252705
9.74159999999491,1.14324401275022,1.14256699043734,0.000677022312882691
9.74537142856633,1.14324308537666,1.1425676859675,0.000675399409155508
9.74914285713776,1.14324216022613,1.1425683798304,0.000673780395723078
9.75291428570918,1.14324123729329,1.14256907203003,0.000672165263260194
9.75668571428061,1.14324031657284,1.14256976257037,0.00067055400246363
9.76045714285204,1.14323939805946,1.14257045145541,0.000668946604052367
9.76422857142346,1.14323848174787,1.1425711386891,0.000667343058768255
9.76799999999489,1.14323756763279,1.14257182427541,0.000665743357374682
9.77177142856632,1.14323665570895,1.14257250821829,0.000664147490657241
9.77554285713775,1.1432357459711,1.14257319052168,0.00066255544942373
9.77931428570917,1.143234838414,1.1425738711895,0.000660967224503928
9.7830857142806,1.14323393303243,1.14257455022568,0.000659382806750264
9.78685714285202,1.14323302982116,1.14257522763413,0.000657802187035594
9.79062857142345,1.143232128775,1.14257590341875,0.000656225356256535
9.79439999999488,1.14323122988876,1.14257657758343,0.000654652305329906
9.7981714285663,1.14323033315725,1.14257725013206,0.000653083025194956
9.80194285713773,1.14322943857532,1.14257792106851,0.000651517506813137
9.80571428570916,1.14322854613781,1.14257859039664,0.00064995574116633
9.80948571428058,1.14322765583958,1.14257925812032,0.000648397719259286
9.81325714285201,1.1432267676755,1.14257992424338,0.000646843432118072
9.81702857142344,1.14322588164045,1.14258058876966,0.000645292870789183
9.82079999999486,1.14322499772934,1.142581251703,0.000643746026342207
9.82457142856629,1.14322411593707,1.1425819130472,0.000642202889866716
9.82834285713772,1.14322323625856,1.14258257280608,0.00064066345247471
9.83211428570914,1.14322235868874,1.14258323098344,0.000639127705299058
9.83588571428057,1.14322148322257,1.14258388758307,0.000637595639493505
9.839657142852,1.14322060985499,1.14258454260876,0.000636067246233329
9.84342857142342,1.14321973858098,1.14258519606426,0.000634542516715353
9.84719999999485,1.14321886939552,1.14258584795336,0.000633021442157045
9.85097142856628,1.1432180022936,1.1425864982798,0.000631504013796969
9.8547428571377,1.14321713727023,1.14258714704733,0.000629990222894783
9.85851428570913,1.14321627432042,1.14258779425969,0.000628480060730796
9.86228571428056,1.1432154134392,1.1425884399206,0.000626973518607299
9.86605714285198,1.14321455462163,1.14258908403378,0.000625470587845456
9.86982857142341,1.14321369786274,1.14258972660295,0.000623971259789302
9.87359999999484,1.1432128431576,1.1425903676318,0.000622475525802635
9.87737142856626,1.1432119905013,1.14259100712403,0.000620983377269457
9.88114285713769,1.14321113988891,1.14259164508332,0.000619494805595311
9.88491428570912,1.14321029131555,1.14259228151334,0.000618009802206387
9.88868571428054,1.14320944477631,1.14259291641776,0.000616528358548418
9.89245714285197,1.14320860026634,1.14259354980025,0.000615050466088896
9.8962285714234,1.14320775778075,1.14259418166444,0.000613576116315073
9.89999999999482,1.14320691731471,1.14259481201397,0.000612105300734411
9.90377142856625,1.14320607886336,1.14259544085248,0.000610638010875242
9.90754285713768,1.14320524242188,1.14259606818359,0.000609174238285881
9.9113142857091,1.14320440798545,1.14259669401091,0.000607713974535296
9.91508571428053,1.14320357554926,1.14259731833805,0.000606257211211991
9.91885714285196,1.14320274510853,1.1425979411686,0.000604803939925125
9.92262857142338,1.14320191665846,1.14259856250616,0.000603354152304059
9.92639999999481,1.14320109019428,1.14259918235429,0.000601907839997695
9.93017142856623,1.14320026571124,1.14259980071657,0.000600464994675809
9.93394285713766,1.14319944320459,1.14260041759656,0.000599025608026826
9.93771428570909,1.14319862266958,1.14260103299782,0.000597589671760712
9.94148571428052,1.14319780410149,1.14260164692388,0.000596157177606083
9.94525714285194,1.14319698749561,1.14260225937829,0.000594728117311982
9.94902857142337,1.14319617284723,1.14260287036458,0.000593302482646774
9.9527999999948,1.14319536015166,1.14260347988626,0.000591880265398581
9.95657142856622,1.14319454940422,1.14260408794684,0.000590461457376401
9.96034285713765,1.14319374060023,1.14260469454983,0.000589046050406994
9.96411428570907,1.14319293373505,1.14260529969871,0.000587634036337992
9.9678857142805,1.14319212880402,1.14260590339698,0.000586225407036123
9.97165714285193,1.14319132580251,1.14260650564812,0.000584820154387877
9.97542857142335,1.14319052472588,1.14260710645559,0.000583418270298397
9.97919999999478,1.14318972556954,1.14260770582285,0.000582019746693696
9.98297142856621,1.14318892832887,1.14260830375335,0.000580624575517774
9.98674285713764,1.14318813299928,1.14260890025054,0.000579232748734615
9.99051428570906,1.14318733957619,1.14260949531786,0.000577844258327298
9.99428571428049,1.14318654805503,1.14261008895873,0.000576459096298221
9.99805714285191,1.14318575843124,1.14261068117657,0.000575077254668654
10.0018285714233,1.14318497070027,1.14261127197479,0.000573698725479188
10.0055999999948,1.14318418485759,1.1426118613568,0.000572323500789951
10.0093714285662,1.14318340089867,1.14261244932599,0.000570951572679057
10.0131428571376,1.143182618819,1.14261303588575,0.000569582933244384
10.016914285709,1.14318183861406,1.14261362103946,0.000568217574602903
10.0206857142805,1.14318106027937,1.14261420479048,0.000566855488889795
10.0244571428519,1.14318028381043,1.14261478714217,0.000565496668259557
10.0282285714233,1.14317950920279,1.14261536809791,0.000564141104885563
10.0319999999948,1.14317873645198,1.14261594766102,0.00056278879095939
10.0357714285662,1.14317796555354,1.14261652583485,0.000561439718692158
10.0395428571376,1.14317719650304,1.14261710262272,0.000560093880312973
10.043314285709,1.14317642929604,1.14261767802797,0.000558751268069813
10.0470857142805,1.14317566392813,1.1426182520539,0.000557411874229752
10.0508571428519,1.1431749003949,1.14261882470382,0.000556075691076963
10.0546285714233,1.14317413869195,1.14261939598104,0.000554742710915601
10.0583999999947,1.1431733788149,1.14261996588883,0.000553412926067587
10.0621714285662,1.14317262075936,1.14262053443048,0.000552086328873935
10.0659428571376,1.14317186452097,1.14262110160927,0.000550762911692315
10.069714285709,1.14317111009537,1.14262166742847,0.000549442666900823
10.0734857142804,1.14317035747823,1.14262223189133,0.000548125586894654
10.0772571428519,1.14316960666519,1.14262279500111,0.000546811664086988
10.0810285714233,1.14316885765195,1.14262335676104,0.0005455008909101
10.0847999999947,1.14316811043418,1.14262391717437,0.00054419325981403
10.0885714285662,1.14316736500758,1.14262447624431,0.000542888763266358
10.0923428571376,1.14316662136786,1.14262503397411,0.00054158739375354
10.096114285709,1.14316587951073,1.14262559036695,0.000540289143779349
10.0998857142804,1.14316513943192,1.14262614542606,0.000538994005866433
10.1036571428519,1.14316440112717,1.14262669915462,0.000537701972554316
10.1074285714233,1.14316366459223,1.14262725155583,0.000536413036401173
10.1111999999947,1.14316292982285,1.14262780263286,0.00053512718998272
10.1149714285661,1.1431621968148,1.1426283523889,0.000533844425892438
10.1187428571376,1.14316146556385,1.14262890082711,0.00053256473674157
10.122514285709,1.14316073606581,1.14262944795065,0.000531288115159123
10.1262857142804,1.14316000831645,1.14262999376266,0.000530014553791869
10.1300571428518,1.1431592823116,1.1426305382663,0.000528744045303897
10.1338285714233,1.14315855804707,1.1426310814647,0.000527476582377506
10.1375999999947,1.14315783551869,1.14263162336098,0.000526212157711647
10.1413714285661,1.1431571147223,1.14263216395828,0.00052495076402348
10.1451428571376,1.14315639565374,1.14263270325969,0.000523692394047259
10.148914285709,1.14315567830888,1.14263324126834,0.000522437040535007
10.1526857142804,1.14315496268357,1.14263377798732,0.000521184696255839
10.1564571428518,1.14315424877371,1.14263431341972,0.000519935353995971
10.1602285714233,1.14315353657518,1.14263484756862,0.000518689006559603
10.1639999999947,1.14315282608387,1.1426353804371,0.000517445646767589
10.1677714285661,1.14315211729569,1.14263591202823,0.000516205267458103
10.1715428571375,1.14315141020656,1.14263644234508,0.000514967861486637
10.175314285709,1.14315070481241,1.14263697139069,0.000513733421726004
10.1790857142804,1.14315000110918,1.14263749916811,0.000512501941065224
10.1828571428518,1.14314929909281,1.14263802568039,0.000511273412411528
10.1866285714232,1.14314859875925,1.14263855093056,0.000510047828688576
10.1903999999947,1.14314790010448,1.14263907492164,0.000508825182836903
10.1941714285661,1.14314720312446,1.14263959765665,0.000507605467813921
10.1979428571375,1.1431465078152,1.1426401191386,0.000506388676594138
10.201714285709,1.14314581417267,1.1426406393705,0.000505174802169162
10.2054857142804,1.14314512219288,1.14264115835534,0.000503963837546584
10.2092571428518,1.14314443187186,1.14264167609611,0.00050275577575154
10.2130285714232,1.14314374320561,1.14264219259579,0.00050155060982604
10.2167999999947,1.14314305619019,1.14264270785736,0.000500348332827416
10.2205714285661,1.14314237082162,1.14264322188379,0.000499148937831206
10.2243428571375,1.14314168709596,1.14264373467803,0.000497952417928493
10.2281142857089,1.14314100500927,1.14264424624305,0.0004967587662279
10.2318857142804,1.14314032455763,1.14264475658178,0.000495567975853595
10.2356571428518,1.14313964573711,1.14264526569717,0.000494380039946396
10.2394285714232,1.14313896854381,1.14264577359214,0.000493194951664666
10.2431999999946,1.14313829297382,1.14264628026964,0.000492012704181422
10.2469714285661,1.14313761902325,1.14264678573256,0.000490833290686998
10.2507428571375,1.14313694668822,1.14264728998383,0.000489656704388608
10.2545142857089,1.14313627596486,1.14264779302635,0.000488482938508783
10.2582857142803,1.14313560684931,1.14264829486302,0.000487311986286709
10.2620571428518,1.1431349393377,1.14264879549672,0.000486143840977338
10.2658285714232,1.1431342734262,1.14264929493035,0.000484978495852495
10.2695999999946,1.14313360911097,1.14264979316677,0.000483815944199995
10.2733714285661,1.14313294638818,1.14265029020886,0.000482656179322971
10.2771428571375,1.14313228525402,1.14265078605948,0.000481499194541879
10.2809142857089,1.14313162570468,1.14265128072149,0.000480344983192049
10.2846857142803,1.14313096773636,1.14265177419773,0.000479193538625244
10.2884571428518,1.14313031134526,1.14265226649105,0.000478044854209214
10.2922285714232,1.14312965652762,1.14265275760429,0.000476898923327473
10.2959999999946,1.14312900327965,1.14265324754027,0.000475755739379968
10.299771428566,1.14312835159759,1.14265373630181,0.0004746152957813
10.3035428571375,1.14312770147769,1.14265422389173,0.000473477585962501
10.3073142857089,1.14312705291621,1.14265471031284,0.000472342603371256
10.3110857142803,1.14312640590941,1.14265519556794,0.000471210341469019
10.3148571428517,1.14312576045356,1.14265567965983,0.000470080793734562
10.3186285714232,1.14312511654495,1.14265616259129,0.000468953953661755
10.3223999999946,1.14312447417986,1.1426566443651,0.000467829814759568
10.326171428566,1.1431238333546,1.14265712498405,0.000466708370553404
10.3299428571375,1.14312319406548,1.14265760445089,0.000465589614583539
10.3337142857089,1.1431225563088,1.1426580827684,0.000464473540406019
10.3374857142803,1.14312192008091,1.14265855993932,0.000463360141592206
10.3412571428517,1.14312128537813,1.1426590359664,0.000462249411728788
10.3450285714232,1.14312065219681,1.14265951085239,0.000461141344418436
10.3487999999946,1.1431200205333,1.14265998460002,0.000460035933278036
10.352571428566,1.14311939038397,1.14266045721203,0.000458933171941123
10.3563428571374,1.14311876174517,1.14266092869112,0.000457833054055223
10.3601142857089,1.14311813461331,1.14266139904002,0.000456735573284073
10.3638857142803,1.14311750898475,1.14266186826144,0.000455640723306061
10.3676571428517,1.14311688485589,1.14266233635808,0.000454548497814899
10.3714285714231,1.14311626222315,1.14266280333263,0.000453458890518954
10.3751999999946,1.14311564108294,1.1426632691878,0.000452371895142578
10.378971428566,1.14311502143167,1.14266373392625,0.00045128750542478
10.3827428571374,1.14311440326578,1.14266419755066,0.000450205715118779
10.3865142857089,1.14311378658171,1.14266466006372,0.000449126517994669
10.3902857142803,1.14311317137591,1.14266512146807,0.00044804990783498
10.3940571428517,1.14311255764482,1.14266558176638,0.000446975878439337
10.3978285714231,1.14311194538493,1.14266604096131,0.000445904423620913
10.4015999999946,1.14311133459269,1.14266649905548,0.000444835537208421
10.405371428566,1.1431107252646,1.14266695605155,0.000443769213044343
10.4091428571374,1.14311011739714,1.14266741195215,0.000442705444988034
10.4129142857088,1.14310951098681,1.1426678667599,0.000441644226910842
10.4166857142803,1.14310890603011,1.14266832047741,0.000440585552700989
10.4204571428517,1.14310830252358,1.14266877310732,0.000439529416260465
10.4242285714231,1.14310770046372,1.14266922465221,0.000438475811505246
10.4279999999945,1.14310709984707,1.1426696751147,0.000437424732367298
10.431771428566,1.14310650067017,1.14267012449737,0.00043637617279213
10.4355428571374,1.14310590292957,1.14267057280283,0.000435330126740352
10.4393142857088,1.14310530662182,1.14267102003363,0.000434286588186339
10.4430857142803,1.1431047117435,1.14267146619238,0.000433245551119121
10.4468571428517,1.14310411829117,1.14267191128162,0.000432207009543051
10.4506285714231,1.14310352626141,1.14267235530394,0.000431170957475802
10.4543999999945,1.14310293565083,1.14267279826188,0.000430137388949481
10.458171428566,1.14310234645601,1.142673240158,0.000429106298011073
10.4619428571374,1.14310175867356,1.14267368099483,0.000428077678721328
10.4657142857088,1.14310117230009,1.14267412077493,0.000427051525155431
10.4694857142802,1.14310058733223,1.14267455950083,0.000426027831402553
10.4732571428517,1.14310000376661,1.14267499717504,0.000425006591566746
10.4770285714231,1.14309942159987,1.1426754338001,0.00042398779976538
10.4807999999945,1.14309884082865,1.14267586937852,0.000422971450130261
10.4845714285659,1.1430982614496,1.1426763039128,0.000421957536806739
10.4883428571374,1.1430976834594,1.14267673740545,0.000420946053955706
10.4921142857088,1.14309710685471,1.14267716985896,0.000419936995750048
10.4958857142802,1.14309653163222,1.14267760127584,0.000418930356378189
10.4996571428517,1.1430959577886,1.14267803165855,0.000417926130041657
10.5034285714231,1.14309538532055,1.14267846100959,0.000416924310955968
10.5071999999945,1.14309481422477,1.14267888933142,0.000415924893351072
10.5109714285659,1.14309424449798,1.14267931662651,0.000414927871470017
10.5147428571374,1.1430936761369,1.14267974289733,0.000413933239570063
10.5185142857088,1.14309310913824,1.14268016814632,0.000412940991922239
10.5222857142802,1.14309254349875,1.14268059237594,0.000411951122811116
10.5260571428516,1.14309197921516,1.14268101558863,0.00041096362653481
10.5298285714231,1.14309141628423,1.14268143778683,0.000409978497405872
10.5335999999945,1.14309085470271,1.14268185897296,0.000408995729749506
10.5373714285659,1.14309029446737,1.14268227914947,0.00040801531790513
10.5411428571373,1.14308973557499,1.14268269831876,0.000407037256225484
10.5449142857088,1.14308917802233,1.14268311648325,0.000406061539077296
10.5486857142802,1.14308862180619,1.14268353364535,0.00040508816083995
10.5524571428516,1.14308806692338,1.14268394980747,0.000404117115907265
10.5562285714231,1.14308751337068,1.14268436497199,0.000403148398685493
10.5599999999945,1.14308696114491,1.14268477914132,0.000402182003595541
10.5637714285659,1.1430864102429,1.14268519231783,0.000401217925070307
10.5675428571373,1.14308586066146,1.1426856045039,0.000400256157557122
10.5713142857088,1.14308531239744,1.14268601570192,0.000399296695515972
10.5750857142802,1.14308476544767,1.14268642591425,0.000398339533420611
10.5788571428516,1.143084219809,1.14268683514325,0.000397384665757672
10.582628571423,1.1430836754783,1.14268724339127,0.000396432087026888
10.5863999999945,1.14308313245242,1.14268765066068,0.000395481791741759
10.5901714285659,1.14308259072824,1.14268805695382,0.000394533774428441
10.5939428571373,1.14308205030264,1.14268846227302,0.000393588029626413
10.5977142857087,1.14308151117251,1.14268886662062,0.000392644551888255
10.6014857142802,1.14308097333473,1.14268926999895,0.000391703335779425
10.6052571428516,1.14308043678622,1.14268967241034,0.000390764375878483
10.609028571423,1.14307990152387,1.1426900738571,0.000389827666776865
10.6127999999945,1.14307936754462,1.14269047434154,0.000388893203079776
10.6165714285659,1.14307883484537,1.14269087386597,0.000387960979404189
10.6203428571373,1.14307830342307,1.14269127243269,0.000387030990380621
10.6241142857087,1.14307777327466,1.14269167004401,0.000386103230652024
10.6278857142802,1.14307724439707,1.1426920667022,0.000385177694875338
10.6316571428516,1.14307671678727,1.14269246240955,0.000384254377718607
10.635428571423,1.14307619044221,1.14269285716834,0.000383333273864084
10.6391999999944,1.14307566535886,1.14269325098085,0.000382414378005791
10.6429714285659,1.1430751415342,1.14269364384935,0.000381497684851295
10.6467428571373,1.14307461896521,1.14269403577609,0.000380583189120598
10.6505142857087,1.14307409764888,1.14269442676334,0.000379670885545691
10.6542857142801,1.14307357758221,1.14269481681334,0.000378760768871667
10.6580571428516,1.1430730587622,1.14269520592835,0.000377852833856718
10.661828571423,1.14307254118587,1.1426955941106,0.000376947075270806
10.6655999999944,1.14307202485023,1.14269598136233,0.000376043487897215
10.6693714285658,1.1430715097523,1.14269636768577,0.000375142066530776
10.6731428571373,1.14307099588913,1.14269675308315,0.000374242805979641
10.6769142857087,1.14307048325775,1.14269713755669,0.000373345701063954
10.6806857142801,1.14306997185521,1.14269752110859,0.000372450746616515
10.6844571428516,1.14306946167856,1.14269790374108,0.000371557937482114
10.688228571423,1.14306895272487,1.14269828545635,0.000370667268518199
10.6919999999944,1.1430684449912,1.1426986662566,0.000369778734594872
10.6957714285658,1.14306793847462,1.14269904614403,0.000368892330593784
10.6995428571373,1.14306743317223,1.14269942512082,0.000368008051409907
10.7033142857087,1.14306692908111,1.14269980318916,0.000367125891948872
10.7070857142801,1.14306642619836,1.14270018035123,0.000366245847129854
10.7108571428515,1.14306592452108,1.14270055660919,0.00036536791188424
10.714628571423,1.14306542404637,1.14270093196522,0.000364492081154744
10.7183999999944,1.14306492477137,1.14270130642147,0.000363618349896511
10.7221714285658,1.14306442669319,1.14270167998011,0.0003627467130769
10.7259428571372,1.14306392980896,1.14270205264328,0.000361877165675484
10.7297142857087,1.14306343411582,1.14270242441314,0.000361009702683157
10.7334857142801,1.14306293961092,1.14270279529181,0.000360144319104139
10.7372571428515,1.1430624462914,1.14270316528145,0.000359281009953083
10.741028571423,1.14306195415443,1.14270353438418,0.000358419770257745
10.7447999999944,1.14306146319718,1.14270390260212,0.000357560595057649
10.7485714285658,1.1430609734168,1.1427042699374,0.00035670347940342
10.7523428571372,1.14306048481049,1.14270463639213,0.00035584841835834
10.7561142857087,1.14305999737543,1.14270500196843,0.000354995406996794
10.7598857142801,1.1430595111088,1.1427053666684,0.000354144440406046
10.7636571428515,1.14305902600782,1.14270573049414,0.00035329551368446
10.7674285714229,1.14305854206968,1.14270609344774,0.000352448621941948
10.7711999999944,1.1430580592916,1.1427064555313,0.000351603760300634
10.7749714285658,1.1430575776708,1.1427068167469,0.000350760923894189
10.7787428571372,1.1430570972045,1.14270717709663,0.000349920107867385
10.7825142857086,1.14305661788993,1.14270753658255,0.000349081307377874
10.7862857142801,1.14305613972434,1.14270789520675,0.000348244517593521
10.7900571428515,1.14305566270497,1.14270825297127,0.000347409733694848
10.7938285714229,1.14305518682907,1.1427086098782,0.0003465769508737
10.7975999999944,1.1430547120939,1.14270896592957,0.000345746164332361
10.8013714285658,1.14305423849673,1.14270932112745,0.000344917369286213
10.8051428571372,1.14305376603483,1.14270967547387,0.000344090560961297
10.8089142857086,1.14305329470548,1.14271002897089,0.000343265734595199
10.8126857142801,1.14305282450596,1.14271038162053,0.000342442885436611
10.8164571428515,1.14305235543357,1.14271073342482,0.000341622008746656
10.8202285714229,1.1430518874856,1.1427110843858,0.000340803099796227
10.8239999999943,1.14305142065935,1.14271143450548,0.000339986153868876
10.8277714285658,1.14305095495215,1.14271178378589,0.000339171166259034
10.8315428571372,1.1430504903613,1.14271213222903,0.000338358132272676
10.8353142857086,1.14305002688413,1.1427124798369,0.000337547047225994
10.83908571428,1.14304956451797,1.14271282661152,0.000336737906447171
10.8428571428515,1.14304910326016,1.14271317255488,0.000335930705276155
10.8466285714229,1.14304864310804,1.14271351766897,0.000335125439063555
10.8503999999943,1.14304818405895,1.14271386195578,0.000334322103170193
10.8541714285658,1.14304772611027,1.1427142054173,0.000333520692969547
10.8579428571372,1.14304726925934,1.14271454805549,0.00033272120384531
10.8617142857086,1.14304681350354,1.14271488987235,0.000331923631192499
10.86548571428,1.14304635884024,1.14271523086982,0.000331127970417011
10.8692571428515,1.14304590526682,1.14271557104988,0.000330334216936068
10.8730285714229,1.14304545278067,1.1427159104145,0.000329542366177327
10.8767999999943,1.14304500137919,1.14271624896561,0.000328752413579769
10.8805714285657,1.14304455105977,1.14271658670517,0.00032796435459348
10.8843428571372,1.14304410181982,1.14271692363514,0.0003271781846792
10.8881142857086,1.14304365365675,1.14271725975744,0.000326393899308552
10.89188571428,1.14304320656798,1.14271759507402,0.000325611493963818
10.8956571428514,1.14304276055094,1.1427179295868,0.000324830964138823
10.8994285714229,1.14304231560305,1.14271826329771,0.000324052305337386
10.9031999999943,1.14304187172176,1.14271859620868,0.000323275513074428
10.9069714285657,1.1430414289045,1.14271892832162,0.000322500582875751
10.9107428571372,1.14304098714873,1.14271925963845,0.000321727510278036
10.9145142857086,1.1430405464519,1.14271959016107,0.000320956290827956
10.91828571428,1.14304010681148,1.14271991989139,0.000320186920083509
10.9220571428514,1.14303966822492,1.14272024883131,0.000319419393612907
10.9258285714229,1.14303923068971,1.14272057698272,0.000318653706995242
10.9295999999943,1.14303879420333,1.14272090434751,0.000317889855820486
10.9333714285657,1.14303835876325,1.14272123092756,0.000317127835688824
10.9371428571371,1.14303792436698,1.14272155672477,0.000316367642210436
10.9409142857086,1.143037491012,1.142721881741,0.000315609271007267
10.94468571428,1.14303705869583,1.14272220597812,0.000314852717711034
10.9484571428514,1.14303662741598,1.14272252943802,0.000314097977963668
10.9522285714228,1.14303619716995,1.14272285212253,0.000313345047417979
10.9559999999943,1.14303576795528,1.14272317403354,0.000312593921737214
10.9597714285657,1.14303533976948,1.14272349517289,0.000311844596595057
10.9635428571371,1.1430349126101,1.14272381554242,0.000311097067674959
10.9673142857086,1.14303448647467,1.142724135144,0.000310351330671477
10.97108571428,1.14303406136074,1.14272445397945,0.000309607381288934
10.9748571428514,1.14303363726585,1.14272477205061,0.000308865215242315
10.9786285714228,1.14303321418758,1.14272508935932,0.000308124828257039
10.9823999999943,1.14303279212347,1.1427254059074,0.000307386216068073
10.9861714285657,1.1430323710711,1.14272572169668,0.000306649374421042
10.9899428571371,1.14303195102804,1.14272603672897,0.000305914299072008
10.9937142857085,1.14303153199188,1.14272635100609,0.000305180985786802
10.99748571428,1.14303111396019,1.14272666452985,0.000304449430341469
11.0012571428514,1.14303069693058,1.14272697730206,0.00030371962852227
11.0050285714228,1.14303028090064,1.14272728932452,0.000302991576125677
11.0087999999942,1.14302986586798,1.14272760059902,0.000302265268958157
11.0125714285657,1.14302945183019,1.14272791112736,0.000301540702835723
11.0163428571371,1.14302903878491,1.14272822091132,0.000300817873585713
11.0201142857085,1.14302862672974,1.1427285299527,0.000300096777043679
11.0238857142799,1.14302821566232,1.14272883825326,0.000299377409056945
11.0276571428514,1.14302780558028,1.14272914581479,0.000298659765481712
11.0314285714228,1.14302739648125,1.14272945263906,0.000297943842183956
11.0351999999942,1.14302698836288,1.14272975872784,0.000297229635040308
11.0389714285657,1.14302658122282,1.14273006408288,0.000296517139936725
11.0427428571371,1.14302617505873,1.14273036870596,0.000295806352769601
11.0465142857085,1.14302576986825,1.14273067259881,0.000295097269444655
11.0502857142799,1.14302536564907,1.1427309757632,0.000294389885877377
11.0540571428514,1.14302496239885,1.14273127820086,0.000293684197993471
11.0578285714228,1.14302456011527,1.14273157991355,0.000292980201727966
11.0615999999942,1.14302415879601,1.14273188090299,0.000292277893026105
11.0653714285656,1.14302375843877,1.14273218117092,0.000291577267842458
11.0691428571371,1.14302335904122,1.14273248071908,0.000290878322141808
11.0729142857085,1.14302296060108,1.14273277954919,0.000290181051897598
11.0766857142799,1.14302256311605,1.14273307766296,0.000289485453093485
11.0804571428513,1.14302216658384,1.14273337506212,0.000288791521723786
11.0842285714228,1.14302177100217,1.14273367174838,0.000288099253790586
11.0879999999942,1.14302137636875,1.14273396772344,0.000287408645306408
11.0917714285656,1.14302098268131,1.14273426298902,0.000286719692293991
11.0955428571371,1.14302058993759,1.14273455754681,0.00028603239078473
11.0993142857085,1.14302019813533,1.14273485139851,0.000285346736819347
11.1030857142799,1.14301980727226,1.14273514454581,0.000284662726448781
11.1068571428513,1.14301941734613,1.1427354369904,0.000283980355733293
11.1106285714228,1.14301902835471,1.14273572873397,0.000283299620742472
11.1143999999942,1.14301864029575,1.14273601977819,0.00028262051755501
11.1181714285656,1.14301825316701,1.14273631012475,0.000281943042259147
11.121942857137,1.14301786696626,1.14273659977531,0.000281267190953116
11.1257142857085,1.14301748169128,1.14273688873154,0.000280592959743586
11.1294857142799,1.14301709733986,1.14273717699511,0.00027992034474722
11.1332571428513,1.14301671390977,1.14273746456768,0.000279249342089782
11.1370285714227,1.1430163313988,1.1427377514509,0.000278579947906366
11.1407999999942,1.14301594980477,1.14273803764643,0.000277912158340721
11.1445714285656,1.14301556912546,1.14273832315591,0.000277245969547257
11.148342857137,1.14301518935868,1.14273860798099,0.000276581377688156
11.1521142857085,1.14301481050225,1.14273889212331,0.000275918378935147
11.1558857142799,1.14301443255398,1.14273917558451,0.000275256969470172
11.1596571428513,1.1430140555117,1.14273945836622,0.000274597145482725
11.1634285714227,1.14301367937324,1.14273974047007,0.00027393890317251
11.1671999999942,1.14301330413643,1.14274002189768,0.000273282238748562
11.1709714285656,1.1430129297991,1.14274030265067,0.000272627148427684
11.174742857137,1.14301255635911,1.14274058273067,0.000271973628436895
11.1785142857084,1.14301218381429,1.14274086213928,0.000271321675012093
11.1822857142799,1.14301181216251,1.14274114087812,0.000270671284397839
11.1860571428513,1.14301144140163,1.14274141894878,0.000270022452847796
11.1898285714227,1.1430110715295,1.14274169635287,0.000269375176624953
11.1935999999941,1.143010702544,1.142741973092,0.00026872945200096
11.1973714285656,1.143010334443,1.14274224916775,0.000268085275256347
11.201142857137,1.14300996722439,1.14274252458171,0.000267442642680527
11.2049142857084,1.14300960088604,1.14274279933547,0.00026680155057246
11.2086857142799,1.14300923542585,1.14274307343061,0.000266161995238878
11.2124571428513,1.14300887084171,1.14274334686872,0.000265523972996062
11.2162285714227,1.14300850713153,1.14274361965136,0.000264887480169396
11.2199999999941,1.1430081442932,1.1427438917801,0.000264252513092034
11.2237714285656,1.14300778232463,1.14274416325653,0.000263619068107346
11.227542857137,1.14300742122375,1.14274443408219,0.000262987141566029
11.2313142857084,1.14300706098847,1.14274470425864,0.000262356729828772
11.2350857142798,1.14300670161672,1.14274497378746,0.000261727829263814
11.2388571428513,1.14300634310643,1.14274524267018,0.00026110043624894
11.2426285714227,1.14300598545553,1.14274551090836,0.000260474547170597
11.2463999999941,1.14300562866196,1.14274577850353,0.000259850158423447
11.2501714285655,1.14300527272366,1.14274604545725,0.000259227266410811
11.253942857137,1.1430049176386,1.14274631177105,0.000258605867545336
11.2577142857084,1.14300456340471,1.14274657744647,0.000257985958247664
11.2614857142798,1.14300421001997,1.14274684248502,0.000257367534946873
11.2652571428513,1.14300385748233,1.14274710688825,0.000256750594080701
11.2690285714227,1.14300350578977,1.14274737065767,0.000256135132095769
11.2727999999941,1.14300315494026,1.14274763379481,0.000255521145447357
11.2765714285655,1.14300280493177,1.14274789630117,0.000254908630598516
11.280342857137,1.1430024557623,1.14274815817828,0.000254297584021179
11.2841142857084,1.14300210742983,1.14274841942763,0.00025368800219594
11.2878857142798,1.14300175993235,1.14274868005074,0.000253079881611384
11.2916571428512,1.14300141326787,1.1427489400491,0.000252473218764981
11.2954285714227,1.14300106743438,1.14274919942422,0.000251868010162193
11.2991999999941,1.1430007224299,1.14274945817758,0.000251264252316918
11.3029714285655,1.14300037825243,1.14274971631068,0.000250661941751718
11.3067428571369,1.1430000349,1.142749973825,0.000250061074997365
11.3105142857084,1.14299969237062,1.14275023072203,0.00024946164859263
11.3142857142798,1.14299935066233,1.14275048700325,0.000248863659084941
11.3180571428512,1.14299900977316,1.14275074267013,0.000248267103029498
11.3218285714226,1.14299866970114,1.14275099772415,0.000247671976990826
11.3255999999941,1.14299833044431,1.14275125216677,0.00024707827754078
11.3293714285655,1.14299799200072,1.14275150599946,0.000246486001259427
11.3331428571369,1.14299765436842,1.14275175922368,0.000245895144735497
11.3369142857084,1.14299731754547,1.1427520118409,0.000245305704565491
11.3406857142798,1.14299698152992,1.14275226385256,0.000244717677354123
11.3444571428512,1.14299664631984,1.14275251526012,0.000244131059714769
11.3482285714226,1.1429963119133,1.14275276606503,0.000243545848268134
11.3519999999941,1.14299597830837,1.14275301626872,0.000242962039643801
11.3557714285655,1.14299564550313,1.14275326587265,0.000242379630478906
11.3595428571369,1.14299531349567,1.14275351487825,0.000241798617418132
11.3633142857083,1.14299498228407,1.14275376328695,0.000241218997115711
11.3670857142798,1.14299465186642,1.14275401110019,0.000240640766232758
11.3708571428512,1.14299432224082,1.14275425831938,0.000240063921438383
11.3746285714226,1.14299399340538,1.14275450494597,0.000239488459410575
11.378399999994,1.14299366535819,1.14275475098136,0.000238914376833987
11.3821714285655,1.14299333809737,1.14275499642697,0.000238341670402376
11.3859428571369,1.14299301162104,1.14275524128422,0.000237770336816601
11.3897142857083,1.14299268592731,1.14275548555452,0.000237200372786184
11.3934857142798,1.1429923610143,1.14275572923927,0.000236631775027973
11.3972571428512,1.14299203688015,1.14275597233989,0.00023606454026659
11.4010285714226,1.14299171352299,1.14275621485776,0.00023549866523509
11.404799999994,1.14299139094096,1.14275645679428,0.000234934146674082
11.4085714285655,1.14299106913219,1.14275669815086,0.000234370981331944
11.4123428571369,1.14299074809484,1.14275693892887,0.000233809165964383
11.4161142857083,1.14299042782705,1.14275717912971,0.000233248697335764
11.4198857142797,1.14299010832698,1.14275741875476,0.000232689572217781
11.4236571428512,1.14298978959279,1.1427576578054,0.000232131787389678
11.4274285714226,1.14298947162265,1.14275789628301,0.000231575339638912
11.431199999994,1.14298915441472,1.14275813418896,0.000231020225760048
11.4349714285654,1.14298883796717,1.14275837152462,0.000230466442555866
11.4387428571369,1.14298852227819,1.14275860829136,0.00022991398683625
11.4425142857083,1.14298820734595,1.14275884449053,0.000229362855419524
11.4462857142797,1.14298789316865,1.14275908012352,0.000228813045130893
11.4500571428512,1.14298757974446,1.14275931519166,0.000228264552803559
11.4538285714226,1.14298726707159,1.14275954969631,0.000227717375278047
11.457599999994,1.14298695514823,1.14275978363883,0.000227171509402657
11.4613714285654,1.14298664397259,1.14276001702056,0.00022662695203346
11.4651428571369,1.14298633354288,1.14276024984284,0.00022608370003363
11.4689142857083,1.1429860238573,1.14276048210703,0.000225541750273894
11.4726857142797,1.14298571491408,1.14276071381444,0.000225001099632527
11.4764571428511,1.14298540671143,1.14276094496643,0.000224461744996018
11.4802285714226,1.14298509924758,1.14276117556432,0.000223923683257299
11.483999999994,1.14298479252075,1.14276140560944,0.000223386911317069
11.4877714285654,1.14298448652919,1.14276163510311,0.000222851426083359
11.4915428571368,1.14298418127113,1.14276186404665,0.00022231722447219
11.4953142857083,1.1429838767448,1.1427620924414,0.000221784303406469
11.4990857142797,1.14298357294847,1.14276232028865,0.000221252659816429
11.5028571428511,1.14298326988037,1.14276254758973,0.000220722290639852
11.5066285714226,1.14298296753876,1.14276277434593,0.000220193192821849
11.510399999994,1.14298266592189,1.14276300055858,0.000219665363314858
11.5141714285654,1.14298236502804,1.14276322622897,0.000219138799078422
11.5179428571368,1.14298206485547,1.14276345135839,0.000218613497079634
11.5217142857083,1.14298176540245,1.14276367594816,0.000218089454292913
11.5254857142797,1.14298146666726,1.14276389999956,0.000217566667699565
11.5292571428511,1.14298116864816,1.14276412351388,0.000217045134288441
11.5330285714225,1.14298087134346,1.1427643464924,0.0002165248510555
11.536799999994,1.14298057475143,1.14276456893643,0.000216005815003806
11.5405714285654,1.14298027887037,1.14276479084722,0.000215488023143973
11.5443428571368,1.14297998369857,1.14276501222607,0.000214971472493275
11.5481142857082,1.14297968923433,1.14276523307425,0.000214456160076315
11.5518857142797,1.14297939547596,1.14276545339303,0.000213942082925245
11.5556571428511,1.14297910242176,1.14276567318368,0.000213429238078877
11.5594285714225,1.14297881007005,1.14276589244746,0.000212917622582909
11.563199999994,1.14297851841914,1.14276611118565,0.000212407233490808
11.5669714285654,1.14297822746735,1.14276632939949,0.000211898067862482
11.5707428571368,1.14297793721301,1.14276654709024,0.000211390122765609
11.5745142857082,1.14297764765444,1.14276676425917,0.000210883395273642
11.5782857142797,1.14297735878998,1.14276698090751,0.000210377882468693
11.5820571428511,1.14297707061796,1.14276719703653,0.000209873581438424
11.5858285714225,1.14297678313673,1.14276741264745,0.000209370489278049
11.5895999999939,1.14297649634462,1.14276762774153,0.000208868603090329
11.5933714285654,1.14297621023999,1.14276784232001,0.000208367919983576
11.5971428571368,1.14297592482119,1.14276805638411,0.000207868437074765
11.6009142857082,1.14297564008656,1.14276826993508,0.000207370151485975
11.6046857142796,1.14297535603448,1.14276848297414,0.000206873060347945
11.6084571428511,1.14297507266331,1.14276869550252,0.000206377160796745
11.6122285714225,1.14297478997142,1.14276890752144,0.000205882449976436
11.6159999999939,1.14297450795716,1.14276911903213,0.000205388925037298
11.6197714285654,1.14297422661894,1.1427693300358,0.000204896583136494
11.6235428571368,1.14297394595511,1.14276954053367,0.000204405421438736
11.6273142857082,1.14297366596407,1.14276975052695,0.000203915437114066
11.6310857142796,1.14297338664419,1.14276996001685,0.000203426627340741
11.6348571428511,1.14297310799389,1.14277016900458,0.000202938989303236
11.6386285714225,1.14297283001154,1.14277037749135,0.000202452520192464
11.6423999999939,1.14297255269555,1.14277058547834,0.000201967217206667
11.6461714285653,1.14297227604431,1.14277079296676,0.000201483077550302
11.6499428571368,1.14297200005625,1.14277099995781,0.000201000098434712
11.6537142857082,1.14297172472976,1.14277120645268,0.000200518277078121
11.6574857142796,1.14297145006326,1.14277141245255,0.000200037610704973
11.661257142851,1.14297117605517,1.14277161795862,0.000199558096547037
11.6650285714225,1.14297090270391,1.14277182297207,0.000199079731842078
11.6687999999939,1.14297063000791,1.14277202749407,0.000198602513834523
11.6725714285653,1.14297035796559,1.14277223152581,0.000198126439776125
11.6763428571368,1.14297008657539,1.14277243506846,0.000197651506923968
11.6801142857082,1.14296981583574,1.1427726381232,0.000197177712542906
11.6838857142796,1.14296954574509,1.14277284069118,0.000196705053904012
11.687657142851,1.14296927630188,1.14277304277359,0.000196233528284573
11.6914285714225,1.14296900750455,1.14277324437158,0.000195763132968763
11.6951999999939,1.14296873935157,1.14277344548632,0.000195293865246304
11.6989714285653,1.14296847184138,1.14277364611896,0.000194825722415359
11.7027428571367,1.14296820497245,1.14277384627067,0.000194358701779196
11.7065142857082,1.14296793874323,1.14277404594258,0.0001938928006473
11.7102857142796,1.14296767315219,1.14277424513586,0.000193428016336483
11.714057142851,1.14296740819781,1.14277444385164,0.000192964346169111
11.7178285714224,1.14296714387856,1.14277464209108,0.000192501787475097
11.7215999999939,1.14296688019291,1.14277483985532,0.000192040337589461
11.7253714285653,1.14296661713935,1.14277503714549,0.000191579993854774
11.7291428571367,1.14296635471635,1.14277523396273,0.000191120753619156
11.7329142857081,1.14296609292242,1.14277543030818,0.000190662614237613
11.7366857142796,1.14296583175604,1.14277562618297,0.000190205573071367
11.740457142851,1.14296557121571,1.14277582158822,0.00018974962748719
11.7442285714224,1.14296531129992,1.14277601652506,0.000189294774859405
11.7479999999939,1.14296505200718,1.14277621099461,0.000188841012568108
11.7517714285653,1.142964793336,1.142776404998,0.00018838833799939
11.7555428571367,1.14296453528488,1.14277659853634,0.000187936748546003
11.7593142857081,1.14296427785235,1.14277679161074,0.000187486241606694
11.7630857142796,1.14296402103691,1.14277698422232,0.000187036814586428
11.766857142851,1.14296376483708,1.14277717637219,0.000186588464896831
11.7706285714224,1.1429635092514,1.14277736806145,0.000186141189955302
11.7743999999938,1.14296325427839,1.14277755929121,0.000185694987185236
11.7781714285653,1.14296299991658,1.14277775006256,0.000185249854016911
11.7819428571367,1.14296274616451,1.14277794037662,0.000184805787886155
11.7857142857081,1.14296249302071,1.14277813023447,0.000184362786235237
11.7894857142795,1.14296224048372,1.14277831963721,0.00018392084651242
11.793257142851,1.1429619885521,1.14277850858593,0.000183479966172184
11.7970285714224,1.14296173722439,1.14277869708171,0.000183040142675228
11.8007999999938,1.14296148649914,1.14277888512565,0.000182601373487579
11.8045714285653,1.1429612363749,1.14277907271882,0.000182163656082368
11.8083428571367,1.14296098685025,1.14277925986231,0.000181726987938502
11.8121142857081,1.14296073792374,1.1427794465572,0.000181291366540437
11.8158857142795,1.14296048959393,1.14277963280455,0.000180856789379069
11.819657142851,1.1429602418594,1.14277981860545,0.000180423253951734
11.8234285714224,1.14295999471872,1.14278000396096,0.000179990757760429
11.8271999999938,1.14295974817047,1.14278018887215,0.00017955929831448
11.8309714285652,1.14295950221322,1.14278037334009,0.000179128873128764
11.8347428571367,1.14295925684556,1.14278055736583,0.00017869947972371
11.8385142857081,1.14295901206607,1.14278074095045,0.000178271115626183
11.8422857142795,1.14295876787335,1.14278092409498,0.000177843778368825
11.8460571428509,1.14295852426599,1.1427811068005,0.000177417465490048
11.8498285714224,1.14295828124259,1.14278128906806,0.000176992174534707
11.8535999999938,1.14295803880174,1.14278147089869,0.000176567903052538
11.8573714285652,1.14295779694206,1.14278165229346,0.000176144648600163
11.8611428571367,1.14295755566214,1.1427818332534,0.000175722408739309
11.8649142857081,1.14295731496059,1.14278201377956,0.000175301181038368
11.8686857142795,1.14295707483604,1.14278219387297,0.00017488096307039
11.8724571428509,1.14295683528709,1.14278237353468,0.000174461752415533
11.8762285714224,1.14295659631238,1.14278255276572,0.000174043546659064
11.8799999999938,1.14295635791051,1.14278273156712,0.000173626343391797
11.8837714285652,1.14295612008012,1.14278290993991,0.000173210140210989
11.8875428571366,1.14295588281984,1.14278308788512,0.000172794934718778
11.8913142857081,1.1429556461283,1.14278326540378,0.000172380724524412
11.8950857142795,1.14295541000414,1.1427834424969,0.000171967507241355
11.8988571428509,1.14295517444599,1.1427836191655,0.00017155528048951
11.9026285714223,1.14295493945251,1.14278379541062,0.000171144041894999
11.9063999999938,1.14295470502234,1.14278397123325,0.000170733789088606
11.9101714285652,1.14295447115412,1.14278414663441,0.000170324519707554
11.9139428571366,1.14295423784651,1.14278432161512,0.000169916231394174
11.9177142857081,1.14295400509817,1.14278449617637,0.00016950892179679
11.9214857142795,1.14295377290775,1.14278467031918,0.000169102588569503
11.9252571428509,1.14295354127393,1.14278484404455,0.000168697229371739
11.9290285714223,1.14295331019535,1.14278501735348,0.0001682928418687
11.9327999999938,1.1429530796707,1.14278519024697,0.000167889423730916
11.9365714285652,1.14295284969865,1.14278536272601,0.000167486972634912
11.9403428571366,1.14295262027786,1.1427855347916,0.000167085486262319
11.944114285708,1.14295239140703,1.14278570644473,0.000166684962300767
11.9478857142795,1.14295216308482,1.14278587768638,0.000166285398443211
11.9516571428509,1.14295193530994,1.14278604851755,0.000165886792388381
11.9554285714223,1.14295170808105,1.14278621893921,0.000165489141839892
11.9591999999937,1.14295148139686,1.14278638895235,0.000165092444507353
11.9629714285652,1.14295125525606,1.14278655855795,0.000164696698106148
11.9667428571366,1.14295102965735,1.14278672775699,0.000164301900356545
11.970514285708,1.14295080459942,1.14278689655044,0.000163908048984363
11.9742857142795,1.14295058008098,1.14278706493926,0.000163515141721637
11.9780571428509,1.14295035610075,1.14278723292444,0.000163123176304403
11.9818285714223,1.14295013265741,1.14278740050694,0.000162732150475353
11.9855999999937,1.1429499097497,1.14278756768772,0.000162342061982068
11.9893714285652,1.14294968737633,1.14278773446775,0.000161952908577678
11.9931428571366,1.14294946553601,1.14278790084799,0.000161564688020865
11.996914285708,1.14294924422747,1.1427880668294,0.000161177398075196
12.0006857142794,1.14294902344943,1.14278823241292,0.000160791036510011
12.0044571428509,1.14294880320063,1.14278839759953,0.000160405601099978
12.0082285714223,1.14294858347979,1.14278856239016,0.000160021089624873
12.0119999999937,1.14294836428564,1.14278872678577,0.000159637499869802
12.0157714285651,1.14294814561693,1.1427888907873,0.000159254829625421
12.0195428571366,1.14294792747239,1.14278905439571,0.000158873076687494
12.023314285708,1.14294770985078,1.14278921761192,0.000158492238857333
12.0270857142794,1.14294749275082,1.14278938043688,0.000158112313940917
12.0308571428509,1.14294727617129,1.14278954287154,0.00015773329975044
12.0346285714223,1.14294706011092,1.14278970491681,0.000157355194102093
12.0383999999937,1.14294684456847,1.14278986657365,0.00015697799481873
12.0421714285651,1.1429466295427,1.14279002784297,0.000156601699726977
12.0459428571366,1.14294641503238,1.14279018872572,0.000156226306659901
12.049714285708,1.14294620103626,1.14279034922281,0.00015585181345501
12.0534857142794,1.14294598755312,1.14279050933516,0.000155478217955363
12.0572571428508,1.14294577458172,1.14279066906371,0.00015510551800868
12.0610285714223,1.14294556212084,1.14279082840937,0.00015473371146868
12.0647999999937,1.14294535016925,1.14279098737306,0.000154362796193519
12.0685714285651,1.14294513872574,1.14279114595569,0.000153992770047129
12.0723428571365,1.14294492778908,1.14279130415819,0.000153623630897437
12.076114285708,1.14294471735807,1.14279146198145,0.000153255376618588
12.0798857142794,1.14294450743148,1.14279161942639,0.000152888005089391
12.0836571428508,1.14294429800811,1.14279177649392,0.000152521514193982
12.0874285714223,1.14294408908676,1.14279193318493,0.000152155901821382
12.0911999999937,1.14294388066621,1.14279208950034,0.0001517911658655
12.0949714285651,1.14294367274527,1.14279224544105,0.000151427304225127
12.0987428571365,1.14294346532275,1.14279240100794,0.000151064314805049
12.102514285708,1.14294325839744,1.14279255620192,0.000150702195514052
12.1062857142794,1.14294305196815,1.14279271102389,0.000150340944266469
12.1100571428508,1.1429428460337,1.14279286547472,0.0001499805589813
12.1138285714222,1.1429426405929,1.14279301955532,0.000149621037583092
12.1175999999937,1.14294243564457,1.14279317326657,0.000149262378000836
12.1213714285651,1.14294223118753,1.14279332660936,0.000148904578168629
12.1251428571365,1.14294202722059,1.14279347958456,0.000148547636025675
12.1289142857079,1.14294182374258,1.14279363219306,0.000148191549515619
12.1326857142794,1.14294162075234,1.14279378443575,0.000147836316587879
12.1364571428508,1.14294141824868,1.14279393631349,0.000147481935196092
12.1402285714222,1.14294121623046,1.14279408782716,0.00014712840329878
12.1439999999936,1.14294101469649,1.14279423897763,0.000146775718859793
12.1477714285651,1.14294081364563,1.14279438976578,0.000146423879847868
12.1515428571365,1.14294061307671,1.14279454019247,0.000146072884236403
12.1553142857079,1.14294041298857,1.14279469025857,0.000145722730003683
12.1590857142794,1.14294021338008,1.14279483996494,0.000145373415132433
12.1628571428508,1.14294001425006,1.14279498931245,0.000145024937610927
12.1666285714222,1.14293981559739,1.14279513830196,0.000144677295431661
12.1703999999936,1.14293961742091,1.14279528693432,0.000144330486592681
12.1741714285651,1.14293941971948,1.14279543521039,0.000143984509096029
12.1779428571365,1.14293922249197,1.14279558313102,0.000143639360948855
12.1817142857079,1.14293902573724,1.14279573069707,0.000143295040163416
12.1854857142793,1.14293882945415,1.14279587790939,0.000142951544755965
12.1892571428508,1.14293863364157,1.14279602476882,0.000142608872748307
12.1930285714222,1.14293843829838,1.14279617127621,0.000142267022166465
12.1967999999936,1.14293824342345,1.14279631743241,0.000141925991041791
12.200571428565,1.14293804901566,1.14279646323825,0.000141585777409414
12.2043428571365,1.14293785507389,1.14279660869458,0.000141246379310012
12.2081142857079,1.14293766159702,1.14279675380223,0.000140907794788703
12.2118857142793,1.14293746858394,1.14279689856205,0.000140570021894826
12.2156571428508,1.14293727603353,1.14279704297485,0.000140233058683492
12.2194285714222,1.14293708394469,1.14279718704148,0.000139896903213144
12.2231999999936,1.14293689231631,1.14279733076277,0.000139561553547773
12.226971428565,1.14293670114729,1.14279747413953,0.000139227007755816
12.2307428571365,1.14293651043652,1.14279761717261,0.000138893263910367
12.2345142857079,1.14293632018291,1.14279775986282,0.000138560320088965
12.2382857142793,1.14293613038536,1.14279790221098,0.000138228174373811
12.2420571428507,1.14293594104277,1.14279804421792,0.000137896824851547
12.2458285714222,1.14293575215407,1.14279818588445,0.000137566269614142
12.2495999999936,1.14293556371815,1.14279832721139,0.000137236506757343
12.253371428565,1.14293537573393,1.14279846819955,0.000136907534381558
12.2571428571364,1.14293518820034,1.14279860884975,0.000136579350592081
12.2609142857079,1.14293500111629,1.14279874916279,0.000136251953498645
12.2646857142793,1.14293481448069,1.14279888913948,0.000135925341215204
12.2684571428507,1.14293462829249,1.14279902878063,0.000135599511860596
12.2722285714222,1.1429344425506,1.14279916808705,0.000135274463558099
12.2759999999936,1.14293425725396,1.14279930705953,0.000134950194435213
12.279771428565,1.1429340724015,1.14279944569888,0.000134626702624541
12.2835428571364,1.14293388799215,1.14279958400589,0.000134303986262463
12.2873142857079,1.14293370402485,1.14279972198136,0.000133982043490244
12.2910857142793,1.14293352049854,1.14279985962609,0.000133660872453367
12.2948571428507,1.14293333741217,1.14279999694087,0.000133340471302201
12.2986285714221,1.14293315476468,1.14280013392649,0.000133020838190889
12.3023999999936,1.14293297255502,1.14280027058374,0.000132701971278459
12.306171428565,1.14293279078213,1.1428004069134,0.000132383868728603
12.3099428571364,1.14293260944498,1.14280054291627,0.000132066528708563
12.3137142857078,1.14293242854251,1.14280067859312,0.000131749949390469
12.3174857142793,1.14293224807369,1.14280081394474,0.000131434128951113
12.3212571428507,1.14293206803747,1.1428009489719,0.000131119065571061
12.3250285714221,1.14293188843282,1.14280108367538,0.000130804757436209
12.3287999999936,1.14293170925871,1.14280121805597,0.000130491202735339
12.332571428565,1.14293153051409,1.14280135211443,0.000130178399662784
12.3363428571364,1.14293135219795,1.14280148585154,0.000129866346416652
12.3401142857078,1.14293117430926,1.14280161926806,0.000129555041199714
12.3438857142793,1.14293099684698,1.14280175236476,0.000129244482218738
12.3476571428507,1.14293081981011,1.14280188514242,0.00012893466768471
12.3514285714221,1.14293064319761,1.14280201760179,0.000128625595813503
12.3551999999935,1.14293046700847,1.14280214974365,0.00012831726482454
12.358971428565,1.14293029124168,1.14280228156874,0.000128009672942131
12.3627428571364,1.14293011589623,1.14280241307783,0.000127702818394138
12.3665142857078,1.14292994097109,1.14280254427168,0.000127396699413529
12.3702857142792,1.14292976646528,1.14280267515104,0.000127091314236827
12.3740571428507,1.14292959237777,1.14280280571667,0.000126786661104772
12.3778285714221,1.14292941870758,1.14280293596932,0.000126482738263212
12.3815999999935,1.14292924545369,1.14280306590973,0.000126179543960658
12.385371428565,1.14292907261512,1.14280319553866,0.000125877076451841
12.3891428571364,1.14292890019085,1.14280332485686,0.00012557533399371
12.3929142857078,1.14292872817991,1.14280345386507,0.000125274314848323
12.3966857142792,1.1429285565813,1.14280358256402,0.000124974017281954
12.4004571428507,1.14292838539404,1.14280371095447,0.000124674439565098
12.4042285714221,1.14292821461713,1.14280383903716,0.000124375579971803
12.4079999999935,1.14292804424959,1.14280396681281,0.000124077436780778
12.4117714285649,1.14292787429044,1.14280409428217,0.000123780008274954
12.4155428571364,1.14292770473871,1.14280422144597,0.000123483292741033
12.4193142857078,1.14292753559341,1.14280434830494,0.000123187288469495
12.4230857142792,1.14292736685357,1.14280447485982,0.000122891993755925
12.4268571428506,1.14292719851823,1.14280460111133,0.000122597406899017
12.4306285714221,1.1429270305864,1.1428047270602,0.00012230352620235
12.4343999999935,1.14292686305713,1.14280485270715,0.000122010349973056
12.4381714285649,1.14292669592944,1.14280497805292,0.000121717876522265
12.4419428571364,1.14292652920238,1.14280510309821,0.000121426104165323
12.4457142857078,1.14292636287498,1.14280522784376,0.000121135031222019
12.4494857142792,1.14292619694629,1.14280535229028,0.000120844656015251
12.4532571428506,1.14292603141536,1.14280547643848,0.0001205549768728
12.4570285714221,1.14292586628121,1.14280560028909,0.000120265992126001
12.4607999999935,1.14292570154292,1.14280572384281,0.000119977700110185
12.4645714285649,1.14292553719952,1.14280584710036,0.000119690099164904
12.4683428571363,1.14292537325008,1.14280597006244,0.000119403187633926
12.4721142857078,1.14292520969364,1.14280609272977,0.00011911696386413
12.4758857142792,1.14292504652926,1.14280621510305,0.000118831426206834
12.4796571428506,1.14292488375601,1.14280633718299,0.000118546573017797
12.483428571422,1.14292472137295,1.14280645897029,0.000118262402656111
12.4871999999935,1.14292455937913,1.14280658046565,0.00011797891348464
12.4909714285649,1.14292439777364,1.14280670166977,0.000117696103871134
12.4947428571363,1.14292423655553,1.14280682258335,0.000117413972185787
12.4985142857077,1.14292407572389,1.14280694320708,0.000117132516804119
12.5022857142792,1.14292391527777,1.14280706354167,0.000116851736104762
12.5060571428506,1.14292375521627,1.1428071835878,0.000116571628470563
12.509828571422,1.14292359553845,1.14280730334616,0.000116292192287926
12.5135999999935,1.1429234362434,1.14280742281745,0.000116013425947248
12.5173714285649,1.1429232773302,1.14280754200235,0.000115735327842925
12.5211428571363,1.14292311879793,1.14280766090155,0.000115457896373128
12.5249142857077,1.14292296064568,1.14280777951574,0.000115181129939801
12.5286857142792,1.14292280287254,1.14280789784559,0.000114905026949108
12.5324571428506,1.14292264547761,1.1428080158918,0.0001146295858101
12.536228571422,1.14292248845996,1.14280813365503,0.000114354804936712
12.5399999999934,1.14292233181871,1.14280825113597,0.000114080682745987
12.5437714285649,1.14292217555295,1.14280836833529,0.00011380721765919
12.5475428571363,1.14292201966177,1.14280848525367,0.000113534408100913
12.5513142857077,1.14292186414429,1.14280860189179,0.000113262252499746
12.5550857142791,1.14292170899959,1.1428087182503,0.0001129907492885
12.5588571428506,1.1429215542268,1.1428088343299,0.000112719896902869
12.562628571422,1.14292139982502,1.14280895013124,0.00011244969378299
12.5663999999934,1.14292124579336,1.14280906565498,0.000112180138372331
12.5701714285649,1.14292109213092,1.14280918090181,0.000111911229118355
12.5739428571363,1.14292093883684,1.14280929587237,0.000111642964472303
12.5777142857077,1.14292078591022,1.14280941056733,0.000111375342888742
12.5814857142791,1.14292063335019,1.14280952498736,0.000111108362825796
12.5852571428506,1.14292048115586,1.14280963913311,0.000110842022746471
12.589028571422,1.14292032932635,1.14280975300524,0.000110576321116218
12.5927999999934,1.1429201778608,1.1428098666044,0.000110311256404705
12.5965714285648,1.14292002675833,1.14280997993125,0.000110046827085153
12.6003428571363,1.14291987601808,1.14281009298644,0.000109783031634336
12.6041142857077,1.14291972563916,1.14281020577063,0.000109519868532804
12.6078857142791,1.14291957562072,1.14281031828446,0.000109257336265101
12.6116571428505,1.1429194259619,1.14281043052858,0.000108995433318437
12.615428571422,1.14291927666182,1.14281054250364,0.000108734158184687
12.6191999999934,1.14291912771963,1.14281065421027,0.000108473509358609
12.6229714285648,1.14291897913448,1.14281076564914,0.000108213485339181
12.6267428571363,1.1429188309055,1.14281087682087,0.000107954084628492
12.6305142857077,1.14291868303185,1.14281098772611,0.000107695305732625
12.6342857142791,1.14291853551266,1.1428110983655,0.00010743714716055
12.6380571428505,1.1429183883471,1.14281120873967,0.000107179607425678
12.641828571422,1.14291824153431,1.14281131884927,0.000106922685044752
12.6455999999934,1.14291809507345,1.14281142869491,0.000106666378536957
12.6493714285648,1.14291794896367,1.14281153827725,0.00010641068642725
12.6531428571362,1.14291780320414,1.1428116475969,0.00010615560724192
12.6569142857077,1.14291765779401,1.14281175665449,0.000105901139511921
12.6606857142791,1.14291751273244,1.14281186545067,0.000105647281771537
12.6644571428505,1.14291736801861,1.14281197398605,0.000105394032558825
12.6682285714219,1.14291722365167,1.14281208226125,0.000105141390414731
12.6719999999934,1.14291707963079,1.14281219027691,0.000104889353884641
12.6757714285648,1.14291693595515,1.14281229803364,0.000104637921515716
12.6795428571362,1.14291679262392,1.14281240553206,0.000104387091860891
12.6833142857077,1.14291664963627,1.1428125127728,0.000104136863474436
12.6870857142791,1.14291650699138,1.14281261975646,0.000103887234915501
12.6908571428505,1.14291636468843,1.14281272648368,0.000103638204746126
12.6946285714219,1.14291622272659,1.14281283295506,0.000103389771532347
12.6983999999934,1.14291608110505,1.14281293917121,0.000103141933842643
12.7021714285648,1.142915939823,1.14281304513275,0.000102894690249267
12.7059428571362,1.14291579887962,1.14281315084029,0.00010264803932869
12.7097142857076,1.14291565827409,1.14281325629443,0.000102401979660272
12.7134857142791,1.14291551800561,1.14281336149579,0.000102156509826035
12.7172571428505,1.14291537807338,1.14281346644497,0.000101911628412443
12.7210285714219,1.14291523847658,1.14281357114257,0.00010166733400907
12.7247999999933,1.14291509921441,1.1428136755892,0.000101423625208819
12.7285714285648,1.14291496028606,1.14281377978545,0.0001011805006077
12.7323428571362,1.14291482169075,1.14281388373194,0.000100937958805281
12.7361142857076,1.14291468342766,1.14281398742926,0.000100695998404676
12.7398857142791,1.14291454549601,1.14281409087799,0.000100454618012336
12.7436571428505,1.14291440789499,1.14281419407876,0.000100213816237815
12.7474285714219,1.14291427062383,1.14281429703213,9.99735916940026e-05
12.7511999999933,1.14291413368171,1.14281439973872,9.97339429973376e-05
12.7549714285648,1.14291399706787,1.1428145021991,9.9494868766925e-05
12.7587428571362,1.1429138607815,1.14281460441387,9.92563676267544e-05
12.7625142857076,1.14291372482183,1.14281470638363,9.90184382019255e-05
12.766285714279,1.14291358918807,1.14281480810895,9.87810791228672e-05
12.7700571428505,1.14291345387944,1.14281490959042,9.85442890215626e-05
12.7738285714219,1.14291331889516,1.14281501082863,9.83080665348801e-05
12.7775999999933,1.14291318423446,1.14281511182416,9.80724103019082e-05
12.7813714285647,1.14291304989655,1.14281521257759,9.7837318964844e-05
12.7851428571362,1.14291291588067,1.1428153130895,9.76027911703259e-05
12.7889142857076,1.14291278218604,1.14281541336047,9.73688255669902e-05
12.792685714279,1.14291264881189,1.14281551339108,9.71354208070263e-05
12.7964571428504,1.14291251575746,1.14281561318191,9.69025755463981e-05
12.8002285714219,1.14291238302197,1.14281571273352,9.66702884437343e-05
12.8039999999933,1.14291225060466,1.1428158120465,9.64385581612159e-05
12.8077714285647,1.14291211850478,1.14281591112142,9.6207383364133e-05
12.8115428571362,1.14291198672155,1.14281600995883,9.5976762720662e-05
12.8153142857076,1.14291185525423,1.14281610855933,9.57466949025321e-05
12.819085714279,1.14291172410205,1.14281620692346,9.5517178584581e-05
12.8228571428504,1.14291159326425,1.14281630505181,9.52882124447552e-05
12.8266285714219,1.14291146274009,1.14281640294493,9.50597951641097e-05
12.8303999999933,1.14291133252882,1.14281650060339,9.48319254272523e-05
12.8341714285647,1.14291120262967,1.14281659802775,9.46046019216773e-05
12.8379428571361,1.14291107304191,1.14281669521857,9.43778233375436e-05
12.8417142857076,1.14291094376478,1.14281679217641,9.4151588369229e-05
12.845485714279,1.14291081479755,1.14281688890184,9.39258957128875e-05
12.8492571428504,1.14291068613947,1.1428169853954,9.3700744069336e-05
12.8530285714218,1.14291055778979,1.14281708165765,9.3476132140724e-05
12.8567999999933,1.14291042974779,1.14281717768916,9.32520586343077e-05
12.8605714285647,1.14291030201272,1.14281727349046,9.30285222588978e-05
12.8643428571361,1.14291017458384,1.14281736906212,9.28055217268575e-05
12.8681142857076,1.14291004746043,1.14281746440468,9.25830557538809e-05
12.871885714279,1.14290992064175,1.14281755951869,9.23611230587706e-05
12.8756571428504,1.14290979412706,1.1428176544047,9.21397223625497e-05
12.8794285714218,1.14290966791565,1.14281774906326,9.19188523906822e-05
12.8831999999933,1.14290954200678,1.14281784349491,9.16985118706304e-05
12.8869714285647,1.14290941639973,1.1428179377002,9.14786995329653e-05
12.8907428571361,1.14290929109378,1.14281803167967,9.12594141122547e-05
12.8945142857075,1.1429091660882,1.14281812543385,9.10406543448428e-05
12.898285714279,1.14290904138227,1.1428182189633,9.08224189706264e-05
12.9020571428504,1.14290891697528,1.14281831226854,9.06047067332771e-05
12.9058285714218,1.1429087928665,1.14281840535012,9.0387516377799e-05
12.9095999999932,1.14290866905523,1.14281849820858,9.01708466538587e-05
12.9133714285647,1.14290854554075,1.14281859084444,8.99546963133435e-05
12.9171428571361,1.14290842232235,1.14281868325824,8.97390641110274e-05
12.9209142857075,1.14290829939932,1.14281877545051,8.95239488050148e-05
12.924685714279,1.14290817677095,1.14281886742179,8.93093491560748e-05
12.9284571428504,1.14290805443653,1.1428189591726,8.90952639283071e-05
12.9322285714218,1.14290793239537,1.14281905070348,8.88816918886981e-05
12.9359999999932,1.14290781064675,1.14281914201494,8.86686318066765e-05
12.9397714285647,1.14290768918997,1.14281923310752,8.84560824554459e-05
12.9435428571361,1.14290756802435,1.14281932398174,8.82440426104303e-05
12.9473142857075,1.14290744714917,1.14281941463812,8.80325110501623e-05
12.9510857142789,1.14290732656375,1.14281950507719,8.78214865567273e-05
12.9548571428504,1.14290720626738,1.14281959529947,8.7610967914209e-05
12.9586285714218,1.14290708625938,1.14281968530547,8.74009539102438e-05
12.9623999999932,1.14290696653905,1.14281977509571,8.71914433349108e-05
12.9661714285646,1.1429068471057,1.14281986467072,8.69824349816195e-05
12.9699428571361,1.14290672795866,1.14281995403101,8.67739276464441e-05
12.9737142857075,1.14290660909722,1.14282004317709,8.65659201283453e-05
12.9774857142789,1.1429064905207,1.14282013210947,8.63584112291704e-05
12.9812571428504,1.14290637222843,1.14282022082868,8.61513997536534e-05
12.9850285714218,1.14290625421972,1.14282030933521,8.59448845096367e-05
12.9887999999932,1.14290613649389,1.14282039762958,8.57388643074053e-05
12.9925714285646,1.14290601905026,1.1428204857123,8.55333379603529e-05
12.9963428571361,1.14290590188816,1.14282057358388,8.53283042845376e-05
13.0001142857075,1.14290578500691,1.14282066124481,8.51237620991263e-05
13.0038857142789,1.14290566840584,1.14282074869562,8.49197102259502e-05
13.0076571428503,1.14290555208428,1.14282083593679,8.47161474892832e-05
13.0114285714218,1.14290543604155,1.14282092296884,8.45130727171739e-05
13.0151999999932,1.14290532027699,1.14282100979225,8.43104847398912e-05
13.0189714285646,1.14290520478994,1.14282109640755,8.41083823899247e-05
13.022742857136,1.14290508957972,1.14282118281521,8.39067645037606e-05
13.0265142857075,1.14290497464567,1.14282126901575,8.37056299196615e-05
13.0302857142789,1.14290485998713,1.14282135500965,8.35049774794427e-05
13.0340571428503,1.14290474560344,1.14282144079742,8.33048060273622e-05
13.0378285714218,1.14290463149395,1.14282152637954,8.31051144098982e-05
13.0415999999932,1.14290451765799,1.14282161175651,8.29059014773037e-05
13.0453714285646,1.1429044040949,1.14282169692882,8.27071660820522e-05
13.049142857136,1.14290429080405,1.14282178189697,8.25089070795038e-05
13.0529142857075,1.14290417778476,1.14282186666143,8.23111233274609e-05
13.0566857142789,1.14290406503639,1.14282195122271,8.21138136870569e-05
13.0604571428503,1.1429039525583,1.14282203558128,8.19169770209793e-05
13.0642285714217,1.14290384034983,1.14282211973763,8.17206121963565e-05
13.0679999999932,1.14290372841033,1.14282220369225,8.15247180818712e-05
13.0717714285646,1.14290361673917,1.14282228744562,8.13292935490928e-05
13.075542857136,1.1429035053357,1.14282237099823,8.11343374722551e-05
13.0793142857074,1.14290339419927,1.14282245435054,8.09398487284785e-05
13.0830857142789,1.14290328332926,1.14282253750306,8.0745826197548e-05
13.0868571428503,1.14290317272501,1.14282262045624,8.05522687621352e-05
13.0906285714217,1.14290306238589,1.14282270321058,8.03591753069099e-05
13.0943999999932,1.14290295231127,1.14282278576655,8.01665447198729e-05
13.0981714285646,1.14290284250051,1.14282286812462,7.99743758914673e-05
13.101942857136,1.14290273295298,1.14282295028527,7.97826677150226e-05
13.1057142857074,1.14290262366805,1.14282303224896,7.95914190858671e-05
13.1094857142789,1.14290251464509,1.14282311401618,7.94006289026594e-05
13.1132571428503,1.14290240588347,1.1428231955874,7.92102960662788e-05
13.1170285714217,1.14290229738256,1.14282327696308,7.90204194809352e-05
13.1207999999931,1.14290218914174,1.14282335814369,7.88309980521706e-05
13.1245714285646,1.14290208116039,1.1428234391297,7.86420306895241e-05
13.128342857136,1.14290197343789,1.14282351992158,7.8453516304311e-05
13.1321142857074,1.14290186597361,1.1428236005198,7.8265453810511e-05
13.1358857142788,1.14290175876693,1.1428236809248,7.80778421252126e-05
13.1396571428503,1.14290165181724,1.14282376113707,7.78906801677248e-05
13.1434285714217,1.14290154512392,1.14282384115706,7.7703966859799e-05
13.1471999999931,1.14290143868636,1.14282392098523,7.7517701126073e-05
13.1509714285646,1.14290133250394,1.14282400062205,7.73318818936275e-05
13.154742857136,1.14290122657605,1.14282408006796,7.71465080922074e-05
13.1585142857074,1.14290112090209,1.14282415932343,7.69615786542222e-05
13.1622857142788,1.14290101548144,1.14282423838892,7.67770925138578e-05
13.1660571428503,1.14290091031349,1.14282431726488,7.65930486092969e-05
13.1698285714217,1.14290080539765,1.14282439595177,7.64094458800546e-05
13.1735999999931,1.1429007007333,1.14282447445003,7.62262832685323e-05
13.1773714285645,1.14290059631984,1.14282455276012,7.60435597195741e-05
13.181142857136,1.14290049215667,1.14282463088249,7.58612741809106e-05
13.1849142857074,1.1429003882432,1.1428247088176,7.56794256027149e-05
13.1886857142788,1.14290028457882,1.14282478656588,7.54980129373806e-05
13.1924571428502,1.14290018116294,1.1428248641278,7.53170351399657e-05
13.1962285714217,1.14290007799495,1.14282494150379,7.51364911679708e-05
13.1999999999931,1.14289997507428,1.14282501869429,7.49563799815611e-05
13.2037714285645,1.14289987240031,1.14282509569977,7.47767005433442e-05
13.2075428571359,1.14289976997247,1.14282517252065,7.45974518183701e-05
13.2113142857074,1.14289966779016,1.14282524915738,7.44186327739094e-05
13.2150857142788,1.14289956585279,1.14282532561041,7.42402423803412e-05
13.2188571428502,1.14289946415978,1.14282540188017,7.40622796095991e-05
13.2226285714217,1.14289936271054,1.1428254779671,7.38847434373913e-05
13.2263999999931,1.14289926150448,1.14282555387164,7.37076328405362e-05
13.2301714285645,1.14289916054103,1.14282562959423,7.35309467991829e-05
13.2339428571359,1.1428990598196,1.1428257051353,7.3354684295257e-05
13.2377142857074,1.14289895933961,1.14282578049529,7.31788443137926e-05
13.2414857142788,1.14289885910048,1.14282585567464,7.30034258416001e-05
13.2452571428502,1.14289875910164,1.14282593067377,7.28284278688207e-05
13.2490285714216,1.14289865934251,1.14282600549312,7.26538493871498e-05
13.2527999999931,1.14289855982251,1.14282608013312,7.24796893911694e-05
13.2565714285645,1.14289846054107,1.1428261545942,7.23059468774601e-05
13.2603428571359,1.14289836149763,1.14282622887678,7.21326208454887e-05
13.2641142857073,1.1428982626916,1.1428263029813,7.19597102967207e-05
13.2678857142788,1.14289816412242,1.14282637690819,7.1787214235064e-05
13.2716571428502,1.14289806578952,1.14282645065786,7.16151316677571e-05
13.2754285714216,1.14289796769234,1.14282652423074,7.14434616024828e-05
13.2791999999931,1.14289786983031,1.14282659762726,7.12722030511426e-05
13.2829714285645,1.14289777220287,1.14282667084785,7.11013550269701e-05
13.2867428571359,1.14289767480946,1.14282674389291,7.09309165463079e-05
13.2905142857073,1.1428975776495,1.14282681676287,7.07608866270526e-05
13.2942857142788,1.14289748072245,1.14282688945816,7.05912642897655e-05
13.2980571428502,1.14289738402775,1.14282696197919,7.04220485576723e-05
13.3018285714216,1.14289728756483,1.14282703432638,7.02532384559973e-05
13.305599999993,1.14289719133315,1.14282710650014,7.0084833012185e-05
13.3093714285645,1.14289709533215,1.14282717850089,6.99168312565668e-05
13.3131428571359,1.14289699956127,1.14282725032905,6.97492322214721e-05
13.3169142857073,1.14289690401997,1.14282732198503,6.95820349414511e-05
13.3206857142787,1.14289680870769,1.14282739346923,6.94152384528302e-05
13.3244571428502,1.14289671362388,1.14282746478209,6.92488417959325e-05
13.3282285714216,1.14289661876801,1.14282753592399,6.90828440117475e-05
13.331999999993,1.14289652413951,1.14282760689537,6.8917244143929e-05
13.3357714285645,1.14289642973785,1.14282767769661,6.87520412387954e-05
13.3395428571359,1.14289633556248,1.14282774832814,6.85872343451077e-05
13.3433142857073,1.14289624161286,1.14282781879035,6.84228225131811e-05
13.3470857142787,1.14289614788845,1.14282788908366,6.82588047962174e-05
13.3508571428502,1.14289605438871,1.14282795920846,6.80951802496388e-05
13.3546285714216,1.1428959611131,1.14282802916517,6.79319479304219e-05
13.358399999993,1.14289586806109,1.14282809895419,6.77691068986519e-05
13.3621714285644,1.14289577523212,1.14282816857591,6.76066562166344e-05
13.3659428571359,1.14289568262568,1.14282823803074,6.74445949480074e-05
13.3697142857073,1.14289559024123,1.14282830731907,6.72829221597393e-05
13.3734857142787,1.14289549807824,1.14282837644132,6.71216369207972e-05
13.3772571428501,1.14289540613617,1.14282844539787,6.69607383019244e-05
13.3810285714216,1.1428953144145,1.14282851418912,6.68002253763067e-05
13.384799999993,1.1428952229127,1.14282858281548,6.66400972193504e-05
13.3885714285644,1.14289513163023,1.14282865127732,6.64803529089042e-05
13.3923428571359,1.14289504056659,1.14282871957506,6.63209915245933e-05
13.3961142857073,1.14289494972123,1.14282878770908,6.61620121487072e-05
13.3998857142787,1.14289485909364,1.14282885567977,6.60034138655341e-05
13.4036571428501,1.14289476868329,1.14282892348753,6.58451957613604e-05
13.4074285714216,1.14289467848967,1.14282899113275,6.56873569251371e-05
13.411199999993,1.14289458851226,1.14282905861581,6.55298964473694e-05
13.4149714285644,1.14289449875053,1.14282912593711,6.53728134214493e-05
13.4187428571358,1.14289440920397,1.14282919309702,6.52161069421009e-05
13.4225142857073,1.14289431987206,1.14282926009595,6.5059776107157e-05
13.4262857142787,1.14289423075429,1.14282932693428,6.49038200160046e-05
13.4300571428501,1.14289414185015,1.14282939361238,6.47482377704733e-05
13.4338285714215,1.14289405315913,1.14282946013065,6.45930284737251e-05
13.437599999993,1.1428939646807,1.14282952648947,6.44381912326963e-05
13.4413714285644,1.14289387641437,1.14282959268922,6.4283725155212e-05
13.4451428571358,1.14289378835963,1.14282965873028,6.41296293513172e-05
13.4489142857073,1.14289370051596,1.14282972461303,6.39759029332776e-05
13.4526857142787,1.14289361288287,1.14282979033785,6.38225450162455e-05
13.4564571428501,1.14289352545984,1.14282985590512,6.36695547167054e-05
13.4602285714215,1.14289343824637,1.14282992131522,6.35169311529182e-05
13.463999999993,1.14289335124197,1.14282998656852,6.33646734464755e-05
13.4677714285644,1.14289326444613,1.14283005166541,6.32127807198568e-05
13.4715428571358,1.14289317785834,1.14283011660624,6.30612520979845e-05
13.4753142857072,1.14289309147812,1.14283018139141,6.29100867086674e-05
13.4790857142787,1.14289300530496,1.14283024602128,6.27592836810464e-05
13.4828571428501,1.14289291933837,1.14283031049622,6.26088421462612e-05
13.4866285714215,1.14289283357785,1.14283037481661,6.24587612381156e-05
13.4903999999929,1.14289274802291,1.14283043898282,6.23090400915238e-05
13.4941714285644,1.14289266267305,1.14283050299521,6.21596778445088e-05
13.4979428571358,1.14289257752779,1.14283056685416,6.20106736368697e-05
13.5017142857072,1.14289249258663,1.14283063056002,6.18620266101821e-05
13.5054857142787,1.14289240784909,1.14283069411318,6.17137359084641e-05
13.5092571428501,1.14289232331467,1.142830757514,6.15658006770659e-05
13.5130285714215,1.14289223898289,1.14283082076283,6.14182200644464e-05
13.5167999999929,1.14289215485327,1.14283088386005,6.12709932199529e-05
13.5205714285644,1.14289207092531,1.14283094680602,6.1124119296263e-05
13.5243428571358,1.14289198719854,1.14283100960109,6.09775974467208e-05
13.5281142857072,1.14289190367247,1.14283107224565,6.08314268273347e-05
13.5318857142786,1.14289182034663,1.14283113474003,6.06856065969996e-05
13.5356571428501,1.14289173722052,1.14283119708461,6.05401359148328e-05
13.5394285714215,1.14289165429368,1.14283125927974,6.0395013943948e-05
13.5431999999929,1.14289157156563,1.14283132132578,6.02502398472371e-05
13.5469714285643,1.14289148903588,1.14283138322309,6.01058127918108e-05
13.5507428571358,1.14289140670397,1.14283144497202,5.99617319450019e-05
13.5545142857072,1.14289132456942,1.14283150657294,5.98179964774737e-05
13.5582857142786,1.14289124263175,1.14283156802619,5.96746055612218e-05
13.5620571428501,1.1428911608905,1.14283162933213,5.95315583697964e-05
13.5658285714215,1.14289107934519,1.14283169049111,5.9388854080078e-05
13.5695999999929,1.14289099799535,1.14283175150348,5.92464918696134e-05
13.5733714285643,1.14289091684052,1.14283181236961,5.91044709183919e-05
13.5771428571358,1.14289083588023,1.14283187308983,5.89627904081791e-05
13.5809142857072,1.14289075511401,1.14283193366449,5.88214495236272e-05
13.5846857142786,1.1428906745414,1.14283199409395,5.86804474496105e-05
13.58845714285,1.14289059416193,1.14283205437855,5.85397833747781e-05
13.5922285714215,1.14289051397514,1.14283211451865,5.8399456488667e-05
13.5959999999929,1.14289043398056,1.14283217451458,5.82594659828128e-05
13.5997714285643,1.14289035417774,1.14283223436669,5.81198110511938e-05
13.6035428571357,1.14289027456622,1.14283229407533,5.79804908891202e-05
13.6073142857072,1.14289019514554,1.14283235364085,5.78415046941227e-05
13.6110857142786,1.14289011591524,1.14283241306357,5.77028516657307e-05
13.61485714285,1.14289003687486,1.14283247234385,5.75645310050277e-05
13.6186285714214,1.14288995802395,1.14283253148204,5.74265419159836e-05
13.6223999999929,1.14288987936206,1.14283259047846,5.72888836032348e-05
13.6261714285643,1.14288980088873,1.14283264933345,5.71515552736379e-05
13.6299428571357,1.14288972260351,1.14283270804737,5.70145561369362e-05
13.6337142857072,1.14288964450594,1.14283276662054,5.6877885403539e-05
13.6374857142786,1.14288956659559,1.14283282505331,5.67415422860762e-05
13.64125714285,1.142889488872,1.142832883346,5.66055259996201e-05
13.6450285714214,1.14288941133472,1.14283294149896,5.64698357603532e-05
13.6487999999929,1.14288933398331,1.14283299951252,5.63344707869007e-05
13.6525714285643,1.14288925681731,1.14283305738701,5.61994302996638e-05
13.6563428571357,1.1428891798363,1.14283311512278,5.60647135205983e-05
13.6601142857071,1.14288910303981,1.14283317272014,5.59303196738803e-05
13.6638857142786,1.14288902642742,1.14283323017943,5.57962479854623e-05
13.66765714285,1.14288894999868,1.14283328750099,5.56624976826292e-05
13.6714285714214,1.14288887375314,1.14283334468514,5.55290679955522e-05
13.6751999999928,1.14288879769037,1.14283340173222,5.5395958155513e-05
13.6789714285643,1.14288872180994,1.14283345864254,5.52631673955695e-05
13.6827428571357,1.1428886461114,1.14283351541645,5.5130694951222e-05
13.6865142857071,1.14288857059432,1.14283357205426,5.49985400590813e-05
13.6902857142786,1.14288849525826,1.1428336285563,5.48667019579785e-05
13.69405714285,1.14288842010279,1.1428336849229,5.4735179888743e-05
13.6978285714214,1.14288834512748,1.14283374115439,5.46039730935366e-05
13.7015999999928,1.1428882703319,1.14283379725108,5.44730808169636e-05
13.7053714285643,1.1428881957156,1.1428338532133,5.43425023047384e-05
13.7091428571357,1.14288812127817,1.14283390904137,5.4212236805018e-05
13.7129142857071,1.14288804701918,1.14283396473561,5.40822835672916e-05
13.7166857142785,1.1428879729382,1.14283402029635,5.39526418428249e-05
13.72045714285,1.14288789903479,1.14283407572391,5.38233108853259e-05
13.7242285714214,1.14288782530854,1.14283413101859,5.36942899498349e-05
13.7279999999928,1.14288775175902,1.14283418618073,5.35655782929467e-05
13.7317714285642,1.14288767838581,1.14283424121064,5.34371751732543e-05
13.7355428571357,1.14288760518849,1.14283429610864,5.33090798511271e-05
13.7393142857071,1.14288753216662,1.14283435087503,5.31812915889329e-05
13.7430857142785,1.1428874593198,1.14283440551015,5.30538096505939e-05
13.74685714285,1.1428873866476,1.1428344600143,5.29266333018086e-05
13.7506285714214,1.14288731414961,1.1428345143878,5.27997618098297e-05
13.7543999999928,1.1428872418254,1.14283456863095,5.26731944441305e-05
13.7581714285642,1.14288716967456,1.14283462274408,5.25469304757387e-05
13.7619428571357,1.14288709769667,1.1428346767275,5.24209691770139e-05
13.7657142857071,1.14288702589133,1.1428347305815,5.22953098225365e-05
13.7694857142785,1.14288695425811,1.14283478430642,5.21699516891072e-05
13.7732571428499,1.1428868827966,1.14283483790255,5.20448940535267e-05
13.7770285714214,1.1428868115064,1.1428348913702,5.19201361965926e-05
13.7807999999928,1.14288674038709,1.14283494470969,5.17956773991024e-05
13.7845714285642,1.14288666943825,1.14283499792131,5.1671516944074e-05
13.7883428571356,1.1428865986595,1.14283505100538,5.15476541167459e-05
13.7921142857071,1.1428865280504,1.1428351039622,5.14240882034667e-05
13.7958857142785,1.14288645761057,1.14283515679207,5.13008184925834e-05
13.7996571428499,1.14288638733959,1.14283520949531,5.11778442737754e-05
13.8034285714214,1.14288631723705,1.14283526207221,5.10551648389423e-05
13.8071999999928,1.14288624730256,1.14283531452308,5.09327794817604e-05
13.8109714285642,1.14288617753571,1.14283536684822,5.08106874965719e-05
13.8147428571356,1.1428861079361,1.14283541904792,5.06888881808276e-05
13.8185142857071,1.14288603850333,1.1428354711225,5.05673808326446e-05
13.8222857142785,1.142885969237,1.14283552307225,5.04461647519161e-05
13.8260571428499,1.14288590013671,1.14283557489747,5.0325239240756e-05
13.8298285714213,1.14288583120206,1.14283562659846,5.02046036023884e-05
13.8335999999928,1.14288576243265,1.14283567817551,5.00842571424798e-05
13.8373714285642,1.1428856938281,1.14283572962893,4.99641991673627e-05
13.8411428571356,1.14288562538799,1.14283578095901,4.98444289853683e-05
13.844914285707,1.14288555711195,1.14283583216604,4.97249459072702e-05
13.8486857142785,1.14288548899957,1.14283588325032,4.96057492442858e-05
13.8524571428499,1.14288542105046,1.14283593421215,4.94868383098535e-05
13.8562285714213,1.14288535326424,1.14283598505182,4.93682124194095e-05
13.8599999999928,1.14288528564051,1.14283603576962,4.92498708892786e-05
13.8637714285642,1.14288521817888,1.14283608636584,4.91318130382279e-05
13.8675428571356,1.14288515087896,1.14283613684078,4.90140381859128e-05
13.871314285707,1.14288508374037,1.14283618719472,4.88965456539869e-05
13.8750857142785,1.14288501676272,1.14283623742796,4.87793347658805e-05
13.8788571428499,1.14288494994563,1.14283628754078,4.86624048463558e-05
13.8826285714213,1.1428848832887,1.14283633753348,4.85457552215074e-05
13.8863999999927,1.14288481679155,1.14283638740633,4.84293852203166e-05
13.8901714285642,1.14288475045381,1.14283643715964,4.83132941717646e-05
13.8939428571356,1.14288468427509,1.14283648679368,4.8197481407497e-05
13.897714285707,1.14288461825501,1.14283653630875,4.80819462600479e-05
13.9014857142784,1.14288455239318,1.14283658570512,4.79666880643936e-05
13.9052571428499,1.14288448668923,1.14283663498308,4.78517061561767e-05
13.9090285714213,1.14288442114279,1.14283668414291,4.77369998737043e-05
13.9127999999927,1.14288435575346,1.1428367331849,4.76225685559495e-05
13.9165714285642,1.14288429052088,1.14283678210934,4.75084115436619e-05
13.9203428571356,1.14288422544467,1.14283683091649,4.73945281795896e-05
13.924114285707,1.14288416052446,1.14283687960665,4.72809178073685e-05
13.9278857142784,1.14288409575987,1.1428369281801,4.71675797730775e-05
13.9316571428499,1.14288403115053,1.1428369766371,4.70545134236833e-05
13.9354285714213,1.14288396669606,1.14283702497795,4.6941718107707e-05
13.9391999999927,1.1428839023961,1.14283707320292,4.68291931758902e-05
13.9429714285641,1.14288383825027,1.14283712131229,4.67169379796406e-05
13.9467428571356,1.14288377425821,1.14283716930634,4.66049518728084e-05
13.950514285707,1.14288371041955,1.14283721718534,4.6493234209688e-05
13.9542857142784,1.14288364673391,1.14283726494957,4.63817843474601e-05
13.9580571428498,1.14288358320094,1.1428373125993,4.62706016437497e-05
13.9618285714213,1.14288351982026,1.1428373601348,4.61596854584023e-05
13.9655999999927,1.14288345659152,1.14283740755636,4.60490351528176e-05
13.9693714285641,1.14288339351434,1.14283745486425,4.59386500890613e-05
13.9731428571355,1.14288333058836,1.14283750205873,4.58285296311978e-05
13.976914285707,1.14288326781323,1.14283754914008,4.57186731457337e-05
13.9806857142784,1.14288320518857,1.14283759610857,4.5609079999176e-05
13.9844571428498,1.14288314271403,1.14283764296447,4.54997495606957e-05
13.9882285714213,1.14288308038926,1.14283768970806,4.53906812003524e-05
13.9919999999927,1.14288301821388,1.14283773633959,4.52818742902039e-05
13.9957714285641,1.14288295618754,1.14283778285934,4.51733282027522e-05
13.9995428571355,1.14288289430989,1.14283782926758,4.50650423136079e-05
14.003314285707,1.14288283258057,1.14283787556457,4.49570159988255e-05
14.0070857142784,1.14288277099922,1.14283792175058,4.48492486357921e-05
14.0108571428498,1.14288270956549,1.14283796782588,4.4741739604337e-05
14.0146285714212,1.14288264827902,1.14283801379074,4.46344882847338e-05
14.0183999999927,1.14288258713946,1.1428380596454,4.45274940596985e-05
14.0221714285641,1.14288252614646,1.14283810539015,4.44207563123911e-05
14.0259428571355,1.14288246529967,1.14283815102524,4.43142744284142e-05
14.0297142857069,1.14288240459874,1.14283819655095,4.42080477940365e-05
14.0334857142784,1.14288234404331,1.14283824196752,4.41020757981914e-05
14.0372571428498,1.14288228363305,1.14283828727522,4.39963578293678e-05
14.0410285714212,1.14288222336759,1.14283833247431,4.38908932793858e-05
14.0447999999927,1.14288216324659,1.14283837756505,4.37856815407311e-05
14.0485714285641,1.14288210326972,1.14283842254771,4.36807220072222e-05
14.0523428571355,1.14288204343661,1.14283846742254,4.35760140740094e-05
14.0561142857069,1.14288198374694,1.1428385121898,4.34715571384636e-05
14.0598857142784,1.14288192420034,1.14283855684974,4.33673505988441e-05
14.0636571428498,1.14288186479649,1.14283860140263,4.32633938545202e-05
14.0674285714212,1.14288180553503,1.14283864584873,4.31596863073036e-05
14.0711999999926,1.14288174641563,1.14283869018827,4.30562273592283e-05
14.0749714285641,1.14288168743795,1.14283873442154,4.29530164149927e-05
14.0787428571355,1.14288162860165,1.14283877854877,4.28500528797393e-05
14.0825142857069,1.14288156990638,1.14283882257022,4.2747336160387e-05
14.0862857142783,1.14288151135181,1.14283886648614,4.26448656649647e-05
14.0900571428498,1.1428814529376,1.1428389102968,4.25426408039442e-05
14.0938285714212,1.14288139466342,1.14283895400243,4.24406609882411e-05
14.0975999999926,1.14288133652893,1.1428389976033,4.23389256301032e-05
14.1013714285641,1.1428812785338,1.14283904109965,4.22374341442211e-05
14.1051428571355,1.14288122067768,1.14283908449174,4.21361859455072e-05
14.1089142857069,1.14288116296026,1.14283912777981,4.20351804504282e-05
14.1126857142783,1.14288110538119,1.14283917096411,4.19344170781155e-05
14.1164571428498,1.14288104794014,1.14283921404489,4.18338952477004e-05
14.1202285714212,1.14288099063679,1.14283925702241,4.17336143800906e-05
14.1239999999926,1.1428809334708,1.1428392998969,4.1633573897748e-05
14.127771428564,1.14288087644184,1.14283934266862,4.15337732242449e-05
14.1315428571355,1.14288081954959,1.14283938533781,4.14342117851518e-05
14.1353142857069,1.14288076279372,1.14283942790471,4.13348890067056e-05
14.1390857142783,1.1428807061739,1.14283947036958,4.12358043169192e-05
14.1428571428497,1.1428806496898,1.14283951273265,4.11369571449161e-05
14.1466285714212,1.1428805933411,1.14283955499418,4.10383469215958e-05
14.1503999999926,1.14288053712747,1.14283959715439,4.09399730787463e-05
14.154171428564,1.1428804810486,1.14283963921355,4.08418350497097e-05
14.1579428571355,1.14288042510415,1.14283968117188,4.07439322696046e-05
14.1617142857069,1.14288036929381,1.14283972302964,4.06462641739935e-05
14.1654857142783,1.14288031361726,1.14283976478706,4.05488302006596e-05
14.1692571428497,1.14288025807416,1.14283980644438,4.04516297880519e-05
14.1730285714212,1.14288020266422,1.14283984800184,4.03546623766182e-05
14.1767999999926,1.14288014738709,1.14283988945968,4.02579274076942e-05
14.180571428564,1.14288009224247,1.14283993081815,4.01614243241699e-05
14.1843428571354,1.14288003723004,1.14283997207747,4.00651525698237e-05
14.1881142857069,1.14287998234948,1.14284001323789,3.99691115904321e-05
14.1918857142783,1.14287992760048,1.14284005429964,3.98733008331043e-05
14.1956571428497,1.14287987298271,1.14284009526297,3.97777197456151e-05
14.1994285714211,1.14287981849587,1.1428401361281,3.96823677772939e-05
14.2031999999926,1.14287976413965,1.14284017689527,3.95872443792467e-05
14.206971428564,1.14287970991372,1.14284021756471,3.94923490032451e-05
14.2107428571354,1.14287965581777,1.14284025813667,3.93976811030594e-05
14.2145142857069,1.1428796018515,1.14284029861137,3.93032401329041e-05
14.2182857142783,1.1428795480146,1.14284033898905,3.92090255492139e-05
14.2220571428497,1.14287949430675,1.14284037926994,3.91150368093118e-05
14.2258285714211,1.14287944072764,1.14284041945427,3.90212733716311e-05
14.2295999999926,1.14287938727697,1.14284045954227,3.89277346961592e-05
14.233371428564,1.14287933395443,1.14284049953418,3.88344202442159e-05
14.2371428571354,1.1428792807597,1.14284053943022,3.87413294777872e-05
14.2409142857068,1.14287922769249,1.14284057923063,3.86484618615235e-05
14.2446857142783,1.14287917475249,1.14284061893563,3.85558168600753e-05
14.2484571428497,1.14287912193939,1.14284065854545,3.84633939396473e-05
14.2522285714211,1.1428790692529,1.14284069806033,3.83711925682206e-05
14.2559999999925,1.14287901669269,1.14284073748048,3.82792122142206e-05
14.259771428564,1.14287896425848,1.14284077680614,3.81874523485148e-05
14.2635428571354,1.14287891194997,1.14284081603752,3.80959124419711e-05
14.2673142857068,1.14287885976684,1.14284085517487,3.80045919678995e-05
14.2710857142783,1.1428788077088,1.1428408942184,3.79134903996103e-05
14.2748571428497,1.14287875577555,1.14284093316834,3.78226072126342e-05
14.2786285714211,1.14287870396679,1.14284097202491,3.7731941883834e-05
14.2823999999925,1.14287865228222,1.14284101078833,3.76414938907388e-05
14.286171428564,1.14287860072155,1.14284104945884,3.75512627122099e-05
14.2899428571354,1.14287854928447,1.14284108803664,3.74612478288849e-05
14.2937142857068,1.1428784979707,1.14284112652198,3.73714487214016e-05
14.2974857142782,1.14287844677993,1.14284116491505,3.72818648737283e-05
14.3012571428497,1.14287839571187,1.1428412032161,3.71924957691672e-05
14.3050285714211,1.14287834476622,1.14284124142533,3.71033408930188e-05
14.3087999999925,1.1428782939427,1.14284127954297,3.70143997319161e-05
14.3125714285639,1.14287824324101,1.14284131756924,3.69256717733801e-05
14.3163428571354,1.14287819266086,1.14284135550435,3.68371565062642e-05
14.3201142857068,1.14287814220195,1.14284139334853,3.67488534209759e-05
14.3238857142782,1.14287809186401,1.142841431102,3.66607620088111e-05
14.3276571428496,1.14287804164672,1.14284146876496,3.65728817623978e-05
14.3314285714211,1.14287799154981,1.14284150633764,3.64852121752524e-05
14.3351999999925,1.142877941573,1.14284154382025,3.63977527428894e-05
14.3389714285639,1.14287789171598,1.14284158121302,3.63105029610455e-05
14.3427428571354,1.14287784197847,1.14284161851615,3.6223462327678e-05
14.3465142857068,1.14287779236019,1.14284165572985,3.6136630340966e-05
14.3502857142782,1.14287774286086,1.14284169285436,3.60500065010871e-05
14.3540571428496,1.14287769348018,1.14284172988987,3.5963590308663e-05
14.3578285714211,1.14287764421787,1.1428417668366,3.58773812665358e-05
14.3615999999925,1.14287759507364,1.14284180369477,3.57913788773256e-05
14.3653714285639,1.14287754604723,1.14284184046458,3.57055826467612e-05
14.3691428571353,1.14287749713833,1.14284187714625,3.5619992079905e-05
14.3729142857068,1.14287744834668,1.14284191373999,3.5534606683596e-05
14.3766857142782,1.14287739967198,1.14284195024601,3.54494259666716e-05
14.3804571428496,1.14287735111396,1.14284198666453,3.5364449437969e-05
14.384228571421,1.14287730267235,1.14284202299574,3.52796766083241e-05
14.3879999999925,1.14287725434685,1.14284205923986,3.51951069892387e-05
14.3917714285639,1.1428772061372,1.1428420953971,3.51107400937689e-05
14.3955428571353,1.14287715804311,1.14284213146767,3.50265754358592e-05
14.3993142857068,1.1428771100643,1.14284216745177,3.4942612530342e-05
14.4030857142782,1.14287706220051,1.14284220334962,3.48588508944925e-05
14.4068571428496,1.14287701445145,1.14284223916141,3.47752900451415e-05
14.410628571421,1.14287696681686,1.14284227488736,3.46919295011183e-05
14.4143999999925,1.14287691929645,1.14284231052766,3.46087687825847e-05
14.4181714285639,1.14287687188995,1.14284234608254,3.45258074101462e-05
14.4219428571353,1.14287682459709,1.14284238155218,3.44430449059629e-05
14.4257142857067,1.1428767774176,1.1428424169368,3.43604807935272e-05
14.4294857142782,1.1428767303512,1.1428424522366,3.42781145969973e-05
14.4332571428496,1.14287668339762,1.14284248745178,3.4195945842308e-05
14.437028571421,1.1428766365566,1.14284252258255,3.41139740560603e-05
14.4407999999924,1.14287658982787,1.1428425576291,3.40321987657433e-05
14.4445714285639,1.14287654321114,1.14284259259164,3.39506195008443e-05
14.4483428571353,1.14287649670617,1.14284262747038,3.3869235791073e-05
14.4521142857067,1.14287645031267,1.1428426622655,3.37880471681373e-05
14.4558857142782,1.14287640403038,1.14284269697722,3.37070531637451e-05
14.4596571428496,1.14287635785904,1.14284273160572,3.36262533118248e-05
14.463428571421,1.14287631179837,1.14284276615122,3.35456471467488e-05
14.4671999999924,1.14287626584812,1.14284280061391,3.34652342044439e-05
14.4709714285639,1.14287622000801,1.14284283499399,3.33850140215031e-05
14.4747428571353,1.14287617427779,1.14284286929166,3.33049861358514e-05
14.4785142857067,1.14287612865719,1.14284290350711,3.32251500869685e-05
14.4822857142781,1.14287608314595,1.14284293764054,3.31455054145557e-05
14.4860571428496,1.14287603774381,1.14284297169215,3.30660516598691e-05
14.489828571421,1.14287599245049,1.14284300566213,3.29867883654966e-05
14.4935999999924,1.14287594726576,1.14284303955068,3.29077150746926e-05
14.4973714285638,1.14287590218933,1.142843073358,3.28288313320435e-05
14.5011428571353,1.14287585722096,1.14284310708428,3.27501366832461e-05
14.5049142857067,1.14287581236039,1.14284314072971,3.26716306748853e-05
14.5086857142781,1.14287576760735,1.14284317429449,3.25933128548783e-05
14.5124571428496,1.14287572296158,1.14284320777881,3.25151827722525e-05
14.516228571421,1.14287567842284,1.14284324118287,3.24372399764794e-05
14.5199999999924,1.14287563399087,1.14284327450685,3.23594840192509e-05
14.5237714285638,1.1428755896654,1.14284330775095,3.2281914452037e-05
14.5275428571353,1.14287554544619,1.14284334091536,3.220453082875e-05
14.5313142857067,1.14287550133297,1.14284337400027,3.21273327030802e-05
14.5350857142781,1.1428754573255,1.14284340700587,3.20503196307165e-05
14.5388571428495,1.14287541342352,1.14284343993236,3.19734911677916e-05
14.542628571421,1.14287536962678,1.14284347277991,3.18968468719927e-05
14.5463999999924,1.14287532593503,1.14284350554873,3.18203863016731e-05
14.5501714285638,1.14287528234801,1.14284353823899,3.17441090165183e-05
14.5539428571352,1.14287523886547,1.1428435708509,3.1668014577324e-05
14.5577142857067,1.14287519548717,1.14284360338462,3.15921025455523e-05
14.5614857142781,1.14287515221285,1.14284363584036,3.15163724839973e-05
14.5652571428495,1.14287510904226,1.1428436682183,3.14408239565633e-05
14.569028571421,1.14287506597516,1.14284370051863,3.1365456528043e-05
14.5727999999924,1.14287502301129,1.14284373274153,3.12902697641171e-05
14.5765714285638,1.14287498015042,1.14284376488719,3.12152632320206e-05
14.5803428571352,1.14287493739229,1.14284379695579,3.11404364996548e-05
14.5841142857067,1.14287489473665,1.14284382894751,3.1065789135587e-05
14.5878857142781,1.14287485218326,1.14284386086255,3.0991320710605e-05
14.5916571428495,1.14287480973188,1.14284389270109,3.09170307952744e-05
14.5954285714209,1.14287476738226,1.1428439244633,3.08429189617154e-05
14.5991999999924,1.14287472513416,1.14284395614938,3.07689847831583e-05
14.6029714285638,1.14287468298733,1.1428439877595,3.06952278334993e-05
14.6067428571352,1.14287464094154,1.14284401929385,3.06216476886334e-05
14.6105142857066,1.14287459899653,1.1428440507526,3.05482439237892e-05
14.6142857142781,1.14287455715207,1.14284408213595,3.04750161164158e-05
14.6180571428495,1.14287451540791,1.14284411344407,3.04019638452946e-05
14.6218285714209,1.14287447376382,1.14284414467713,3.03290866889849e-05
14.6255999999924,1.14287443221956,1.14284417583533,3.02563842280446e-05
14.6293714285638,1.14287439077488,1.14284420691884,3.01838560436973e-05
14.6331428571352,1.14287434942955,1.14284423792784,3.01115017180553e-05
14.6369142857066,1.14287430818333,1.1428442688625,3.00393208343408e-05
14.6406857142781,1.14287426703599,1.14284429972301,2.99673129768863e-05
14.6444571428495,1.14287422598727,1.14284433050954,2.98954777309124e-05
14.6482285714209,1.14287418503696,1.14284436122228,2.9823814682528e-05
14.6519999999923,1.14287414418481,1.14284439186139,2.97523234193964e-05
14.6557714285638,1.14287410343059,1.14284442242706,2.96810035291806e-05
14.6595428571352,1.14287406277406,1.14284445291946,2.96098546013202e-05
14.6633142857066,1.14287402221499,1.14284448333876,2.95388762261428e-05
14.667085714278,1.14287398175314,1.14284451368515,2.94680679944204e-05
14.6708571428495,1.14287394138828,1.14284454395879,2.93974294984789e-05
14.6746285714209,1.14287390112019,1.14284457415986,2.93269603315327e-05
14.6783999999923,1.14287386094862,1.14284460428853,2.92566600879063e-05
14.6821714285638,1.14287382087335,1.14284463434499,2.91865283619241e-05
14.6859428571352,1.14287378089414,1.14284466432939,2.91165647505753e-05
14.6897142857066,1.14287374101077,1.14284469424192,2.90467688501828e-05
14.693485714278,1.14287370122301,1.14284472408275,2.89771402590677e-05
14.6972571428495,1.14287366153061,1.14284475385204,2.89076785757736e-05
14.7010285714209,1.14287362193337,1.14284478354997,2.88383834008421e-05
14.7047999999923,1.14287358243105,1.14284481317671,2.87692543343709e-05
14.7085714285637,1.14287354302342,1.14284484273244,2.87002909786782e-05
14.7123428571352,1.14287350371025,1.14284487221731,2.86314929365261e-05
14.7161142857066,1.14287346449132,1.14284490163151,2.8562859811565e-05
14.719885714278,1.1428734253664,1.1428449309752,2.84943912083335e-05
14.7236571428494,1.14287338633528,1.14284496024854,2.84260867327024e-05
14.7274285714209,1.14287334739771,1.14284498945172,2.83579459912087e-05
14.7311999999923,1.14287330855348,1.14284501858489,2.82899685908333e-05
14.7349714285637,1.14287326980237,1.14284504764823,2.82221541407779e-05
14.7387428571351,1.14287323114414,1.14284507664189,2.81545022497998e-05
14.7425142857066,1.14287319257859,1.14284510556606,2.80870125286548e-05
14.746285714278,1.14287315410548,1.14284513442089,2.80196845885428e-05
14.7500571428494,1.1428731157246,1.14284516320655,2.79525180415519e-05
14.7538285714209,1.14287307743571,1.14284519192321,2.78855125008803e-05
14.7575999999923,1.14287303923862,1.14284522057104,2.78186675806147e-05
14.7613714285637,1.14287300113308,1.14284524915019,2.77519828955075e-05
14.7651428571351,1.14287296311889,1.14284527766083,2.76854580614216e-05
14.7689142857066,1.14287292519583,1.14284530610313,2.76190926955522e-05
14.772685714278,1.14287288736367,1.14284533447725,2.75528864155383e-05
14.7764571428494,1.14287284962219,1.14284536278335,2.74868388399074e-05
14.7802285714208,1.14287281197119,1.14284539102161,2.74209495880751e-05
14.7839999999923,1.14287277441045,1.14284541919217,2.7355218280567e-05
14.7877714285637,1.14287273693974,1.1428454472952,2.72896445390192e-05
14.7915428571351,1.14287269955885,1.14284547533086,2.72242279857338e-05
14.7953142857065,1.14287266226757,1.14284550329932,2.7158968243679e-05
14.799085714278,1.14287262506568,1.14284553120074,2.70938649369334e-05
14.8028571428494,1.14287258795297,1.14284555903528,2.70289176909078e-05
14.8066285714208,1.14287255092922,1.14284558680309,2.69641261310127e-05
14.8103999999923,1.14287251399422,1.14284561450434,2.68994898842134e-05
14.8141714285637,1.14287247714776,1.14284564213918,2.68350085785851e-05
14.8179428571351,1.14287244038962,1.14284566970778,2.67706818419811e-05
14.8217142857065,1.1428724037196,1.1428456972103,2.67065093044749e-05
14.825485714278,1.14287236713748,1.14284572464689,2.66424905963625e-05
14.8292571428494,1.14287233064306,1.14284575201771,2.65786253486056e-05
14.8330285714208,1.14287229423611,1.14284577932292,2.65149131932763e-05
14.8367999999922,1.14287225791644,1.14284580656267,2.6451353764001e-05
14.8405714285637,1.14287222168383,1.14284583373713,2.63879466944061e-05
14.8443428571351,1.14287218553807,1.14284586084645,2.63246916187843e-05
14.8481142857065,1.14287214947896,1.14284588789078,2.62615881734263e-05
14.8518857142779,1.14287211350628,1.14284591487029,2.61986359944011e-05
14.8556571428494,1.14287207761984,1.14284594178512,2.61358347195539e-05
14.8594285714208,1.14287204181942,1.14284596863543,2.60731839867301e-05
14.8631999999922,1.14287200610482,1.14284599542138,2.6010683435107e-05
14.8669714285637,1.14287197047583,1.14284602214313,2.59483327049725e-05
14.8707428571351,1.14287193493225,1.14284604880081,2.58861314370584e-05
14.8745142857065,1.14287189947387,1.1428460753946,2.58240792729847e-05
14.8782857142779,1.14287186410049,1.14284610192463,2.57621758554816e-05
14.8820571428494,1.1428718288119,1.14284612839107,2.57004208277234e-05
14.8858285714208,1.14287179360791,1.14284615479407,2.56388138344388e-05
14.8895999999922,1.1428717584883,1.14284618113378,2.55773545203564e-05
14.8933714285636,1.14287172345288,1.14284620741034,2.55160425315371e-05
14.8971428571351,1.14287168850144,1.14284623362392,2.5454877515152e-05
14.9009142857065,1.14287165363378,1.14284625977466,2.53938591183722e-05
14.9046857142779,1.14287161884971,1.14284628586272,2.53329869901453e-05
14.9084571428493,1.14287158414902,1.14284631188824,2.52722607796407e-05
14.9122285714208,1.14287154953151,1.14284633785137,2.52116801371383e-05
14.9159999999922,1.14287151499698,1.14284636375227,2.51512447140279e-05
14.9197714285636,1.14287148054524,1.14284638959107,2.50909541614774e-05
14.9235428571351,1.14287144617608,1.14284641536794,2.50308081326533e-05
14.9273142857065,1.1428714118893,1.14284644108302,2.4970806281166e-05
14.9310857142779,1.14287137768472,1.14284646673646,2.4910948261514e-05
14.9348571428493,1.14287134356213,1.1428464923284,2.48512337284179e-05
14.9386285714208,1.14287130952134,1.142846517859,2.47916623385969e-05
14.9423999999922,1.14287127556214,1.14284654332839,2.47322337481037e-05
14.9461714285636,1.14287124168435,1.14284656873674,2.46729476154339e-05
14.949942857135,1.14287120788777,1.14284659408417,2.46138035984167e-05
14.9537142857065,1.1428711741722,1.14284661937085,2.45548013568797e-05
14.9574857142779,1.14287114053746,1.14284664459691,2.44959405508727e-05
14.9612571428493,1.14287110698334,1.1428466697625,2.44372208413335e-05
14.9650285714207,1.14287107350965,1.14284669486776,2.43786418896441e-05
14.9687999999922,1.14287104011621,1.14284671991285,2.43202033589629e-05
14.9725714285636,1.14287100680281,1.14284674489789,2.42619049122261e-05
14.976342857135,1.14287097356927,1.14284676982305,2.42037462141464e-05
14.9801142857065,1.14287094041539,1.14284679468846,2.41457269294365e-05
14.9838857142779,1.14287090734099,1.14284681949426,2.40878467239192e-05
14.9876571428493,1.14287087434587,1.1428468442406,2.40301052640834e-05
14.9914285714207,1.14287084142984,1.14284686892762,2.39725022175286e-05
14.9951999999922,1.14287080859272,1.14284689355546,2.39150372520758e-05
14.9989714285636,1.14287077583431,1.14284691812427,2.38577100375448e-05
15.002742857135,1.14287074315442,1.14284694263418,2.38005202428671e-05
15.0065142857064,1.14287071055288,1.14284696708534,2.37434675391945e-05
15.0102857142779,1.14287067802948,1.14284699147789,2.36865515976792e-05
15.0140571428493,1.14287064558405,1.14284701581196,2.36297720903611e-05
15.0178285714207,1.14287061321639,1.1428470400877,2.35731286906127e-05
15.0215999999921,1.14287058092633,1.14284706430526,2.35166210715843e-05
15.0253714285636,1.14287054871366,1.14284708846475,2.34602489079805e-05
15.029142857135,1.14287051657821,1.14284711256634,2.34040118753942e-05
15.0329142857064,1.1428704845198,1.14284713661015,2.33479096498623e-05
15.0366857142779,1.14287045253823,1.14284716059633,2.32919419080879e-05
15.0404571428493,1.14287042063333,1.142847184525,2.32361083276622e-05
15.0442285714207,1.14287038880491,1.14284720839632,2.31804085870646e-05
15.0479999999921,1.14287035705278,1.14284723221041,2.31248423654407e-05
15.0517714285636,1.14287032537677,1.14284725596742,2.3069409342602e-05
15.055542857135,1.14287029377669,1.14284727966749,2.30141091992486e-05
15.0593142857064,1.14287026225235,1.14284730331074,2.29589416174125e-05
15.0630857142778,1.14287023080359,1.14284732689731,2.29039062784597e-05
15.0668571428493,1.14287019943021,1.14284735042734,2.28490028659767e-05
15.0706285714207,1.14287016813204,1.14284737390097,2.27942310635498e-05
15.0743999999921,1.14287013690889,1.14284739731833,2.27395905556538e-05
15.0781714285635,1.14287010576059,1.14284742067956,2.26850810276513e-05
15.081942857135,1.14287007468695,1.14284744398479,2.26307021655714e-05
15.0857142857064,1.1428700436878,1.14284746723415,2.25764536563311e-05
15.0894857142778,1.14287001276296,1.14284749042778,2.25223351870696e-05
15.0932571428493,1.14286998191225,1.14284751356581,2.24683464462583e-05
15.0970285714207,1.1428699511355,1.14284753664838,2.24144871228127e-05
15.1007999999921,1.14286992043252,1.14284755967561,2.23607569067585e-05
15.1045714285635,1.14286988980314,1.14284758264765,2.23071554885657e-05
15.108342857135,1.14286985924718,1.14284760556462,2.225368255937e-05
15.1121142857064,1.14286982876446,1.14284762842665,2.22003378111957e-05
15.1158857142778,1.14286979835482,1.14284765123388,2.21471209365109e-05
15.1196571428492,1.14286976801807,1.14284767398644,2.20940316295604e-05
15.1234285714207,1.14286973775405,1.14284769668446,2.20410695837003e-05
15.1271999999921,1.14286970756257,1.14284771932807,2.19882344942857e-05
15.1309714285635,1.14286967744346,1.1428477419174,2.19355260571152e-05
15.1347428571349,1.14286964739655,1.14284776445258,2.188294396821e-05
15.1385142857064,1.14286961742167,1.14284778693375,2.18304879247011e-05
15.1422857142778,1.14286958751864,1.14284780936102,2.17781576248299e-05
15.1460571428492,1.1428695576873,1.14284783173453,2.17259527670599e-05
15.1498285714206,1.14286952792746,1.14284785405441,2.16738730505206e-05
15.1535999999921,1.14286949823896,1.14284787632078,2.16219181750077e-05
15.1573714285635,1.14286946862162,1.14284789853378,2.15700878420932e-05
15.1611428571349,1.14286943907529,1.14284792069353,2.15183817524611e-05
15.1649142857064,1.14286940959978,1.14284794280017,2.14667996083495e-05
15.1686857142778,1.14286938019492,1.14284796485381,2.14153411131068e-05
15.1724571428492,1.14286935086055,1.14284798685458,2.13640059700815e-05
15.1762285714206,1.1428693215965,1.14284800880262,2.131279388351e-05
15.1799999999921,1.1428692924026,1.14284803069805,2.12617045582952e-05
15.1837714285635,1.14286926327869,1.14284805254099,2.1210737700228e-05
15.1875428571349,1.14286923422458,1.14284807433156,2.11598930159873e-05
15.1913142857063,1.14286920524012,1.14284809606991,2.11091702126964e-05
15.1950857142778,1.14286917632514,1.14284811775614,2.10585689977005e-05
15.1988571428492,1.14286914747947,1.14284813939039,2.10080890801212e-05
15.2026285714206,1.14286911870295,1.14284816097278,2.0957730169302e-05
15.206399999992,1.14286908999541,1.14284818250344,2.09074919743646e-05
15.2101714285635,1.14286906135669,1.14284820398248,2.08573742064289e-05
15.2139428571349,1.14286903278662,1.14284822541004,2.08073765770589e-05
15.2177142857063,1.14286900428503,1.14284824678623,2.07574987978187e-05
15.2214857142778,1.14286897585176,1.14284826811118,2.07077405816047e-05
15.2252571428492,1.14286894748665,1.14284828938501,2.06581016417573e-05
15.2290285714206,1.14286891918954,1.14284831060785,2.0608581692505e-05
15.232799999992,1.14286889096026,1.14284833177981,2.05591804487426e-05
15.2365714285635,1.14286886279864,1.14284835290102,2.05098976251428e-05
15.2403428571349,1.14286883470454,1.1428483739716,2.04607329388207e-05
15.2441142857063,1.14286880667777,1.14284839499167,2.04116861060033e-05
15.2478857142777,1.1428687787182,1.14284841596135,2.0362756844472e-05
15.2516571428492,1.14286875082564,1.14284843688077,2.03139448717859e-05
15.2554285714206,1.14286872299995,1.14284845775004,2.02652499077249e-05
15.259199999992,1.14286869524096,1.14284847856928,2.02166716711805e-05
15.2629714285634,1.1428686675485,1.14284849933862,2.01682098825984e-05
15.2667428571349,1.14286863992244,1.14284852005817,2.01198642626466e-05
15.2705142857063,1.14286861236259,1.14284854072806,2.00716345328811e-05
15.2742857142777,1.14286858486881,1.14284856134839,2.00235204157462e-05
15.2780571428492,1.14286855744093,1.1428485819193,1.99755216339081e-05
15.2818285714206,1.14286853007881,1.1428486024409,1.99276379106994e-05
15.285599999992,1.14286850278227,1.1428486229133,1.98798689705626e-05
15.2893714285634,1.14286847555116,1.14284864333663,1.98322145383845e-05
15.2931428571349,1.14286844838534,1.142848663711,1.97846743397179e-05
15.2969142857063,1.14286842128463,1.14284868403653,1.97372481003377e-05
15.3006857142777,1.14286839424888,1.14284870431334,1.96899355475733e-05
15.3044571428491,1.14286836727795,1.14284872454154,1.96427364087537e-05
15.3082285714206,1.14286834037166,1.14284874472125,1.95956504118744e-05
15.311999999992,1.14286831352988,1.14284876485259,1.95486772853748e-05
15.3157714285634,1.14286828675243,1.14284878493567,1.95018167594707e-05
15.3195428571348,1.14286826003918,1.14284880497062,1.94550685637118e-05
15.3233142857063,1.14286823338996,1.14284882495753,1.94084324292021e-05
15.3270857142777,1.14286820680462,1.14284884489653,1.93619080870455e-05
15.3308571428491,1.14286818028301,1.14284886478774,1.93154952692343e-05
15.3346285714206,1.14286815382498,1.14284888463127,1.92691937086487e-05
15.338399999992,1.14286812743036,1.14284890442723,1.9223003138169e-05
15.3421714285634,1.14286810109902,1.14284892417573,1.91769232924521e-05
15.3459428571348,1.1428680748308,1.1428489438769,1.91309539052664e-05
15.3497142857063,1.14286804862555,1.14284896353084,1.90850947123788e-05
15.3534857142777,1.14286802248311,1.14284898313766,1.90393454495563e-05
15.3572571428491,1.14286799640334,1.14284900269749,1.89937058530099e-05
15.3610285714205,1.14286797038609,1.14284902221043,1.89481756602827e-05
15.364799999992,1.1428679444312,1.1428490416766,1.89027546086962e-05
15.3685714285634,1.14286791853854,1.1428490610961,1.88574424371257e-05
15.3723428571348,1.14286789270793,1.14284908046905,1.88122388837808e-05
15.3761142857062,1.14286786693925,1.14284909979556,1.87671436890913e-05
15.3798857142777,1.14286784123234,1.14284911907575,1.87221565928208e-05
15.3836571428491,1.14286781558705,1.14284913830971,1.86772773362875e-05
15.3874285714205,1.14286779000323,1.14284915749757,1.86325056603653e-05
15.391199999992,1.14286776448075,1.14284917663944,1.85878413077045e-05
15.3949714285634,1.14286773901944,1.14284919573542,1.85432840211774e-05
15.3987428571348,1.14286771361917,1.14284921478562,1.84988335434344e-05
15.4025142857062,1.14286768827978,1.14284923379016,1.84544896189021e-05
15.4062857142777,1.14286766300114,1.14284925274915,1.84102519920071e-05
15.4100571428491,1.14286763778309,1.14284927166268,1.83661204082863e-05
15.4138285714205,1.14286761262549,1.14284929053088,1.83220946128326e-05
15.4175999999919,1.1428675875282,1.14284930935385,1.82781743529592e-05
15.4213714285634,1.14286756249107,1.1428493281317,1.82343593748691e-05
15.4251428571348,1.14286753751396,1.14284934686453,1.81906494265416e-05
15.4289142857062,1.14286751259672,1.14284936555246,1.81470442564002e-05
15.4326857142776,1.14286748773921,1.14284938419559,1.81035436128685e-05
15.4364571428491,1.14286746294128,1.14284940279404,1.80601472459241e-05
15.4402285714205,1.1428674382028,1.1428494213479,1.80168549048787e-05
15.4439999999919,1.14286741352362,1.14284943985728,1.79736663410424e-05
15.4477714285633,1.1428673889036,1.1428494583223,1.79305813055031e-05
15.4515428571348,1.1428673643426,1.14284947674305,1.78875995495709e-05
15.4553142857062,1.14286733984047,1.14284949511965,1.78447208265542e-05
15.4590857142776,1.14286731539708,1.14284951345219,1.78019448886513e-05
15.4628571428491,1.14286729101228,1.14284953174079,1.77592714896146e-05
15.4666285714205,1.14286726668593,1.14284954998555,1.77167003843071e-05
15.4703999999919,1.1428672424179,1.14284956818657,1.76742313267031e-05
15.4741714285633,1.14286721820804,1.14284958634397,1.76318640725537e-05
15.4779428571348,1.14286719405622,1.14284960445784,1.75895983780539e-05
15.4817142857062,1.14286716996229,1.14284962252829,1.75474339991766e-05
15.4854857142776,1.14286714592611,1.14284964055542,1.75053706934492e-05
15.489257142849,1.14286712194755,1.14284965853933,1.74634082186209e-05
15.4930285714205,1.14286709802648,1.14284967648014,1.74215463328853e-05
15.4967999999919,1.14286707416274,1.14284969437794,1.73797847951018e-05
15.5005714285633,1.14286705035621,1.14284971223284,1.73381233645742e-05
15.5043428571347,1.14286702660674,1.14284973004494,1.72965618019383e-05
15.5081142857062,1.14286700291421,1.14284974781434,1.72550998667198e-05
15.5118857142776,1.14286697927847,1.14284976554115,1.7213737321331e-05
15.515657142849,1.14286695569939,1.14284978322546,1.71724739266299e-05
15.5194285714205,1.14286693217683,1.14284980086738,1.71313094452508e-05
15.5231999999919,1.14286690871065,1.14284981846701,1.709024364005e-05
15.5269714285633,1.14286688530073,1.14284983602445,1.7049276274328e-05
15.5307428571347,1.14286686194692,1.14284985353981,1.70084071127174e-05
15.5345142857062,1.1428668386491,1.14284987101318,1.6967635919185e-05
15.5382857142776,1.14286681540712,1.14284988844466,1.69269624590296e-05
15.542057142849,1.14286679222086,1.14284990583436,1.6886386497994e-05
15.5458285714204,1.14286676909017,1.14284992318237,1.68459078024874e-05
15.5495999999919,1.14286674601494,1.1428499404888,1.68055261393629e-05
15.5533714285633,1.14286672299501,1.14284995775374,1.67652412759178e-05
15.5571428571347,1.14286670003027,1.14284997497729,1.67250529801155e-05
15.5609142857061,1.14286667712058,1.14284999215956,1.66849610203634e-05
15.5646857142776,1.14286665426581,1.14285000930064,1.66449651661793e-05
15.568457142849,1.14286663146582,1.14285002640063,1.66050651864147e-05
15.5722285714204,1.14286660872049,1.14285004345963,1.65652608519196e-05
15.5759999999919,1.14286658602968,1.14285006047774,1.65255519330998e-05
15.5797714285633,1.14286656339326,1.14285007745506,1.64859382014715e-05
15.5835428571347,1.1428665408111,1.14285009439167,1.64464194285507e-05
15.5873142857061,1.14286651828308,1.14285011128769,1.64069953871859e-05
15.5910857142776,1.14286649580906,1.14285012814321,1.63676658495593e-05
15.594857142849,1.14286647338891,1.14285014495832,1.63284305896294e-05
15.5986285714204,1.1428664510225,1.14285016173312,1.62892893815769e-05
15.6023999999918,1.14286642870971,1.14285017846771,1.62502419995825e-05
15.6061714285633,1.14286640645041,1.14285019516219,1.62112882187149e-05
15.6099428571347,1.14286638424447,1.14285021181665,1.61724278149311e-05
15.6137142857061,1.14286636209175,1.14285022843119,1.61336605639661e-05
15.6174857142775,1.14286633999214,1.1428502450059,1.60949862428872e-05
15.621257142849,1.1428663179455,1.14285026154087,1.60564046289835e-05
15.6250285714204,1.14286629595171,1.14285027803621,1.60179154995443e-05
15.6287999999918,1.14286627401065,1.14285029449201,1.59795186331912e-05
15.6325714285633,1.14286625212218,1.14285031090837,1.59412138087678e-05
15.6363428571347,1.14286623028617,1.14285032728537,1.59030008057837e-05
15.6401142857061,1.14286620850252,1.14285034362311,1.58648794037486e-05
15.6438857142775,1.14286618677108,1.14285035992169,1.58268493835045e-05
15.647657142849,1.14286616509173,1.1428503761812,1.57889105254494e-05
15.6514285714204,1.14286614346435,1.14285039240174,1.57510626117574e-05
15.6551999999918,1.14286612188881,1.14285040858339,1.57133054237146e-05
15.6589714285632,1.142866100365,1.14285042472625,1.56756387443835e-05
15.6627428571347,1.14286607889278,1.14285044083042,1.56380623566044e-05
15.6665142857061,1.14286605747203,1.14285045689598,1.56005760441058e-05
15.6702857142775,1.14286603610262,1.14285047292303,1.55631795901723e-05
15.6740571428489,1.14286601478445,1.14285048891167,1.55258727805307e-05
15.6778285714204,1.14286599351737,1.14285050486197,1.54886553997979e-05
15.6815999999918,1.14286597230128,1.14285052077404,1.54515272334788e-05
15.6853714285632,1.14286595113604,1.14285053664797,1.54144880679663e-05
15.6891428571347,1.14286593002154,1.14285055248385,1.53775376896537e-05
15.6929142857061,1.14286590895765,1.14285056828176,1.53406758858221e-05
15.6966857142775,1.14286588794425,1.14285058404181,1.5303902444197e-05
15.7004571428489,1.14286586698123,1.14285059976408,1.52672171527257e-05
15.7042285714204,1.14286584606846,1.14285061544866,1.52306198004659e-05
15.7079999999918,1.14286582520582,1.14285063109564,1.51941101766973e-05
15.7117714285632,1.14286580439318,1.14285064670511,1.51576880704773e-05
15.7155428571346,1.14286578363044,1.14285066227717,1.51213532726402e-05
15.7193142857061,1.14286576291747,1.1428506778119,1.50851055735757e-05
15.7230857142775,1.14286574225415,1.14285069330939,1.50489447645619e-05
15.7268571428489,1.14286572164036,1.14285070876973,1.5012870637543e-05
15.7306285714203,1.14286570107599,1.14285072419301,1.49768829844632e-05
15.7343999999918,1.14286568056091,1.14285073957932,1.49409815979329e-05
15.7381714285632,1.14286566009501,1.14285075492874,1.49051662716726e-05
15.7419428571346,1.14286563967817,1.14285077024137,1.48694367985147e-05
15.7457142857061,1.14286561931027,1.1428507855173,1.48337929737341e-05
15.7494857142775,1.1428655989912,1.1428508007566,1.47982345912734e-05
15.7532571428489,1.14286557872083,1.14285081595938,1.47627614464074e-05
15.7570285714203,1.14286555849905,1.14285083112571,1.47273733348552e-05
15.7607999999918,1.14286553832574,1.14285084625569,1.46920700530018e-05
15.7645714285632,1.1428655182008,1.1428508613494,1.46568513974543e-05
15.7683428571346,1.14286549812409,1.14285087640693,1.46217171652641e-05
15.772114285706,1.14286547809552,1.14285089142836,1.45866671539263e-05
15.7758857142775,1.14286545811495,1.14285090641379,1.45517011618246e-05
15.7796571428489,1.14286543818228,1.14285092136329,1.45168189871203e-05
15.7834285714203,1.14286541829739,1.14285093627696,1.44820204293072e-05
15.7871999999917,1.14286539846016,1.14285095115488,1.44473052878791e-05
15.7909714285632,1.14286537867049,1.14285096599713,1.44126733625516e-05
15.7947428571346,1.14286535892826,1.14285098080381,1.43781244543728e-05
15.798514285706,1.14286533923335,1.14285099557499,1.43436583639467e-05
15.8022857142774,1.14286531958565,1.14285101031076,1.43092748932094e-05
15.8060571428489,1.14286529998505,1.14285102501121,1.42749738434311e-05
15.8098285714203,1.14286528043144,1.14285103967642,1.42407550176582e-05
15.8135999999917,1.1428652609247,1.14285105430648,1.4206618218271e-05
15.8173714285632,1.14286524146471,1.14285106890146,1.4172563248982e-05
15.8211428571346,1.14286522205138,1.14285108346147,1.41385899135038e-05
15.824914285706,1.14286520268458,1.14285109798656,1.41046980159931e-05
15.8286857142774,1.14286518336421,1.14285111247685,1.40708873614948e-05
15.8324571428489,1.14286516409015,1.14285112693239,1.40371577554976e-05
15.8362285714203,1.14286514486229,1.14285114135328,1.40035090032686e-05
15.8399999999917,1.14286512568052,1.14285115573961,1.39699409109628e-05
15.8437714285631,1.14286510654473,1.14285117009145,1.39364532854014e-05
15.8475428571346,1.14286508745482,1.14285118440889,1.39030459340717e-05
15.851314285706,1.14286506841067,1.142851198692,1.38697186637948e-05
15.8550857142774,1.14286504941216,1.14285121294088,1.38364712831684e-05
15.8588571428488,1.1428650304592,1.1428512271556,1.3803303600346e-05
15.8626285714203,1.14286501155167,1.14285124133625,1.37702154248132e-05
15.8663999999917,1.14286499268947,1.1428512554829,1.37372065651675e-05
15.8701714285631,1.14286497387248,1.14285126959564,1.3704276832005e-05
15.8739428571346,1.14286495510059,1.14285128367456,1.36714260350335e-05
15.877714285706,1.14286493637371,1.14285129771972,1.36386539857369e-05
15.8814857142774,1.14286491769171,1.14285131173122,1.36059604947114e-05
15.8852571428488,1.1428648990545,1.14285132570913,1.35733453741071e-05
15.8890285714203,1.14286488046196,1.14285133965353,1.35408084358524e-05
15.8927999999917,1.142864861914,1.1428513535645,1.35083494925414e-05
15.8965714285631,1.14286484341049,1.14285136744213,1.34759683572128e-05
15.9003428571345,1.14286482495134,1.1428513812865,1.34436648429048e-05
15.904114285706,1.14286480653644,1.14285139509767,1.34114387646544e-05
15.9078857142774,1.14286478816568,1.14285140887574,1.33792899357221e-05
15.9116571428488,1.14286476983896,1.14285142262078,1.33472181715888e-05
15.9154285714202,1.14286475155616,1.14285143633288,1.33152232872913e-05
15.9191999999917,1.1428647333172,1.1428514500121,1.32833050985326e-05
15.9229714285631,1.14286471512196,1.14285146365853,1.32514634216818e-05
15.9267428571345,1.14286469697033,1.14285147727225,1.32196980731081e-05
15.930514285706,1.14286467886221,1.14285149085334,1.31880088696246e-05
15.9342857142774,1.1428646607975,1.14285150440187,1.31563956291547e-05
15.9380571428488,1.1428646427761,1.14285151791793,1.31248581693999e-05
15.9418285714202,1.14286462479789,1.14285153140158,1.30933963087276e-05
15.9455999999917,1.14286460686278,1.14285154485291,1.30620098659495e-05
15.9493714285631,1.14286458897066,1.142851558272,1.30306986600992e-05
15.9531428571345,1.14286457112144,1.14285157165892,1.29994625110985e-05
15.9569142857059,1.14286455331499,1.14285158501375,1.29683012390913e-05
15.9606857142774,1.14286453555124,1.14285159833657,1.29372146639994e-05
15.9644571428488,1.14286451783006,1.14285161162745,1.2906202607299e-05
15.9682285714202,1.14286450015137,1.14285162488648,1.28752648902442e-05
15.9719999999916,1.14286448251505,1.14285163811371,1.2844401334533e-05
15.9757714285631,1.14286446492101,1.14285165130924,1.28136117625299e-05
15.9795428571345,1.14286444736914,1.14285166447314,1.27828959968213e-05
15.9833142857059,1.14286442985935,1.14285167760549,1.27522538606595e-05
15.9870857142774,1.14286441239153,1.14285169070635,1.27216851770751e-05
15.9908571428488,1.14286439496558,1.14285170377581,1.26911897704307e-05
15.9946285714202,1.14286437758141,1.14285171681394,1.26607674650892e-05
15.9983999999916,1.14286436023891,1.14285172982082,1.26304180851911e-05
16.0021714285631,1.14286434293798,1.14285174279652,1.26001414568755e-05
16.0059428571345,1.14286432567852,1.14285175574111,1.25699374051713e-05
16.0097142857059,1.14286430846043,1.14285176865468,1.25398057559956e-05
16.0134857142773,1.14286429128362,1.14285178153728,1.25097463363755e-05
16.0172571428488,1.14286427414798,1.14285179438901,1.24797589724501e-05
16.0210285714202,1.14286425705342,1.14285180720993,1.2449843492135e-05
16.0247999999916,1.14286423999984,1.14285182000012,1.24199997224572e-05
16.028571428563,1.14286422298714,1.14285183275965,1.23902274922205e-05
16.0323428571345,1.14286420601522,1.14285184548859,1.23605266293403e-05
16.0361142857059,1.14286418908398,1.14285185818702,1.23308969630642e-05
16.0398857142773,1.14286417219333,1.142851870855,1.2301338322418e-05
16.0436571428488,1.14286415534316,1.14285188349263,1.22718505377595e-05
16.0474285714202,1.14286413853339,1.14285189609995,1.22424334387805e-05
16.0511999999916,1.14286412176392,1.14285190867706,1.2213086856061e-05
16.054971428563,1.14286410503464,1.14285192122402,1.21838106208472e-05
16.0587428571345,1.14286408834547,1.1428519337409,1.21546045639409e-05
16.0625142857059,1.1428640716963,1.14285194622778,1.21254685174765e-05
16.0662857142773,1.14286405508704,1.14285195868472,1.20964023138104e-05
16.0700571428487,1.14286403851759,1.14285197111181,1.20674057850767e-05
16.0738285714202,1.14286402198787,1.1428519835091,1.20384787649641e-05
16.0775999999916,1.14286400549776,1.14285199587668,1.20096210858289e-05
16.081371428563,1.14286398904719,1.14285200821461,1.19808325822479e-05
16.0851428571344,1.14286397263605,1.14285202052296,1.19521130881317e-05
16.0889142857059,1.14286395626425,1.14285203280181,1.19234624380571e-05
16.0926857142773,1.1428639399317,1.14285204505123,1.18948804672669e-05
16.0964571428487,1.14286392363829,1.14285205727128,1.18663670107821e-05
16.1002285714202,1.14286390738395,1.14285206946204,1.18379219042897e-05
16.1039999999916,1.14286389116856,1.14285208162358,1.18095449841427e-05
16.107771428563,1.14286387499205,1.14285209375596,1.17812360871383e-05
16.1115428571344,1.14286385885431,1.14285210585926,1.17529950498518e-05
16.1153142857059,1.14286384275526,1.14285211793355,1.17248217097465e-05
16.1190857142773,1.1428638266948,1.1428521299789,1.16967159045078e-05
16.1228571428487,1.14286381067284,1.14285214199537,1.16686774720431e-05
16.1266285714201,1.14286379468929,1.14285215398304,1.16407062513701e-05
16.1303999999916,1.14286377874405,1.14285216594197,1.16128020808404e-05
16.134171428563,1.14286376283703,1.14285217787223,1.15849647999156e-05
16.1379428571344,1.14286374696814,1.14285218977389,1.15571942485015e-05
16.1417142857058,1.1428637311373,1.14285220164703,1.15294902662821e-05
16.1454857142773,1.1428637153444,1.1428522134917,1.15018526938293e-05
16.1492571428487,1.14286369958936,1.14285222530798,1.14742813723812e-05
16.1530285714201,1.14286368387208,1.14285223709594,1.14467761420656e-05
16.1567999999915,1.14286366819248,1.14285224885564,1.14193368454529e-05
16.160571428563,1.14286365255047,1.14285226058715,1.13919633240034e-05
16.1643428571344,1.14286363694595,1.14285227229053,1.13646554202873e-05
16.1681142857058,1.14286362137884,1.14285228396587,1.1337412976653e-05
16.1718857142773,1.14286360584905,1.14285229561321,1.13102358365591e-05
16.1756571428487,1.14286359035648,1.14285230723264,1.12831238434641e-05
16.1794285714201,1.14286357490105,1.14285231882421,1.12560768410486e-05
16.1831999999915,1.14286355948267,1.142852330388,1.12290946734372e-05
16.186971428563,1.14286354410125,1.14285234192406,1.12021771854209e-05
16.1907428571344,1.1428635287567,1.14285235343248,1.11753242215684e-05
16.1945142857058,1.14286351344893,1.1428523649133,1.11485356280028e-05
16.1982857142772,1.14286349817786,1.14285237636661,1.11218112495148e-05
16.2020571428487,1.14286348294339,1.14285238779246,1.10951509326718e-05
16.2058285714201,1.14286346774544,1.14285239919092,1.10685545238187e-05
16.2095999999915,1.14286345258393,1.14285241056206,1.10420218697449e-05
16.213371428563,1.14286343745875,1.14285242190594,1.10155528174616e-05
16.2171428571344,1.14286342236984,1.14285243322262,1.09891472150903e-05
16.2209142857058,1.14286340731709,1.14285244451218,1.09628049096422e-05
16.2246857142772,1.14286339230043,1.14285245577468,1.0936525750127e-05
16.2284571428487,1.14286337731976,1.14285246701018,1.09103095848884e-05
16.2322285714201,1.14286336237501,1.14285247821874,1.08841562629358e-05
16.2359999999915,1.14286334746608,1.14285248940044,1.08580656335011e-05
16.2397714285629,1.14286333259288,1.14285250055534,1.08320375464821e-05
16.2435428571344,1.14286331775534,1.14285251168349,1.08060718522207e-05
16.2473142857058,1.14286330295337,1.14285252278497,1.07801684003928e-05
16.2510857142772,1.14286328818688,1.14285253385984,1.07543270424504e-05
16.2548571428486,1.14286327345579,1.14285254490816,1.07285476291796e-05
16.2586285714201,1.14286325876001,1.14285255592999,1.07028300124767e-05
16.2623999999915,1.14286324409945,1.14285256692541,1.0677174044238e-05
16.2661714285629,1.14286322947404,1.14285257789447,1.06515795759154e-05
16.2699428571343,1.14286321488369,1.14285258883723,1.06260464609598e-05
16.2737142857058,1.14286320032832,1.14285259975376,1.06005745514892e-05
16.2774857142772,1.14286318580783,1.14285261064413,1.05751637016205e-05
16.2812571428486,1.14286317132215,1.14285262150839,1.05498137645821e-05
16.2850285714201,1.1428631568712,1.1428526323466,1.05245245942687e-05
16.2887999999915,1.14286314245488,1.14285264315884,1.0499296045241e-05
16.2925714285629,1.14286312807313,1.14285265394515,1.0474127972282e-05
16.2963428571343,1.14286311372585,1.14285266470562,1.04490202297303e-05
16.3001142857058,1.14286309941296,1.14285267544028,1.0423972673701e-05
16.3038857142772,1.14286308513438,1.14285268614922,1.03989851596431e-05
16.3076571428486,1.14286307089002,1.14285269683248,1.03740575434497e-05
16.31142857142,1.14286305667982,1.14285270749014,1.0349189682346e-05
16.3151999999915,1.14286304250368,1.14285271812224,1.03243814320031e-05
16.3189714285629,1.14286302836151,1.14285272872886,1.02996326500904e-05
16.3227428571343,1.14286301425325,1.14285273931006,1.02749431940552e-05
16.3265142857057,1.14286300017881,1.14285274986589,1.0250312921567e-05
16.3302857142772,1.14286298613811,1.14285276039642,1.02257416907392e-05
16.3340571428486,1.14286297213106,1.1428527709017,1.02012293601295e-05
16.33782857142,1.14286295815759,1.14285278138181,1.01767757885174e-05
16.3415999999915,1.14286294421762,1.14285279183679,1.01523808351267e-05
16.3453714285629,1.14286293031106,1.1428528022667,1.01280443594032e-05
16.3491428571343,1.14286291643784,1.14285281267162,1.01037662207926e-05
16.3529142857057,1.14286290259787,1.14285282305159,1.00795462800729e-05
16.3566857142772,1.14286288879108,1.14285283340669,1.00553843973561e-05
16.3604571428486,1.14286287501739,1.14285284373696,1.00312804336422e-05
16.36422857142,1.14286286127671,1.14285285404246,1.00072342501534e-05
16.3679999999914,1.14286284756898,1.14285286432327,9.98324570811171e-06
16.3717714285629,1.1428628338941,1.14285287457943,9.95931466940547e-06
16.3755428571343,1.142862820252,1.142852884811,9.93544099658905e-06
16.3793142857057,1.1428628066426,1.14285289501805,9.9116245515507e-06
16.3830857142771,1.14286279306583,1.14285290520063,9.8878651972889e-06
16.3868571428486,1.1428627795216,1.1428529153588,9.86416279746827e-06
16.39062857142,1.14286276600984,1.14285292549262,9.84051721486523e-06
16.3943999999914,1.14286275253046,1.14285293560215,9.81692831336645e-06
16.3981714285629,1.1428627390834,1.14285294568745,9.79339595774675e-06
16.4019428571343,1.14286272566858,1.14285295574857,9.76992001167076e-06
16.4057142857057,1.14286271228591,1.14285296578557,9.74650034013536e-06
16.4094857142771,1.14286269893532,1.14285297579851,9.7231368085815e-06
16.4132571428486,1.14286268561673,1.14285298578745,9.69982928222812e-06
16.41702857142,1.14286267233007,1.14285299575245,9.67657762673824e-06
16.4207999999914,1.14286265907526,1.14285300569355,9.65338170844099e-06
16.4245714285628,1.14286264585222,1.14285301561083,9.63024139344348e-06
16.4283428571343,1.14286263266088,1.14285302550434,9.60715654829691e-06
16.4321142857057,1.14286261950117,1.14285303537413,9.58412704066269e-06
16.4358857142771,1.14286260637299,1.14285304522026,9.5611527375361e-06
16.4396571428485,1.14286259327629,1.14285305504278,9.53823350635652e-06
16.44342857142,1.14286258021098,1.14285306484176,9.51536921545149e-06
16.4471999999914,1.14286256717699,1.14285307461726,9.49255973292651e-06
16.4509714285628,1.14286255417424,1.14285308436932,9.46980492733118e-06
16.4547428571343,1.14286254120267,1.142853094098,9.44710466788123e-06
16.4585142857057,1.14286252826218,1.14285310380336,9.42445882357035e-06
16.4622857142771,1.14286251535272,1.14285311348546,9.40186726428038e-06
16.4660571428485,1.14286250247421,1.14285312314435,9.37932985967116e-06
16.46982857142,1.14286248962656,1.14285313278008,9.35684647984658e-06
16.4735999999914,1.14286247680971,1.14285314239272,9.3344169951326e-06
16.4773714285628,1.14286246402359,1.14285315198231,9.31204127696539e-06
16.4811428571342,1.14286245126811,1.14285316154892,9.28971919589294e-06
16.4849142857057,1.14286243854321,1.14285317109259,9.26745062357348e-06
16.4886857142771,1.14286242584882,1.14285318061339,9.24523543166522e-06
16.4924571428485,1.14286241318485,1.14285319011136,9.22307349227047e-06
16.4962285714199,1.14286240055124,1.14285319958657,9.20096467749154e-06
16.4999999999914,1.14286238794792,1.14285320903906,9.17890886031891e-06
16.5037714285628,1.14286237537481,1.14285321846889,9.15690591374307e-06
16.5075428571342,1.14286236283183,1.14285322787612,9.13495571075451e-06
16.5113142857057,1.14286235031893,1.1428532372608,9.11305812500984e-06
16.5150857142771,1.14286233783602,1.14285324662299,9.09121303060978e-06
16.5188571428485,1.14286232538303,1.14285325596273,9.06942030121094e-06
16.5226285714199,1.14286231295989,1.14285326528008,9.04767981158017e-06
16.5263999999914,1.14286230056654,1.1428532745751,9.02599143692839e-06
16.5301714285628,1.14286228820289,1.14285328384784,9.00435505157837e-06
16.5339428571342,1.14286227586888,1.14285329309834,8.98277053118512e-06
16.5377142857056,1.14286226356443,1.14285330232668,8.96123775162572e-06
16.5414857142771,1.14286225128948,1.14285331153289,8.93975658877721e-06
16.5452571428485,1.14286223904395,1.14285332071703,8.91832691896077e-06
16.5490285714199,1.14286222682778,1.14285332987916,8.89694861849755e-06
16.5527999999913,1.14286221464089,1.14285333901933,8.87562156437482e-06
16.5565714285628,1.14286220248322,1.14285334813759,8.8543456335799e-06
16.5603428571342,1.14286219035469,1.14285335723398,8.83312070398823e-06
16.5641142857056,1.14286217825523,1.14285336630858,8.8119466530312e-06
16.5678857142771,1.14286216618478,1.14285337536142,8.79082335858428e-06
16.5716571428485,1.14286215414326,1.14285338439256,8.76975069963315e-06
16.5754285714199,1.1428621421306,1.14285339340205,8.74872855405329e-06
16.5791999999913,1.14286213014674,1.14285340238994,8.72775680149651e-06
16.5829714285628,1.14286211819161,1.14285341135629,8.70683532028238e-06
16.5867428571342,1.14286210626514,1.14285342030115,8.68596399028476e-06
16.5905142857056,1.14286209436725,1.14285342922456,8.66514269159957e-06
16.594285714277,1.14286208249789,1.14285343812658,8.64437130432272e-06
16.5980571428485,1.14286207065698,1.14285344700727,8.62364970832807e-06
16.6018285714199,1.14286205884445,1.14285345586666,8.60297778437769e-06
16.6055999999913,1.14286204706024,1.14285346470482,8.58235541367769e-06
16.6093714285627,1.14286203530427,1.1428534735218,8.56178247699013e-06
16.6131428571342,1.14286202357649,1.14285348231763,8.54125885640933e-06
16.6169142857056,1.14286201187682,1.14285349109239,8.5207844335855e-06
16.620685714277,1.14286200020519,1.1428534998461,8.50035908994684e-06
16.6244571428484,1.14286198856155,1.14285350857884,8.47998270847583e-06
16.6282285714199,1.14286197694581,1.14285351729064,8.45965517148883e-06
16.6319999999913,1.14286196535792,1.14285352598156,8.43937636241243e-06
16.6357714285627,1.14286195379781,1.14285353465164,8.41914616378503e-06
16.6395428571342,1.14286194226541,1.14285354330095,8.3989644594773e-06
16.6433142857056,1.14286193076065,1.14285355192951,8.37883113335991e-06
16.647085714277,1.14286191928347,1.1428535605374,8.35874606885945e-06
16.6508571428484,1.1428619078338,1.14285356912465,8.3387091509568e-06
16.6546285714199,1.14286189641158,1.14285357769132,8.31872026352265e-06
16.6583999999913,1.14286188501674,1.14285358623745,8.29877929242606e-06
16.6621714285627,1.14286187364921,1.14285359476309,8.27888612175975e-06
16.6659428571341,1.14286186230894,1.1428536032683,8.25904063761485e-06
16.6697142857056,1.14286185099584,1.14285361175312,8.23924272541632e-06
16.673485714277,1.14286183970987,1.1428536202176,8.21949227103325e-06
16.6772571428484,1.14286182845095,1.14285362866179,8.19978916122288e-06
16.6810285714198,1.14286181721902,1.14285363708574,8.1801332818543e-06
16.6847999999913,1.14286180601401,1.14285364548949,8.16052452012883e-06
16.6885714285627,1.14286179483586,1.1428536538731,8.14096276302578e-06
16.6923428571341,1.14286178368451,1.14285366223662,8.12144789752445e-06
16.6961142857056,1.14286177255989,1.14285367058008,8.10197981193639e-06
16.699885714277,1.14286176146194,1.14285367890355,8.0825583932409e-06
16.7036571428484,1.14286175039059,1.14285368720706,8.06318353041569e-06
16.7074285714198,1.14286173934578,1.14285369549067,8.04385511132821e-06
16.7111999999913,1.14286172832744,1.14285370375442,8.02457302451209e-06
16.7149714285627,1.14286171733552,1.14285371199836,8.00533715938911e-06
16.7187428571341,1.14286170636995,1.14285372022254,7.98614740493697e-06
16.7225142857055,1.14286169543066,1.14285372842701,7.96700365057745e-06
16.726285714277,1.14286168451759,1.14285373661181,7.94790578595439e-06
16.7300571428484,1.14286167363069,1.14285374477699,7.92885370159979e-06
16.7338285714198,1.14286166276988,1.14285375292259,7.90984728693545e-06
16.7375999999912,1.1428616519351,1.14285376104867,7.89088643315949e-06
16.7413714285627,1.1428616411263,1.14285376915527,7.87197103080395e-06
16.7451428571341,1.14286163034341,1.14285377724244,7.85310097084491e-06
16.7489142857055,1.14286161958637,1.14285378531022,7.8342761449246e-06
16.752685714277,1.14286160885511,1.14285379335867,7.81549644424118e-06
16.7564571428484,1.14286159814958,1.14285380138782,7.79676176065891e-06
16.7602285714198,1.14286158746971,1.14285380939772,7.77807198670821e-06
16.7639999999912,1.14286157681544,1.14285381738842,7.75942701380927e-06
16.7677714285627,1.14286156618671,1.14285382535997,7.74082673538068e-06
16.7715428571341,1.14286155558345,1.14285383331241,7.72227104439693e-06
16.7753142857055,1.14286154500562,1.14285384124579,7.70375983338845e-06
16.7790857142769,1.14286153445314,1.14285384916014,7.68529299577381e-06
16.7828571428484,1.14286152392596,1.14285385705553,7.66687042563774e-06
16.7866285714198,1.14286151342401,1.14285386493199,7.64849201662088e-06
16.7903999999912,1.14286150294724,1.14285387278957,7.63015766280795e-06
16.7941714285626,1.14286149249558,1.14285388062832,7.61186725850571e-06
16.7979428571341,1.14286148206897,1.14285388844827,7.59362069846503e-06
16.8017142857055,1.14286147166736,1.14285389624948,7.57541787788085e-06
16.8054857142769,1.14286146129068,1.14285390403199,7.55725869150403e-06
16.8092571428484,1.14286145093888,1.14285391179584,7.53914303475156e-06
16.8130285714198,1.14286144061189,1.14285391954108,7.52107080370656e-06
16.8167999999912,1.14286143030965,1.14285392726776,7.50304189356399e-06
16.8205714285626,1.14286142003211,1.14285393497591,7.48505620107309e-06
16.8243428571341,1.14286140977921,1.14285394266559,7.46711362276109e-06
16.8281142857055,1.14286139955089,1.14285395033683,7.44921405471111e-06
16.8318857142769,1.14286138934708,1.14285395798969,7.43135739389444e-06
16.8356571428483,1.14286137916774,1.1428539656242,7.4135435377265e-06
16.8394285714198,1.14286136901279,1.14285397324041,7.39577238362266e-06
16.8431999999912,1.14286135888219,1.14285398083836,7.37804382899832e-06
16.8469714285626,1.14286134877587,1.1428539884181,7.36035777215704e-06
16.850742857134,1.14286133869378,1.14285399597967,7.34271411051424e-06
16.8545142857055,1.14286132863585,1.14285400352311,7.3251127430396e-06
16.8582857142769,1.14286131860204,1.14285401104847,7.30755356825874e-06
16.8620571428483,1.14286130859228,1.14285401855579,7.29003648469728e-06
16.8658285714198,1.14286129860651,1.14285402604512,7.27256139176902e-06
16.8695999999912,1.14286128864468,1.14285403351649,7.25512818866569e-06
16.8733714285626,1.14286127870673,1.14285404096995,7.23773677502315e-06
16.877142857134,1.1428612687926,1.14285404840555,7.22038705092132e-06
16.8809142857055,1.14286125890224,1.14285405582332,7.20307891599603e-06
16.8846857142769,1.14286124903558,1.14285406322331,7.18581227077131e-06
16.8884571428483,1.14286123919258,1.14285407060556,7.16858701577117e-06
16.8922285714197,1.14286122937317,1.14285407797012,7.15140305174167e-06
16.8959999999912,1.1428612195773,1.14285408531702,7.13426027987296e-06
16.8997714285626,1.14286120980491,1.14285409264631,7.11715860113316e-06
16.903542857134,1.14286120005595,1.14285409995804,7.10009791737853e-06
16.9073142857054,1.14286119033036,1.14285410725223,7.08307813002129e-06
16.9110857142769,1.14286118062808,1.14285411452894,7.06609914091771e-06
16.9148571428483,1.14286117094906,1.14285412178821,7.04916085281226e-06
16.9186285714197,1.14286116129324,1.14285412903007,7.03226316756123e-06
16.9223999999911,1.14286115166056,1.14285413625458,7.01540598813111e-06
16.9261714285626,1.14286114205098,1.14285414346176,6.99858921748842e-06
16.929942857134,1.14286113246443,1.14285415065167,6.9818127588217e-06
16.9337142857054,1.14286112290087,1.14285415782435,6.96507651509748e-06
16.9374857142769,1.14286111336022,1.14285416497983,6.94838039039247e-06
16.9412571428483,1.14286110384245,1.14285417211816,6.93172428789524e-06
16.9450285714197,1.14286109434749,1.14285417923938,6.91510811234863e-06
16.9487999999911,1.1428610848753,1.14285418634353,6.89853176760735e-06
16.9525714285626,1.1428610754258,1.14285419343065,6.88199515841426e-06
16.956342857134,1.14286106599897,1.14285420050078,6.86549818973425e-06
16.9601142857054,1.14286105659472,1.14285420755396,6.84904076608817e-06
16.9638857142768,1.14286104721302,1.14285421459023,6.83262279266295e-06
16.9676571428483,1.14286103785381,1.14285422160964,6.81624417508964e-06
16.9714285714197,1.14286102851704,1.14285422861222,6.79990481944337e-06
16.9751999999911,1.14286101920265,1.14285423559802,6.7836046309111e-06
16.9789714285625,1.14286100991058,1.14285424256706,6.76734351579e-06
16.982742857134,1.14286100064079,1.14285424951941,6.7511213805993e-06
16.9865142857054,1.14286099139322,1.14285425645509,6.73493813185821e-06
16.9902857142768,1.14286098216782,1.14285426337414,6.71879367630801e-06
16.9940571428483,1.14286097296453,1.14285427027661,6.702687920912e-06
16.9978285714197,1.1428609637833,1.14285427716253,6.68662077307758e-06
17.0015999999911,1.14286095462408,1.14285428403194,6.67059213999011e-06
17.0053714285625,1.14286094548682,1.14285429088489,6.65460192950107e-06
17.009142857134,1.14286093637146,1.14285429772141,6.63865004946196e-06
17.0129142857054,1.14286092727795,1.14285430454154,6.62273640794631e-06
17.0166857142768,1.14286091820624,1.14285431134532,6.60686091347173e-06
17.0204571428482,1.14286090915627,1.1428543181328,6.59102347433382e-06
17.0242285714197,1.142860900128,1.142854324904,6.57522399949428e-06
17.0279999999911,1.14286089112137,1.14285433165897,6.55946239791483e-06
17.0317714285625,1.14286088213633,1.14285433839775,6.54373857855717e-06
17.0355428571339,1.14286087317283,1.14285434512038,6.52805245127119e-06
17.0393142857054,1.14286086423081,1.14285435182689,6.51240392568475e-06
17.0430857142768,1.14286085531024,1.14285435851732,6.49679291120364e-06
17.0468571428482,1.14286084641104,1.14285436519172,6.48121931834389e-06
17.0506285714197,1.14286083753318,1.14285437185012,6.46568305739947e-06
17.0543999999911,1.14286082867659,1.14285437849256,6.45018403822029e-06
17.0581714285625,1.14286081984124,1.14285438511907,6.43472217265462e-06
17.0619428571339,1.14286081102707,1.1428543917297,6.4192973707744e-06
17.0657142857054,1.14286080223402,1.14285439832448,6.4039095437618e-06
17.0694857142768,1.14286079346206,1.14285440490346,6.3885586034651e-06
17.0732571428482,1.14286078471112,1.14285441146666,6.37324446128851e-06
17.0770285714196,1.14286077598116,1.14285441801413,6.35796702885827e-06
17.0807999999911,1.14286076727212,1.14285442454591,6.34272621824472e-06
17.0845714285625,1.14286075858397,1.14285443106203,6.32752194174024e-06
17.0883428571339,1.14286074991664,1.14285443756252,6.31235411163722e-06
17.0921142857053,1.14286074127008,1.14285444404744,6.29722264067212e-06
17.0958857142768,1.14286073264425,1.14285445051681,6.28212744158141e-06
17.0996571428482,1.1428607240391,1.14285445697067,6.26706842754565e-06
17.1034285714196,1.14286071545458,1.14285446340907,6.25204551196745e-06
17.1071999999911,1.14286070689063,1.14285446983203,6.23705860802737e-06
17.1109714285625,1.14286069834722,1.14285447623959,6.222107629128e-06
17.1147428571339,1.14286068982428,1.14285448263179,6.20719249000423e-06
17.1185142857053,1.14286068132177,1.14285448900867,6.19231310383661e-06
17.1222857142768,1.14286067283965,1.14285449537026,6.1774693858041e-06
17.1260571428482,1.14286066437786,1.14285450171661,6.1626612497534e-06
17.1298285714196,1.14286065593635,1.14285450804774,6.14788861041937e-06
17.133599999991,1.14286064751508,1.14285451436369,6.13315138320303e-06
17.1373714285625,1.14286063911399,1.14285452066451,6.11844948261719e-06
17.1411428571339,1.14286063073304,1.14285452695022,6.10378282428492e-06
17.1449142857053,1.14286062237218,1.14285453322086,6.08915132360721e-06
17.1486857142767,1.14286061403137,1.14285453947647,6.07455489665121e-06
17.1524571428482,1.14286060571055,1.14285454571709,6.05999345881791e-06
17.1562285714196,1.14286059740967,1.14285455194275,6.04546692661856e-06
17.159999999991,1.1428605891287,1.14285455815348,6.03097521634233e-06
17.1637714285625,1.14286058086757,1.14285456434932,6.01651824450045e-06
17.1675428571339,1.14286057262624,1.14285457053032,6.0020959273821e-06
17.1713142857053,1.14286056440468,1.14285457669649,5.98770818283079e-06
17.1750857142767,1.14286055620282,1.14285458284789,5.97335492691364e-06
17.1788571428482,1.14286054802062,1.14285458898454,5.95903607791826e-06
17.1826285714196,1.14286053985803,1.14285459510648,5.9447515525779e-06
17.186399999991,1.14286053171501,1.14285460121374,5.93050126895811e-06
17.1901714285624,1.14286052359151,1.14285460730637,5.91628514512443e-06
17.1939428571339,1.14286051548749,1.14285461338439,5.90210309892036e-06
17.1977142857053,1.14286050740289,1.14285461944784,5.88795504885553e-06
17.2014857142767,1.14286049933766,1.14285462549675,5.87384091366161e-06
17.2052571428481,1.14286049129178,1.14285463153117,5.8597606111821e-06
17.2090285714196,1.14286048326518,1.14285463755112,5.84571406125889e-06
17.212799999991,1.14286047525782,1.14285464355664,5.83170118262366e-06
17.2165714285624,1.14286046726965,1.14285464954776,5.81772189423013e-06
17.2203428571339,1.14286045930064,1.14285465552452,5.80377611614225e-06
17.2241142857053,1.14286045135072,1.14285466148696,5.78986376753576e-06
17.2278857142767,1.14286044341987,1.1428546674351,5.77598476869667e-06
17.2316571428481,1.14286043550802,1.14285467336898,5.76213903946687e-06
17.2354285714196,1.14286042761514,1.14285467928864,5.74832649991031e-06
17.239199999991,1.14286041974118,1.14285468519411,5.73454707120113e-06
17.2429714285624,1.1428604118861,1.14285469108543,5.72080067273717e-06
17.2467428571338,1.14286040404984,1.14285469696262,5.70708722658075e-06
17.2505142857053,1.14286039623237,1.14285470282572,5.69340665301787e-06
17.2542857142767,1.14286038843364,1.14285470867477,5.67975887300065e-06
17.2580571428481,1.14286038065361,1.1428547145098,5.66614380881347e-06
17.2618285714195,1.14286037289222,1.14285472033084,5.65256138140846e-06
17.265599999991,1.14286036514944,1.14285472613792,5.63901151307e-06
17.2693714285624,1.14286035742521,1.14285473193109,5.62549412497226e-06
17.2731428571338,1.14286034971951,1.14285473771037,5.61200913984372e-06
17.2769142857052,1.14286034203227,1.14285474347579,5.59855647996876e-06
17.2806857142767,1.14286033436347,1.1428547492274,5.58513606740974e-06
17.2844571428481,1.14286032671304,1.14285475496522,5.5717478253392e-06
17.2882285714195,1.14286031908096,1.14285476068928,5.55839167670769e-06
17.291999999991,1.14286031146717,1.14285476639962,5.54506754402162e-06
17.2957714285624,1.14286030387163,1.14285477209628,5.53177535111971e-06
17.2995428571338,1.1428602962943,1.14285477777928,5.51851502117451e-06
17.3033142857052,1.14286028873513,1.14285478344865,5.50528647758064e-06
17.3070857142767,1.14286028119408,1.14285478910444,5.49208964484293e-06
17.3108571428481,1.14286027367111,1.14285479474667,5.47892444613396e-06
17.3146285714195,1.14286026616617,1.14285480037537,5.46579080618059e-06
17.3183999999909,1.14286025867923,1.14285480599058,5.45268864904358e-06
17.3221714285624,1.14286025121023,1.14285481159233,5.4396178994498e-06
17.3259428571338,1.14286024375913,1.14285481718065,5.42657848190409e-06
17.3297142857052,1.1428602363259,1.14285482275558,5.41357032135537e-06
17.3334857142766,1.14286022891048,1.14285482831714,5.4005933429746e-06
17.3372571428481,1.14286022151284,1.14285483386537,5.38764747193277e-06
17.3410285714195,1.14286021413293,1.1428548394003,5.37473263384491e-06
17.3447999999909,1.14286020677072,1.14285484492196,5.36184875410406e-06
17.3485714285624,1.14286019942615,1.14285485043039,5.34899575832526e-06
17.3523428571338,1.14286019209918,1.14285485592561,5.33617357301175e-06
17.3561142857052,1.14286018478979,1.14285486140766,5.32338212422268e-06
17.3598857142766,1.14286017749791,1.14285486687657,5.3106213375731e-06
17.3636571428481,1.14286017022351,1.14285487233237,5.29789114023238e-06
17.3674285714195,1.14286016296655,1.14285487777509,5.28519145870376e-06
17.3711999999909,1.14286015572698,1.14285488320476,5.27252221993457e-06
17.3749714285623,1.14286014850477,1.14285488862142,5.25988335087213e-06
17.3787428571338,1.14286014129987,1.14285489402509,5.24727477868581e-06
17.3825142857052,1.14286013411225,1.14285489941582,5.23469643054497e-06
17.3862857142766,1.14286012694185,1.14285490479361,5.22214823428513e-06
17.390057142848,1.14286011978864,1.14285491015852,5.20963011774178e-06
17.3938285714195,1.14286011265258,1.14285491551057,5.19714200852839e-06
17.3975999999909,1.14286010553362,1.14285492084978,5.18468383492454e-06
17.4013714285623,1.14286009843173,1.1428549261762,5.17225552498779e-06
17.4051428571338,1.14286009134686,1.14285493148985,5.15985700699773e-06
17.4089142857052,1.14286008427898,1.14285493679077,5.14748820990008e-06
17.4126857142766,1.14286007722804,1.14285494207897,5.13514906219648e-06
17.416457142848,1.142860070194,1.1428549473545,5.1228394930547e-06
17.4202285714195,1.14286006317682,1.14285495261739,5.11055943142047e-06
17.4239999999909,1.14286005617646,1.14285495786765,5.09830880646156e-06
17.4277714285623,1.14286004919288,1.14285496310534,5.08608754778983e-06
17.4315428571337,1.14286004222605,1.14285496833046,5.0738955847951e-06
17.4353142857052,1.14286003527591,1.14285497354307,5.06173284775535e-06
17.4390857142766,1.14286002834244,1.14285497874317,5.04959926606041e-06
17.442857142848,1.14286002142558,1.14285498393081,5.03749476998827e-06
17.4466285714194,1.14286001452531,1.14285498910602,5.02541928981692e-06
17.4503999999909,1.14286000764157,1.14285499426882,5.01337275626845e-06
17.4541714285623,1.14286000077434,1.14285499941924,5.00135509917676e-06
17.4579428571337,1.14285999392357,1.14285500455732,4.98936625037416e-06
17.4617142857052,1.14285998708922,1.14285500968308,4.97740614013864e-06
17.4654857142766,1.14285998027126,1.14285501479656,4.96547469963637e-06
17.469257142848,1.14285997346963,1.14285501989777,4.95357186003353e-06
17.4730285714194,1.14285996668432,1.14285502498676,4.94169755338447e-06
17.4767999999909,1.14285995991526,1.14285503006355,4.92985171063332e-06
17.4805714285623,1.14285995316244,1.14285503512817,4.91803426383441e-06
17.4843428571337,1.1428599464258,1.14285504018065,4.90624514504212e-06
17.4881142857051,1.14285993970531,1.14285504522102,4.8944842858667e-06
17.4918857142766,1.14285993300093,1.14285505024931,4.88275161902862e-06
17.495657142848,1.14285992631262,1.14285505526554,4.8710470768043e-06
17.4994285714194,1.14285991964034,1.14285506026975,4.85937059147012e-06
17.5031999999908,1.14285991298406,1.14285506526196,4.84772209663475e-06
17.5069714285623,1.14285990634373,1.1428550702422,4.83610152435254e-06
17.5107428571337,1.14285989971932,1.14285507521051,4.82450880801011e-06
17.5145142857051,1.14285989311079,1.14285508016691,4.81294388077202e-06
17.5182857142766,1.1428598865181,1.14285508511142,4.80140667602491e-06
17.522057142848,1.14285987994122,1.14285509004409,4.78989712737743e-06
17.5258285714194,1.1428598733801,1.14285509496493,4.77841516843824e-06
17.5295999999908,1.1428598668347,1.14285509987397,4.76696073326011e-06
17.5333714285623,1.142859860305,1.14285510477125,4.75553375545168e-06
17.5371428571337,1.14285985379095,1.14285510965678,4.7441341699539e-06
17.5409142857051,1.14285984729252,1.14285511453061,4.73276191037542e-06
17.5446857142765,1.14285984080966,1.14285511939275,4.72141691143513e-06
17.548457142848,1.14285983434235,1.14285512424324,4.71009910785192e-06
17.5522285714194,1.14285982789053,1.1428551290821,4.69880843456671e-06
17.5559999999908,1.14285982145419,1.14285513390936,4.68754482607636e-06
17.5597714285622,1.14285981503327,1.14285513872505,4.67630821798792e-06
17.5635428571337,1.14285980862774,1.14285514352919,4.66509854546437e-06
17.5673142857051,1.14285980223757,1.14285514832182,4.65391574366869e-06
17.5710857142765,1.14285979586271,1.14285515310296,4.64275974842998e-06
17.574857142848,1.14285978950314,1.14285515787264,4.63163049557735e-06
17.5786285714194,1.14285978315881,1.14285516263089,4.62052792093992e-06
17.5823999999908,1.14285977682969,1.14285516737773,4.60945196034679e-06
17.5861714285622,1.14285977051574,1.14285517211319,4.59840255007116e-06
17.5899428571337,1.14285976421693,1.1428551768373,4.58737962683031e-06
17.5937142857051,1.14285975793322,1.14285518155009,4.57638312645336e-06
17.5974857142765,1.14285975166456,1.14285518625158,4.56541298654578e-06
17.6012571428479,1.14285974541094,1.1428551909418,4.55446914293667e-06
17.6050285714194,1.1428597391723,1.14285519562077,4.54355153300945e-06
17.6087999999908,1.14285973294863,1.14285520028853,4.53266009414754e-06
17.6125714285622,1.14285972673986,1.1428552049451,4.52179476351233e-06
17.6163428571336,1.14285972054599,1.14285520959051,4.51095547804314e-06
17.6201142857051,1.14285971436696,1.14285521422478,4.50014217556749e-06
17.6238857142765,1.14285970820274,1.14285521884795,4.48935479435697e-06
17.6276571428479,1.1428597020533,1.14285522346003,4.47859327157296e-06
17.6314285714193,1.1428596959186,1.14285522806105,4.46785754526502e-06
17.6351999999908,1.1428596897986,1.14285523265105,4.45714755414883e-06
17.6389714285622,1.14285968369328,1.14285523723004,4.44646323582987e-06
17.6427428571336,1.14285967760259,1.14285524179806,4.43580452924586e-06
17.6465142857051,1.1428596715265,1.14285524635513,4.4251713726684e-06
17.6502857142765,1.14285966546497,1.14285525090127,4.41456370547932e-06
17.6540571428479,1.14285965941798,1.14285525543651,4.40398146550613e-06
17.6578285714193,1.14285965338548,1.14285525996089,4.39342459279679e-06
17.6615999999908,1.14285964736744,1.14285526447442,4.38289302606698e-06
17.6653714285622,1.14285964136383,1.14285526897713,4.37238670514262e-06
17.6691428571336,1.14285963537461,1.14285527346904,4.36190556851734e-06
17.672914285705,1.14285962939975,1.14285527795019,4.35144955690525e-06
17.6766857142765,1.14285962343921,1.1428552824206,4.34101860946612e-06
17.6804571428479,1.14285961749295,1.14285528688029,4.3306126662479e-06
17.6842285714193,1.14285961156095,1.14285529132929,4.3202316675206e-06
17.6879999999908,1.14285960564317,1.14285529576762,4.30987555311013e-06
17.6917714285622,1.14285959973958,1.14285530019532,4.29954426350854e-06
17.6955428571336,1.14285959385014,1.1428553046124,4.28923773920786e-06
17.699314285705,1.14285958797481,1.14285530901889,4.27895592114425e-06
17.7030857142765,1.14285958211357,1.14285531341482,4.26869874958768e-06
17.7068571428479,1.14285957626638,1.14285531780021,4.25846616569636e-06
17.7106285714193,1.14285957043321,1.1428553221751,4.24825811062846e-06
17.7143999999907,1.14285956461401,1.14285532653949,4.23807452554215e-06
17.7181714285622,1.14285955880877,1.14285533089342,4.22791535181766e-06
17.7219428571336,1.14285955301745,1.14285533523692,4.21778053039112e-06
17.725714285705,1.14285954724,1.14285533957,4.20767000375299e-06
17.7294857142764,1.14285954147641,1.14285534389269,4.19758371328349e-06
17.7332571428479,1.14285953572663,1.14285534820503,4.18752160058489e-06
17.7370285714193,1.14285952999063,1.14285535250703,4.17748360814763e-06
17.7407999999907,1.14285952426839,1.14285535679871,4.16746967801807e-06
17.7445714285621,1.14285951855986,1.14285536108011,4.15747975246461e-06
17.7483428571336,1.14285951286501,1.14285536535124,4.14751377397771e-06
17.752114285705,1.14285950718382,1.14285536961214,4.13757168482576e-06
17.7558857142764,1.14285950151624,1.14285537386282,4.12765342860943e-06
17.7596571428479,1.14285949586226,1.14285537810331,4.11775894715305e-06
17.7634285714193,1.14285949022182,1.14285538233364,4.10788818405727e-06
17.7671999999907,1.1428594845949,1.14285538655382,4.09804108247869e-06
17.7709714285621,1.14285947898148,1.14285539076389,4.08821758557387e-06
17.7747428571336,1.14285947338151,1.14285539496387,4.0784176369435e-06
17.778514285705,1.14285946779496,1.14285539915378,4.06864117996619e-06
17.7822857142764,1.1428594622218,1.14285540333365,4.05888815802058e-06
17.7860571428478,1.14285945666201,1.14285540750349,4.04915851537346e-06
17.7898285714193,1.14285945111554,1.14285541166334,4.03945219562551e-06
17.7935999999907,1.14285944558237,1.14285541581322,4.02976914348763e-06
17.7973714285621,1.14285944006246,1.14285541995316,4.02010930256047e-06
17.8011428571335,1.14285943455578,1.14285542408316,4.01047261755494e-06
17.804914285705,1.1428594290623,1.14285542820327,4.00085903273784e-06
17.8086857142764,1.142859423582,1.1428554323135,3.9912684930421e-06
17.8124571428478,1.14285941811482,1.14285543641388,3.98170094273453e-06
17.8162285714193,1.14285941266076,1.14285544050443,3.97215632719217e-06
17.8199999999907,1.14285940721977,1.14285544458518,3.96263459090385e-06
17.8237714285621,1.14285940179182,1.14285544865614,3.95313567969069e-06
17.8275428571335,1.14285939637688,1.14285545271734,3.94365953848563e-06
17.831314285705,1.14285939097492,1.14285545676881,3.93420611244366e-06
17.8350857142764,1.14285938558591,1.14285546081057,3.92477534782998e-06
17.8388571428478,1.14285938020982,1.14285546484263,3.91536718957752e-06
17.8426285714192,1.14285937484662,1.14285546886504,3.9059815839515e-06
17.8463999999907,1.14285936949627,1.1428554728778,3.89661847677303e-06
17.8501714285621,1.14285936415875,1.14285547688094,3.88727781386322e-06
17.8539428571335,1.14285935883402,1.14285548087448,3.87795954193138e-06
17.8577142857049,1.14285935352206,1.14285548485845,3.86866360679861e-06
17.8614857142764,1.14285934822283,1.14285548883288,3.85938995517421e-06
17.8652571428478,1.1428593429363,1.14285549279777,3.85013853376748e-06
17.8690285714192,1.14285933766245,1.14285549675316,3.84090928884362e-06
17.8727999999907,1.14285933240124,1.14285550069907,3.83170216800011e-06
17.8765714285621,1.14285932715264,1.14285550463552,3.8225171172801e-06
17.8803428571335,1.14285932191662,1.14285550856254,3.81335408450312e-06
17.8841142857049,1.14285931669315,1.14285551248014,3.80421301637845e-06
17.8878857142764,1.14285931148221,1.14285551638835,3.79509386072563e-06
17.8916571428478,1.14285930628375,1.14285552028719,3.78599656447598e-06
17.8954285714192,1.14285930109776,1.14285552417668,3.77692107589311e-06
17.8991999999906,1.1428592959242,1.14285552805685,3.76786734213042e-06
17.9029714285621,1.14285929076303,1.14285553192772,3.75883531122945e-06
17.9067428571335,1.14285928561425,1.14285553578932,3.74982493123177e-06
17.9105142857049,1.1428592804778,1.14285553964165,3.74083615040099e-06
17.9142857142763,1.14285927535367,1.14285554348475,3.73186891633459e-06
17.9180571428478,1.14285927024182,1.14285554731864,3.72292317818435e-06
17.9218285714192,1.14285926514222,1.14285555114334,3.71399888399182e-06
17.9255999999906,1.14285926005485,1.14285555495886,3.70509598202062e-06
17.9293714285621,1.14285925497967,1.14285555876525,3.69621442186663e-06
17.9331428571335,1.14285924991666,1.14285556256251,3.68735415179344e-06
17.9369142857049,1.14285924486578,1.14285556635066,3.67851512050876e-06
17.9406857142763,1.14285923982702,1.14285557012974,3.66969727783051e-06
17.9444571428478,1.14285923480033,1.14285557389975,3.66090057224433e-06
17.9482285714192,1.14285922978569,1.14285557766073,3.65212495379019e-06
17.9519999999906,1.14285922478307,1.1428555814127,3.64337037139784e-06
17.955771428562,1.14285921979244,1.14285558515567,3.63463677466314e-06
17.9595428571335,1.14285921481378,1.14285558888967,3.62592411340401e-06
17.9633142857049,1.14285920984705,1.14285559261471,3.61723233766043e-06
17.9670857142763,1.14285920489223,1.14285559633083,3.60856139702825e-06
17.9708571428477,1.14285919994928,1.14285560003804,3.59991124154746e-06
17.9746285714192,1.14285919501818,1.14285560373636,3.59128182148005e-06
17.9783999999906,1.14285919009891,1.14285560742582,3.58267308753213e-06
17.982171428562,1.14285918519142,1.14285561110643,3.57408498952161e-06
17.9859428571335,1.1428591802957,1.14285561477822,3.56551747815459e-06
17.9897142857049,1.14285917541172,1.14285561844121,3.55697050413717e-06
17.9934857142763,1.14285917053944,1.14285562209542,3.54844401839749e-06
17.9972571428477,1.14285916567884,1.14285562574087,3.53993797164165e-06
18.0010285714192,1.14285916082989,1.14285562937758,3.53145231479779e-06
18.0047999999906,1.14285915599257,1.14285563300557,3.52298699923814e-06
18.008571428562,1.14285915116684,1.14285563662487,3.51454197589085e-06
18.0123428571334,1.14285914635268,1.14285564023549,3.50611719635019e-06
18.0161142857049,1.14285914155006,1.14285564383745,3.49771261198839e-06
18.0198857142763,1.14285913675896,1.14285564743078,3.48932817462178e-06
18.0236571428477,1.14285913197933,1.1428556510155,3.48096383540053e-06
18.0274285714191,1.14285912721117,1.14285565459162,3.47261954680711e-06
18.0311999999906,1.14285912245443,1.14285565815917,3.46429526043579e-06
18.034971428562,1.1428591177091,1.14285566171817,3.45599092832494e-06
18.0387428571334,1.14285911297514,1.14285566526864,3.44770650251291e-06
18.0425142857049,1.14285910825253,1.1428556688106,3.43944193570422e-06
18.0462857142763,1.14285910354125,1.14285567234407,3.43119717993723e-06
18.0500571428477,1.14285909884125,1.14285567586906,3.42297218791643e-06
18.0538285714191,1.14285909415252,1.14285567938561,3.41476691212428e-06
18.0575999999906,1.14285908947503,1.14285568289373,3.40658130548732e-06
18.061371428562,1.14285908480875,1.14285568639343,3.39841532071006e-06
18.0651428571334,1.14285908015366,1.14285568988475,3.39026891071903e-06
18.0689142857048,1.14285907550973,1.1428556933677,3.38214202866283e-06
18.0726857142763,1.14285907087693,1.1428556968423,3.37403462746799e-06
18.0764571428477,1.14285906625523,1.14285570030857,3.36594666117129e-06
18.0802285714191,1.14285906164462,1.14285570376654,3.35787808225518e-06
18.0839999999905,1.14285905704505,1.14285570721621,3.34982884520052e-06
18.087771428562,1.14285905245652,1.14285571065761,3.34179890248976e-06
18.0915428571334,1.14285904787898,1.14285571409077,3.33378820882579e-06
18.0953142857048,1.14285904331241,1.14285571751569,3.32579671802335e-06
18.0990857142762,1.14285903875679,1.14285572093241,3.31782438345307e-06
18.1028571428477,1.14285903421209,1.14285572434093,3.30987115937376e-06
18.1066285714191,1.14285902967829,1.14285572774129,3.30193700048831e-06
18.1103999999905,1.14285902515535,1.14285573113349,3.29402186061145e-06
18.114171428562,1.14285902064325,1.14285573451756,3.28612569422404e-06
18.1179428571334,1.14285901614197,1.14285573789352,3.27824845602898e-06
18.1217142857048,1.14285901165149,1.14285574126139,3.27039010028507e-06
18.1254857142762,1.14285900717176,1.14285574462118,3.26255058236136e-06
18.1292571428477,1.14285900270277,1.14285574797292,3.2547298562946e-06
18.1330285714191,1.1428589982445,1.14285575131662,3.24692787767589e-06
18.1367999999905,1.14285899379691,1.14285575465231,3.23914460098607e-06
18.1405714285619,1.14285898935999,1.14285575798001,3.23137998203826e-06
18.1443428571334,1.1428589849337,1.14285576129972,3.22363397575742e-06
18.1481142857048,1.14285898051802,1.14285576461148,3.21590653795667e-06
18.1518857142762,1.14285897611293,1.1428557679153,3.2081976233389e-06
18.1556571428476,1.14285897171839,1.14285577121121,3.20050718793929e-06
18.1594285714191,1.14285896733439,1.14285577449921,3.19283518757096e-06
18.1631999999905,1.1428589629609,1.14285577777932,3.18518157760295e-06
18.1669714285619,1.14285895859789,1.14285578105158,3.1775463145145e-06
18.1707428571334,1.14285895424535,1.14285578431599,3.16992935411875e-06
18.1745142857048,1.14285894990323,1.14285578757258,3.16233065245086e-06
18.1782857142762,1.14285894557152,1.14285579082136,3.15475016554601e-06
18.1820571428476,1.1428589412502,1.14285579406235,3.14718785010548e-06
18.1858285714191,1.14285893693924,1.14285579729557,3.13964366260855e-06
18.1895999999905,1.14285893263861,1.14285580052105,3.13211755931242e-06
18.1933714285619,1.14285892834828,1.14285580373879,3.1246094969184e-06
18.1971428571333,1.14285892406825,1.14285580694881,3.11711943234982e-06
18.2009142857048,1.14285891979847,1.14285581015115,3.10964732230801e-06
18.2046857142762,1.14285891553893,1.1428558133458,3.10219312371629e-06
18.2084571428476,1.1428589112896,1.1428558165328,3.09475679394211e-06
18.212228571419,1.14285890705045,1.14285581971216,3.08733829013086e-06
18.2159999999905,1.14285890282147,1.1428558228839,3.07993756920588e-06
18.2197714285619,1.14285889860262,1.14285582604803,3.07255458831257e-06
18.2235428571333,1.14285889439389,1.14285582920458,3.06518930570654e-06
18.2273142857048,1.14285889019524,1.14285583235357,3.05784167853318e-06
18.2310857142762,1.14285888600667,1.142855835495,3.05051166415993e-06
18.2348571428476,1.14285888182813,1.14285583862891,3.04319922106444e-06
18.238628571419,1.1428588776596,1.1428558417553,3.0359043068362e-06
18.2423999999905,1.14285887350107,1.14285584487419,3.02862687906469e-06
18.2461714285619,1.14285886935251,1.14285584798562,3.02136689622756e-06
18.2499428571333,1.1428588652139,1.14285585108958,3.01412431680248e-06
18.2537142857047,1.1428588610852,1.1428558541861,3.00689909815688e-06
18.2574857142762,1.1428588569664,1.1428558572752,2.9996911996566e-06
18.2612571428476,1.14285885285747,1.14285586035689,2.99250057911316e-06
18.265028571419,1.1428588487584,1.1428558634312,2.98532719544831e-06
18.2687999999904,1.14285884466915,1.14285586649814,2.97817100713971e-06
18.2725714285619,1.1428588405897,1.14285586955773,2.97103197333115e-06
18.2763428571333,1.14285883652003,1.14285587260998,2.9639100525003e-06
18.2801142857047,1.14285883246012,1.14285587565491,2.95680520379094e-06
18.2838857142762,1.14285882840993,1.14285587869255,2.94971738612482e-06
18.2876571428476,1.14285882436946,1.1428558817229,2.94264655908982e-06
18.291428571419,1.14285882033867,1.14285588474599,2.93559268138566e-06
18.2951999999904,1.14285881631755,1.14285588776184,2.92855571282225e-06
18.2989714285619,1.14285881230606,1.14285589077045,2.92153561276542e-06
18.3027428571333,1.14285880830419,1.14285589377185,2.91453234058103e-06
18.3065142857047,1.14285880431192,1.14285589676606,2.907545856079e-06
18.3102857142761,1.14285880032921,1.14285589975309,2.90057611929129e-06
18.3140571428476,1.14285879635605,1.14285590273296,2.89362308958374e-06
18.317828571419,1.14285879239242,1.14285590570569,2.88668672721037e-06
18.3215999999904,1.14285878843828,1.14285590867129,2.87976699198111e-06
18.3253714285618,1.14285878449363,1.14285591162978,2.87286384414998e-06
18.3291428571333,1.14285878055843,1.14285591458118,2.86597724419302e-06
18.3329142857047,1.14285877663266,1.14285591752551,2.85910715192017e-06
18.3366857142761,1.1428587727163,1.14285592046277,2.85225352825158e-06
18.3404571428476,1.14285876880933,1.142855923393,2.84541633366331e-06
18.344228571419,1.14285876491173,1.1428559263162,2.83859552863142e-06
18.3479999999904,1.14285876102347,1.1428559292324,2.83179107385401e-06
18.3517714285618,1.14285875714453,1.1428559321416,2.82500293025123e-06
18.3555428571333,1.14285875327489,1.14285593504383,2.81823105852119e-06
18.3593142857047,1.14285874941453,1.14285593793911,2.81147541980609e-06
18.3630857142761,1.14285874556341,1.14285594082744,2.80473597524811e-06
18.3668571428475,1.14285874172153,1.14285594370885,2.7980126857674e-06
18.370628571419,1.14285873788886,1.14285594658335,2.79130551295026e-06
18.3743999999904,1.14285873406538,1.14285594945096,2.78461441793887e-06
18.3781714285618,1.14285873025106,1.1428559523117,2.77793936254156e-06
18.3819428571332,1.14285872644589,1.14285595516558,2.77128030767848e-06
18.3857142857047,1.14285872264984,1.14285595801262,2.76463721560205e-06
18.3894857142761,1.14285871886288,1.14285596085284,2.75801004767651e-06
18.3932571428475,1.14285871508501,1.14285596368624,2.75139876615427e-06
18.397028571419,1.14285871131619,1.14285596651286,2.74480333239957e-06
18.4007999999904,1.1428587075564,1.1428559693327,2.73822370888688e-06
18.4045714285618,1.14285870380563,1.14285597214578,2.73165985720247e-06
18.4083428571332,1.14285870006385,1.14285597495211,2.72511174026491e-06
18.4121142857047,1.14285869633104,1.14285597775172,2.71857931966046e-06
18.4158857142761,1.14285869260718,1.14285598054462,2.71206255808565e-06
18.4196571428475,1.14285868889224,1.14285598333082,2.70556141801492e-06
18.4234285714189,1.14285868518621,1.14285598611034,2.69907586170071e-06
18.4271999999904,1.14285868148906,1.14285598888321,2.69260585250564e-06
18.4309714285618,1.14285867780077,1.14285599164942,2.68615135246009e-06
18.4347428571332,1.14285867412133,1.142855994409,2.67971232470465e-06
18.4385142857046,1.1428586704507,1.14285599716197,2.67328873215789e-06
18.4422857142761,1.14285866678888,1.14285599990834,2.66688053751629e-06
18.4460571428475,1.14285866313583,1.14285600264813,2.66048770414251e-06
18.4498285714189,1.14285865949154,1.14285600538134,2.65411019517714e-06
18.4535999999903,1.14285865585599,1.14285600810801,2.64774797398282e-06
18.4573714285618,1.14285865222914,1.14285601082814,2.64140100370014e-06
18.4611428571332,1.142858648611,1.14285601354175,2.63506924769175e-06
18.4649142857046,1.14285864500153,1.14285601624886,2.62875266998641e-06
18.4686857142761,1.1428586414007,1.14285601894947,2.62245123350269e-06
18.4724571428475,1.14285863780852,1.14285602164361,2.61616490271344e-06
18.4762285714189,1.14285863422494,1.1428560243313,2.6098936409813e-06
18.4799999999903,1.14285863064995,1.14285602701254,2.60363741189096e-06
18.4837714285618,1.14285862708353,1.14285602968735,2.59739617991528e-06
18.4875428571332,1.14285862352566,1.14285603235575,2.59116990886099e-06
18.4913142857046,1.14285861997632,1.14285603501776,2.58495856297891e-06
18.495085714276,1.14285861643549,1.14285603767338,2.57876210651986e-06
18.4988571428475,1.14285861290314,1.14285604032264,2.57258050351261e-06
18.5026285714189,1.14285860937927,1.14285604296555,2.56641371865207e-06
18.5063999999903,1.14285860586384,1.14285604560212,2.56026171641111e-06
18.5101714285617,1.14285860235683,1.14285604823237,2.55412446104053e-06
18.5139428571332,1.14285859885824,1.14285605085632,2.54800191767934e-06
18.5177142857046,1.14285859536803,1.14285605347398,2.54189405057836e-06
18.521485714276,1.14285859188619,1.14285605608536,2.53580082487659e-06
18.5252571428475,1.14285858841269,1.14285605869048,2.52972220549097e-06
18.5290285714189,1.14285858494752,1.14285606128936,2.52365815689437e-06
18.5327999999903,1.14285858149065,1.14285606388201,2.51760864466988e-06
18.5365714285617,1.14285857804208,1.14285606646844,2.51157363417853e-06
18.5403428571332,1.14285857460177,1.14285606904868,2.50555309011524e-06
18.5441142857046,1.1428585711697,1.14285607162272,2.49954697784105e-06
18.547885714276,1.14285856774586,1.1428560741906,2.49355526338313e-06
18.5516571428474,1.14285856433024,1.14285607675232,2.48757791143639e-06
18.5554285714189,1.14285856092279,1.14285607930791,2.48161488802801e-06
18.5591999999903,1.14285855752352,1.14285608185736,2.47566615851902e-06
18.5629714285617,1.14285855413239,1.1428560844007,2.46973168915865e-06
18.5667428571331,1.1428585507494,1.14285608693795,2.4638114450859e-06
18.5705142857046,1.14285854737451,1.14285608946912,2.45790539277202e-06
18.574285714276,1.14285854400771,1.14285609199422,2.45201349802215e-06
18.5780571428474,1.14285854064899,1.14285609451326,2.44613572664143e-06
18.5818285714189,1.14285853729831,1.14285609702627,2.44027204510111e-06
18.5855999999903,1.14285853395567,1.14285609953325,2.43442241965042e-06
18.5893714285617,1.14285853062104,1.14285610203422,2.42858681609448e-06
18.5931428571331,1.1428585272944,1.1428561045292,2.4227652015707e-06
18.5969142857046,1.14285852397574,1.1428561070182,2.4169575418842e-06
18.600685714276,1.14285852066503,1.14285610950123,2.41116380395034e-06
18.6044571428474,1.14285851736226,1.14285611197831,2.40538395424039e-06
18.6082285714188,1.14285851406741,1.14285611444945,2.3996179596697e-06
18.6119999999903,1.14285851078045,1.14285611691466,2.39386578670953e-06
18.6157714285617,1.14285850750137,1.14285611937397,2.38812740271932e-06
18.6195428571331,1.14285850423016,1.14285612182738,2.3824027739483e-06
18.6233142857045,1.14285850096678,1.14285612427491,2.37669186797795e-06
18.627085714276,1.14285849771123,1.14285612671658,2.37099465172363e-06
18.6308571428474,1.14285849446348,1.14285612915239,2.36531109232274e-06
18.6346285714188,1.14285849122352,1.14285613158236,2.35964115713472e-06
18.6383999999903,1.14285848799132,1.14285613400651,2.35398481329696e-06
18.6421714285617,1.14285848476687,1.14285613642484,2.348342028613e-06
18.6459428571331,1.14285848155015,1.14285613883738,2.34271277022025e-06
18.6497142857045,1.14285847834115,1.14285614124414,2.33709700592222e-06
18.653485714276,1.14285847513983,1.14285614364513,2.33149470330041e-06
18.6572571428474,1.14285847194619,1.14285614604036,2.32590583015835e-06
18.6610285714188,1.1428584687602,1.14285614842985,2.32033035429957e-06
18.6647999999902,1.14285846558185,1.14285615081361,2.31476824330556e-06
18.6685714285617,1.14285846241112,1.14285615319166,2.30921946520191e-06
18.6723428571331,1.14285845924799,1.142856155564,2.30368398823622e-06
18.6761142857045,1.14285845609245,1.14285615793067,2.29816178087816e-06
18.6798857142759,1.14285845294446,1.14285616029165,2.29265281048718e-06
18.6836571428474,1.14285844980403,1.14285616264698,2.28715704597704e-06
18.6874285714188,1.14285844667112,1.14285616499666,2.28167445515126e-06
18.6911999999902,1.14285844354572,1.14285616734071,2.27620500714565e-06
18.6949714285617,1.14285844042781,1.14285616967914,2.27074866998578e-06
18.6987428571331,1.14285843731738,1.14285617201197,2.26530541236336e-06
18.7025142857045,1.1428584342144,1.1428561743392,2.25987520274806e-06
18.7062857142759,1.14285843111886,1.14285617666085,2.25445801005364e-06
18.7100571428474,1.14285842803074,1.14285617897694,2.2490538029718e-06
18.7138285714188,1.14285842495003,1.14285618128748,2.2436625504163e-06
18.7175999999902,1.1428584218767,1.14285618359248,2.2382842213009e-06
18.7213714285616,1.14285841881073,1.14285618589195,2.2329187847614e-06
18.7251428571331,1.14285841575212,1.14285618818591,2.22756621015563e-06
18.7289142857045,1.14285841270084,1.14285619047437,2.22222646573123e-06
18.7326857142759,1.14285840965687,1.14285619275735,2.21689952173421e-06
18.7364571428473,1.1428584066202,1.14285619503485,2.21158534685628e-06
18.7402285714188,1.14285840359081,1.1428561973069,2.2062839104553e-06
18.7439999999902,1.14285840056868,1.14285619957349,2.20099518277728e-06
18.7477714285616,1.14285839755379,1.14285620183466,2.19571913229188e-06
18.751542857133,1.14285839454613,1.1428562040904,2.19045572946719e-06
18.7553142857045,1.14285839154568,1.14285620634074,2.18520494343899e-06
18.7590857142759,1.14285838855243,1.14285620858568,2.17996674445331e-06
18.7628571428473,1.14285838556634,1.14285621082524,2.17474110186799e-06
18.7666285714188,1.14285838258742,1.14285621305943,2.16952798570702e-06
18.7703999999902,1.14285837961564,1.14285621528827,2.16432736621641e-06
18.7741714285616,1.14285837665098,1.14285621751177,2.15913921297606e-06
18.777942857133,1.14285837369343,1.14285621972993,2.15396349667607e-06
18.7817142857045,1.14285837074296,1.14285622194278,2.14880018711838e-06
18.7854857142759,1.14285836779957,1.14285622415032,2.14364925432697e-06
18.7892571428473,1.14285836486324,1.14285622635257,2.138510669214e-06
18.7930285714187,1.14285836193394,1.14285622854954,2.13338440180344e-06
18.7967999999902,1.14285835901167,1.14285623074125,2.12827042278541e-06
18.8005714285616,1.1428583560964,1.1428562329277,2.12316870262796e-06
18.804342857133,1.14285835318812,1.14285623510891,2.11807921157714e-06
18.8081142857044,1.14285835028681,1.14285623728489,2.11300192098918e-06
18.8118857142759,1.14285834739246,1.14285623945566,2.1079368011101e-06
18.8156571428473,1.14285834450504,1.14285624162122,2.10288382285206e-06
18.8194285714187,1.14285834162455,1.14285624378159,2.09784295734927e-06
18.8231999999902,1.14285833875096,1.14285624593678,2.09281417529183e-06
18.8269714285616,1.14285833588426,1.14285624808681,2.08779744825804e-06
18.830742857133,1.14285833302443,1.14285625023168,2.08279274627188e-06
18.8345142857044,1.14285833017145,1.14285625237141,2.07780004157776e-06
18.8382857142759,1.14285832732532,1.14285625450601,2.0728193048658e-06
18.8420571428473,1.142858324486,1.1428562566355,2.0678505077143e-06
18.8458285714187,1.1428583216535,1.14285625875988,2.0628936210354e-06
18.8495999999901,1.14285831882778,1.14285626087916,2.05794861685149e-06
18.8533714285616,1.14285831600884,1.14285626299337,2.05301546651881e-06
18.857142857133,1.14285831319665,1.14285626510251,2.04809414139362e-06
